# 3ds Max Wavefront OBJ Exporter v0.97b - (c)2007 guruware
# File Created: 04.02.2020 15:14:44

mtllib s1-6k.mtl

#
# object s1_6k
#

v  -416.7637 520.7213 511.3881
v  -413.0624 522.1311 673.8721
v  -475.9871 594.5373 788.4095
v  -114.6916 985.1770 1226.8120
v  -25.4911 947.2072 1228.4840
v  -54.3151 967.1251 1109.5260
v  -89.2013 79.1394 -851.3969
v  89.4744 164.3488 -740.2986
v  -206.8833 162.2852 -678.4278
v  -153.3209 628.3242 -791.8989
v  -39.5858 634.0154 -843.1473
v  -20.6620 580.4169 -990.1544
v  406.5840 6.8827 -551.5316
v  373.7531 50.3843 -409.3875
v  281.7514 21.6355 -387.2818
v  105.2826 517.0778 -18.8913
v  -52.8028 530.2657 3.0352
v  57.6061 525.4020 88.5832
v  -54.2388 836.2074 539.2225
v  -34.0106 693.8289 196.7173
v  4.5034 839.2979 506.8284
v  -403.1306 1163.8180 483.6606
v  -399.5880 1155.1240 292.4111
v  -467.5850 1120.1281 389.4877
v  -174.5241 1035.5699 -380.3221
v  -25.5328 1004.9020 -456.5436
v  -2.1925 953.8515 -524.2198
v  -371.4156 591.3519 -269.0305
v  -255.9868 586.0566 -261.1545
v  -228.2358 582.8522 -142.9671
v  -789.4462 623.9868 1703.7140
v  -634.8696 685.2001 1659.1790
v  -722.2230 668.6683 1603.7209
v  -205.4072 297.8098 1394.8660
v  -214.5574 340.3233 1523.6240
v  -290.7515 334.5938 1612.9320
v  -531.8259 184.5612 996.1404
v  -407.8422 191.6389 1031.4200
v  -635.5112 241.8426 1233.4210
v  -399.0296 502.2041 627.2289
v  -259.0378 521.2079 994.1729
v  -310.4671 490.2474 748.6231
v  39.8440 874.3547 732.2220
v  101.4578 826.8911 772.9282
v  133.0678 779.2612 583.3639
v  -465.2880 683.6951 1298.0031
v  -179.5791 552.6418 1235.4490
v  -217.1189 600.4399 1340.5520
v  203.1628 257.6026 112.2169
v  73.0379 298.7087 235.7624
v  88.1946 298.2332 375.2243
v  139.4094 4.2747 426.3400
v  -165.0683 5.4955 161.7294
v  300.9622 3.5840 -122.2311
v  -321.7704 324.2146 529.3400
v  -394.2159 307.3713 522.1971
v  -369.3729 307.6630 712.2935
v  -358.4489 5.1888 436.3700
v  -695.4033 368.8201 2091.7290
v  -576.2553 388.0963 2050.1731
v  -577.3333 386.2624 1886.6010
v  -854.9060 7.0716 2145.5920
v  -764.1094 3.5979 1674.1600
v  -426.2007 2.8245 2181.4080
v  -243.8247 152.3121 -717.7960
v  -147.6938 64.1457 -946.4615
v  -150.2406 110.1482 -1431.1360
v  -181.5476 179.4452 -1355.6060
v  -114.2382 250.5137 -1373.5400
v  -246.2143 326.3344 1634.9790
v  -341.6425 359.2885 1848.2460
v  -101.1540 262.9658 1374.5420
v  -224.0347 4.3754 1685.6040
v  287.5253 400.8583 -240.3488
v  354.9012 317.6016 -448.0571
v  246.6763 405.1371 -346.5401
v  130.1944 4.3348 -438.0719
v  21.2416 12.7501 -852.8404
v  274.6280 4.6931 -716.9218
v  -773.3532 525.3735 1207.9530
v  -802.8481 517.6931 1304.1860
v  -762.2305 595.5165 1320.4590
v  -233.8051 414.0236 521.7233
v  -174.2536 413.9814 559.1612
v  -157.6136 361.6079 535.8662
v  -63.3353 644.2239 -351.3059
v  -19.9218 684.0817 -432.7842
v  101.5107 693.6850 -347.8862
v  150.4476 952.3748 -3.4896
v  107.8465 961.9576 30.1724
v  125.5912 944.0657 -64.8840
v  -384.4925 841.6031 695.4764
v  -473.7144 752.4470 709.4836
v  -417.3169 868.9774 814.6424
v  200.1223 675.9907 391.8908
v  133.3146 702.6796 336.0621
v  95.9757 792.9247 514.7659
v  281.7488 313.9589 -732.7603
v  227.9015 328.0623 -602.5327
v  299.6348 189.6742 -875.7378
v  204.7661 504.2335 -1096.3040
v  294.4160 451.6353 -1053.5520
v  262.5554 451.7090 -1222.5551
v  39.7988 1060.1230 80.0372
v  -96.2140 1158.3490 61.9727
v  -37.1471 1142.6830 146.9324
v  -63.0470 1168.8361 722.6085
v  -105.2766 1106.7070 751.5988
v  -42.9390 1123.9780 761.2478
v  -333.8918 212.7909 -435.5789
v  -394.6957 356.3106 -156.6494
v  -340.7080 323.9987 -285.0871
v  -405.6662 243.7270 137.9437
v  -391.1605 303.4505 401.0740
v  -469.6019 276.0559 251.7001
v  342.7310 144.9152 -1315.4590
v  269.8192 77.2268 -1282.1930
v  267.5210 156.5460 -1367.1550
v  435.0157 178.3867 -1154.1910
v  400.9398 339.6528 -1102.4709
v  376.3261 269.1242 -1020.0100
v  -178.1588 508.0030 1073.0310
v  -46.3117 428.1463 1054.4690
v  -101.4245 472.4975 1004.7010
v  -534.2478 651.5610 1781.2090
v  -320.0887 282.0468 -929.8275
v  -351.7493 414.4730 -832.1909
v  -265.3199 371.9785 -1038.8680
v  -443.7242 543.4180 -299.9183
v  -369.5398 598.8002 -461.0204
v  -466.7265 549.2211 -398.7209
v  139.1043 485.0099 758.0154
v  162.1854 588.2280 836.5882
v  89.7208 497.3167 878.5579
v  69.7546 399.9154 634.3785
v  29.9138 391.9452 556.9364
v  132.6085 396.3884 483.5078
v  18.7670 315.8471 259.6172
v  -160.8307 312.0706 212.5506
v  -32.5618 297.5076 111.3792
v  143.7277 488.0420 173.3161
v  182.0744 496.5073 4.5385
v  -450.0989 163.7356 89.9552
v  -498.4900 110.6368 216.5650
v  -514.5778 187.0822 365.2313
v  -205.0994 81.5709 -358.8173
v  -270.4532 123.7659 -310.9862
v  -36.5808 186.3119 -194.8458
v  240.6792 173.9713 -748.1262
v  116.7380 103.0560 -820.0032
v  244.2457 282.1012 -613.5378
v  -338.9754 437.5618 -103.1719
v  -202.2020 481.7401 -105.2334
v  109.9637 655.2695 -443.9746
v  161.8000 615.6918 -355.4208
v  159.7114 610.2491 -422.1550
v  -341.3906 578.5809 -290.8566
v  -321.7683 518.9861 -201.1839
v  -217.0632 545.0679 -175.6647
v  -534.0976 993.4057 328.9333
v  -482.7072 1031.6270 147.7474
v  -528.3687 929.3831 229.6001
v  -202.2744 977.5250 -463.0924
v  -137.1968 914.0041 -539.0184
v  -308.0573 897.2089 -511.6106
v  -52.8064 669.7007 163.3553
v  -163.3116 733.2350 369.6576
v  7.8725 762.5265 355.6335
v  62.8930 492.9563 211.1430
v  170.4106 424.0715 354.0583
v  -12.1793 427.6068 360.1884
v  -497.5189 384.1591 1808.3430
v  -490.2820 412.9972 1841.3810
v  -737.1510 382.0363 1790.0590
v  -729.1498 271.7415 1281.6040
v  -604.8552 207.0540 1027.7830
v  -148.4904 970.5852 735.1805
v  -255.3019 978.8286 741.2516
v  -302.7495 904.7870 724.7411
v  -488.3673 789.5779 166.2606
v  -525.1389 833.7293 188.5716
v  -500.3842 805.7783 60.8688
v  -699.6615 293.3529 616.5927
v  -635.1189 379.9579 531.6038
v  -690.9979 300.3169 527.3489
v  -468.8746 271.3521 810.3922
v  -268.9652 331.2803 714.4506
v  -277.7295 301.8279 859.3256
v  -36.7928 301.4240 935.7391
v  -147.8020 288.9501 952.8494
v  11.1511 251.3665 1085.4821
v  111.9172 254.6731 686.2750
v  146.9652 180.8928 724.3826
v  181.4744 213.0510 509.2905
v  -421.0983 101.2616 1051.2100
v  -329.0409 186.5219 1067.8040
v  -321.4120 122.7852 1068.5000
v  -731.2100 199.8301 1196.5861
v  -678.3904 172.4417 1043.7500
v  -741.7106 161.9669 1129.3929
v  270.5812 170.4103 -1373.1000
v  214.4458 155.6918 -1374.3199
v  161.1752 228.2850 -1386.4680
v  124.7543 523.7252 -1115.1210
v  159.4168 447.9388 -1261.9580
v  -453.1197 994.3907 1114.2900
v  -311.4404 961.3412 891.9728
v  -370.0955 923.8765 854.7100
v  -513.8317 730.8522 1328.1930
v  -361.1707 677.6672 1381.1270
v  -531.9027 788.8220 1379.7200
v  -797.6100 263.4140 1588.1260
v  -722.8134 261.5963 1404.3280
v  -817.7355 25.7001 1694.7990
v  -875.5738 36.7310 1894.1760
v  -889.2281 134.5926 1747.7540
v  -298.0990 443.5478 1839.0110
v  -346.3033 363.1005 1730.6460
v  -257.6107 406.9836 1739.0050
v  -265.0685 647.3210 1831.5360
v  -201.8740 577.8234 1790.6420
v  -182.8372 562.5121 1754.5010
v  25.8010 823.9784 1509.6360
v  55.5993 836.5496 1447.9430
v  -49.1887 898.5477 1434.3940
v  31.2553 546.0558 1093.7581
v  -19.2605 553.4363 1196.9930
v  -13.8113 492.5758 1022.4890
v  -497.2918 697.6878 -393.3077
v  -486.1190 713.3427 -330.2958
v  -456.1356 819.4074 -429.5984
v  -444.5235 673.7915 -253.9615
v  -458.0970 660.5204 -320.7268
v  -374.1166 4.0205 761.7034
v  -77.8596 2.5899 903.5968
v  -212.4224 5.8347 980.9880
v  -581.3759 198.5596 634.9541
v  -603.2383 115.2853 621.7778
v  -634.2231 107.9602 712.6740
v  -607.0542 687.4780 1347.3920
v  -526.3899 691.2377 1326.9410
v  -564.3697 654.6971 1138.5320
v  -667.8625 533.4624 882.9258
v  -736.9538 538.5597 1093.0460
v  -52.2086 7.7199 -1434.9550
v  72.5685 8.8248 -1361.0081
v  -110.8804 7.0976 -1278.1630
v  -227.0962 104.6488 -1223.1949
v  -223.7770 76.9342 -1282.6290
v  -275.2598 33.7707 -640.3049
v  -238.9326 12.0320 -750.3679
v  -243.6005 12.8911 -557.4469
v  278.6969 185.6571 -170.5278
v  89.3545 234.7382 -93.3751
v  -162.5544 161.1215 -256.3029
v  131.4865 973.5090 -366.3779
v  -19.7169 1047.0150 -367.2901
v  61.9759 1004.0690 -324.3377
v  165.7951 881.4180 -248.6122
v  160.1656 824.2566 -202.4508
v  184.7018 809.1010 -290.8085
v  -383.6662 1130.8290 122.7596
v  -325.1075 1178.9611 209.0281
v  -329.9734 1130.6000 -0.5428
v  -117.6799 1205.8030 317.3185
v  -548.7109 895.5089 734.4010
v  -452.7100 836.1770 689.2722
v  -453.2622 982.6669 736.3237
v  -451.5352 1125.4680 585.5046
v  -527.7003 1085.0730 565.8130
v  -367.5683 492.2715 341.0681
v  -398.6676 462.5767 404.7222
v  -241.8317 453.7206 410.8103
v  -472.1323 328.7532 -11.7729
v  -434.4427 434.9586 27.4806
v  -426.9644 353.4484 -94.5439
v  -370.5895 434.1892 -195.8481
v  -405.7664 375.7475 -216.8832
v  -276.5266 484.0311 -165.5410
v  -228.9363 116.4576 -850.0184
v  -91.3227 336.3780 702.1042
v  -23.9827 307.0989 955.1206
v  18.4432 425.3746 1003.4590
v  -24.8139 438.7985 1113.6340
v  -28.7813 424.6421 1049.2531
v  -401.2870 534.7401 260.6483
v  -382.2000 571.5835 207.2375
v  -341.7244 540.7754 150.8923
v  -453.4494 697.2708 549.9355
v  -456.2658 616.8169 515.8081
v  -466.3663 724.9916 655.9957
v  -614.0900 309.2278 2284.6221
v  -464.1060 293.5143 2352.4470
v  -579.6626 351.7031 2224.6890
v  -121.0845 233.8396 1587.5170
v  -220.7715 264.4776 1863.3240
v  -175.4931 186.4606 1850.8840
v  -274.8726 850.4449 1453.4540
v  -188.7269 921.0226 1404.6379
v  -245.1804 952.1792 1367.7310
v  -511.9631 951.5684 1120.6040
v  -538.1721 855.5971 1036.9430
v  -576.3380 879.2755 1129.7469
v  236.8573 511.8865 -664.8065
v  224.2862 433.8361 -536.3382
v  264.1908 391.3977 -665.5980
v  181.0153 571.4064 -681.2355
v  98.5215 636.4003 -716.0635
v  173.6797 595.8904 -627.0253
v  118.1583 261.3474 -1.9375
v  23.7149 307.1421 194.9933
v  371.1393 261.7782 -246.2063
v  399.5674 266.5529 -226.4143
v  340.7977 298.5996 -143.4062
v  18.6367 641.1943 -157.2221
v  125.1120 702.1086 -302.3249
v  80.1123 679.3968 -157.5574
v  65.2388 806.5605 300.7279
v  36.0501 829.9070 436.1346
v  28.8802 749.9372 265.4989
v  -219.3528 326.5060 472.1571
v  -137.3383 309.7368 221.0819
v  -345.2420 310.1198 429.2966
v  -335.5680 108.3318 -304.3993
v  -360.3378 167.6792 -147.4936
v  -274.2744 184.3355 -176.2426
v  -749.4130 340.1649 2166.1431
v  -721.7257 305.1802 2251.5969
v  -638.9572 4.9216 2247.2549
v  -936.0378 535.2997 1722.3510
v  -921.5051 505.4688 1624.4010
v  -959.5435 463.2205 1683.5510
v  -819.3430 365.2201 1749.7850
v  -888.7061 411.5118 1785.0389
v  -858.7866 357.8637 1675.7450
v  -60.2437 46.5041 1034.2870
v  -67.0234 13.9705 964.6099
v  204.8028 93.9346 493.3862
v  163.1365 31.1805 511.5138
v  266.0357 42.1713 226.1539
v  74.6433 1120.3740 559.7415
v  67.6398 1103.2700 487.6461
v  -5.3269 1203.4290 563.9330
v  92.5346 885.6846 303.5467
v  72.0444 939.6147 535.7158
v  -530.0616 688.0568 1058.8090
v  -518.9592 714.0963 904.0444
v  -476.6763 623.5356 666.7051
v  -549.0014 858.2429 1094.6050
v  -547.9478 769.0022 1051.7830
v  -553.7013 741.6274 1182.2910
v  -513.9905 371.8925 -293.4339
v  -490.5259 387.7764 -226.2191
v  -582.1145 384.6185 -309.4851
v  -555.6204 441.1749 -374.2953
v  -559.0827 468.6047 -312.8590
v  -505.0217 508.5038 -442.5768
v  -303.2514 68.9804 -379.7062
v  -378.1641 4.5823 -114.4459
v  -336.1804 7.4837 -308.8842
v  -109.9579 563.5267 -985.8090
v  -290.5595 497.0239 -872.3975
v  -405.6345 498.5763 -662.1712
v  -365.3725 558.6843 -650.9841
v  222.8943 395.3027 473.3723
v  173.4017 410.2632 566.9243
v  268.9249 572.3073 302.8167
v  184.0828 619.1473 252.3710
v  -298.0969 648.8630 1403.0990
v  -310.4193 676.5891 1616.9360
v  -250.9436 622.1936 1462.3719
v  -498.0113 710.7323 1506.9960
v  -604.3105 701.0618 1475.0850
v  198.1037 140.4717 -810.2427
v  153.2080 53.4166 -935.5272
v  261.2548 85.8204 -968.2081
v  -20.0069 4.7462 -1015.5530
v  -75.3744 4.0865 -1124.8300
v  167.1568 593.4460 -354.1959
v  180.6337 607.4540 -291.7345
v  130.7226 530.1931 -269.0332
v  -75.9817 462.5948 -200.5039
v  -220.7688 438.5212 -172.6136
v  -347.9112 317.8178 -303.4465
v  290.6887 92.7530 215.2761
v  245.1579 229.6665 -30.5543
v  117.5195 270.4286 64.8404
v  -543.5967 402.9307 512.1942
v  -658.6588 292.5973 479.2511
v  -331.0015 327.8901 602.0643
v  -440.0299 294.3242 629.7557
v  -541.3273 236.4901 674.6385
v  -613.8267 208.3279 787.6113
v  -479.4129 270.1068 753.9914
v  -364.4629 136.7094 1014.7740
v  -220.9580 154.2534 1063.0780
v  -182.8716 232.5714 1042.4659
v  93.6076 719.3808 1323.8870
v  49.5934 871.3867 1344.9280
v  75.4157 775.6889 1357.0179
v  149.2893 746.3179 814.8011
v  128.9448 682.2646 968.4493
v  147.9804 691.7792 891.5126
v  89.8614 495.5675 195.9145
v  -63.7821 450.9918 310.9457
v  129.7640 397.3183 402.0571
v  119.6890 298.7990 425.1042
v  176.8707 325.7156 415.7962
v  57.2742 307.6386 490.7372
v  302.5051 244.6904 -42.8758
v  284.3385 312.2051 13.2844
v  189.2199 312.8511 145.6989
v  248.4884 361.1382 246.4105
v  221.0581 371.2468 265.6566
v  242.1772 379.5292 208.5543
v  92.8153 733.7724 -484.6880
v  165.8133 747.0269 -432.4426
v  132.4378 969.9238 -460.5576
v  141.4469 920.0936 -541.1999
v  73.1037 513.1263 192.9768
v  -36.8457 489.2152 246.5782
v  5.3771 520.4729 172.0000
v  -257.1869 574.0828 74.4894
v  -353.7046 631.9758 108.7737
v  -189.2696 634.7466 101.4406
v  -81.8280 201.9897 1159.3190
v  -131.6658 254.4567 1247.9980
v  -40.9313 224.9706 1251.6200
v  -73.2612 164.4694 1553.2419
v  -128.5462 173.8806 1707.7860
v  -117.1380 124.9520 1634.4120
v  -684.5558 256.5565 997.5237
v  -738.0923 308.6895 1073.8510
v  -759.2150 359.5667 984.4163
v  -638.3995 203.1709 611.0356
v  -686.7537 233.9472 731.0165
v  -722.1249 289.9887 679.0397
v  -337.1723 126.7120 2417.9529
v  -421.2277 49.6781 2335.9160
v  -357.6805 26.8316 2228.5391
v  -244.5353 190.1451 2270.1650
v  -248.3128 194.6628 2212.4109
v  -321.6463 295.1900 2270.7419
v  -286.6444 128.0019 -313.9794
v  -351.0183 142.9118 -254.2389
v  -359.1544 138.5499 -308.9551
v  -404.3914 197.4818 -100.8694
v  -442.0522 248.1841 -54.3836
v  -953.7197 242.9232 2201.6851
v  -1000.4950 188.4925 2264.7151
v  -911.8086 246.9319 2254.2581
v  -1019.1710 138.7122 2143.8550
v  -1014.5860 176.2664 2187.3479
v  -924.6484 268.8775 2124.0640
v  -109.2057 683.0609 -597.2587
v  27.1950 681.1628 -649.2698
v  -113.4075 661.8459 -713.4193
v  147.4283 635.1981 -576.8972
v  51.4175 701.0328 -510.2413
v  -808.7545 88.6101 1293.7090
v  -855.4169 104.7849 1396.4360
v  -821.2097 98.7697 1292.9160
v  -139.6741 6.5544 1155.2000
v  -647.7740 4.4797 1209.2531
v  -645.4568 6.3486 1031.7710
v  63.8750 66.6232 886.3464
v  37.8897 89.5843 1024.5551
v  -10.6653 46.8039 1002.5040
v  110.1681 190.2369 864.4449
v  82.6802 253.3479 847.3821
v  481.2873 28.5807 -598.4195
v  484.6656 100.1459 -522.2484
v  443.7330 37.0237 -509.3911
v  413.6322 245.9962 -542.0236
v  315.3058 332.1946 -486.7030
v  -599.8644 898.8182 637.6315
v  -514.9897 814.6979 607.1906
v  -552.7530 872.0551 717.5375
v  -501.6593 1068.4630 323.0960
v  -305.5357 721.9056 360.2468
v  -356.0371 755.4086 477.3551
v  -392.5207 717.1908 346.7283
v  -453.8190 755.0739 331.4072
v  -463.2257 769.6229 487.4375
v  -518.2888 819.7253 441.7630
v  -442.5599 797.0441 1416.6340
v  -334.2245 697.0212 1415.5890
v  -465.3477 1021.7940 1227.2490
v  -598.1666 983.8509 1333.3380
v  -491.1195 1001.1370 1334.5750
v  -168.2945 6.5099 -1423.4110
v  -186.4972 12.1051 -1336.3080
v  -107.4819 95.1565 -1458.7440
v  -62.0808 234.1929 -1409.9320
v  -10.8227 145.6151 -1441.2791
v  -270.9440 454.9372 486.6488
v  -220.1507 458.2543 581.8902
v  -366.9055 486.8091 571.2898
v  -30.6756 446.6215 856.1790
v  -90.0449 551.1523 1252.3500
v  -443.8084 245.2226 78.8890
v  -496.2834 307.4610 180.5342
v  -577.8621 372.4913 227.3569
v  -580.8043 375.0035 286.3511
v  -544.4907 444.5302 301.0013
v  29.8263 641.3014 1332.4830
v  -13.2170 657.3833 1454.8280
v  -64.4544 589.1267 1343.1400
v  -180.8955 817.0787 1485.3850
v  -231.0561 834.6914 1471.8180
v  -147.3437 692.8163 1482.1090
v  -197.2936 384.1838 1562.7440
v  -122.4698 335.7084 1292.1870
v  -149.2112 394.9139 1434.7629
v  -255.1190 637.4050 1657.1440
v  -191.9129 543.2423 1630.8600
v  -229.6680 605.0203 1561.5640
v  -381.6139 593.6414 -377.1652
v  -436.3373 611.2056 -453.1637
v  -441.0336 798.7170 -524.0285
v  -370.6904 930.2768 -421.2287
v  -711.1885 307.2745 1628.2930
v  -759.1807 313.3902 1698.0510
v  -471.9726 487.4026 597.3914
v  -493.5261 538.9951 717.3000
v  -569.8684 608.2962 960.7190
v  -499.4064 637.3066 1085.5890
v  -56.1490 529.3234 -181.0268
v  -164.9538 558.4259 -158.9713
v  -124.6273 520.7520 -183.8431
v  77.0983 621.1899 -145.2583
v  55.4399 652.2617 -208.6520
v  15.6769 613.5514 -151.6387
v  -148.1053 1223.0601 556.7651
v  -260.2979 1201.0190 565.2627
v  -50.8393 1205.4670 652.4424
v  -177.9801 1213.2990 297.9112
v  -209.9768 1165.4041 15.4709
v  -231.1420 1198.1710 194.1223
v  22.6738 366.4489 846.5888
v  24.2413 403.8960 838.8273
v  5.9787 401.8191 904.7758
v  -140.9807 431.0725 585.6423
v  -22.7300 428.7132 682.7079
v  10.6302 393.6880 638.2691
v  -152.3128 5.4327 -486.6053
v  -227.3268 2.6369 -698.2332
v  -49.0477 13.3329 -874.0545
v  -198.3723 252.5123 -490.6467
v  -31.9716 349.3943 -391.3878
v  66.1563 215.8629 -649.9310
v  -287.4920 800.2150 583.3638
v  -448.6665 608.1255 426.7296
v  -438.9897 664.5962 413.5777
v  -423.3589 557.9739 300.7345
v  -265.6967 174.8317 1066.4130
v  -261.8249 137.8510 1049.9270
v  -165.7630 152.9740 1081.0880
v  -641.2628 175.5238 899.8061
v  -590.1347 187.1429 928.6201
v  -494.3768 227.7449 910.3130
v  270.1143 40.0943 -1137.6840
v  178.8678 16.2528 -1075.8040
v  419.9925 135.1991 -1198.2480
v  345.6566 100.6624 -1092.1281
v  -252.6833 135.7226 -943.6241
v  -199.8310 104.9117 -986.5962
v  -246.7029 144.0412 -1127.3640
v  -277.6168 189.5160 -1025.2040
v  -237.8828 239.6140 -1138.3220
v  -535.0123 458.8909 1849.4290
v  -640.7526 519.5867 1844.3900
v  -746.7654 445.3396 1812.6610
v  -403.9653 645.2287 1841.2590
v  -329.4524 629.9183 1889.8430
v  -324.3417 666.3146 1815.6429
v  214.0690 432.1039 220.9769
v  235.3237 388.1066 233.4144
v  224.5009 459.0585 125.6394
v  355.8169 320.2519 -307.1869
v  354.1092 300.0114 -171.5055
v  45.3047 140.8927 1263.2430
v  18.9445 159.5699 1302.3929
v  -15.1241 117.2017 1296.2290
v  -245.4658 32.5456 1064.3459
v  -397.0099 66.9509 1041.4650
v  -296.7577 74.5052 1067.1410
v  179.9675 557.2708 -850.7310
v  290.3411 442.5967 -853.5980
v  212.8777 517.1235 -955.6097
v  333.3882 303.2857 -915.1456
v  345.7973 216.0986 -958.1004
v  341.7317 388.9489 -968.5413
v  -869.5461 132.8076 1641.6360
v  -849.2480 128.3367 1593.5520
v  -834.6555 65.7810 1623.7830
v  -799.6643 209.6813 1439.8260
v  -833.5993 220.4823 1620.9470
v  -473.7420 470.8918 362.0154
v  -387.0985 510.0614 217.8811
v  -480.4063 481.5788 224.5565
v  -333.9532 510.6720 78.9405
v  -259.3299 522.7252 110.5595
v  -299.7449 441.0378 520.5550
v  -239.5919 420.5017 494.1702
v  -163.0251 416.4072 559.5221
v  29.5683 315.9348 388.9513
v  -699.4331 263.8824 1349.2860
v  -812.3557 324.4172 1545.0560
v  -858.8220 435.2542 1433.1360
v  -890.1477 441.0081 1517.9290
v  -854.3421 534.3831 1496.8380
v  312.8825 128.9456 -233.1271
v  52.4844 63.3592 -329.1895
v  229.9565 55.3528 -315.4126
v  -393.0613 142.1700 -126.0570
v  -471.8479 103.9345 105.8098
v  -412.4362 189.6498 33.1480
v  -385.3801 14.9756 -242.8584
v  -52.0411 907.7055 672.1669
v  41.3259 962.5559 650.2779
v  43.1425 1022.0540 718.9031
v  81.4173 1163.0310 680.1716
v  123.3480 1108.8149 712.1025
v  125.6265 1125.7490 666.1670
v  -231.8825 84.8214 2023.3060
v  -310.0658 47.7097 2194.4561
v  -137.0266 45.1180 1608.1490
v  -299.8481 170.4758 2389.8030
v  -309.4812 99.7268 2332.6040
v  -274.5818 162.8420 2304.9131
v  186.0843 704.9777 645.1103
v  220.2867 660.3931 434.2121
v  262.2774 575.2425 467.1122
v  -486.4371 100.2219 166.8467
v  -486.1169 79.1376 281.4548
v  -526.4286 111.2982 331.9311
v  -505.2848 3.9921 699.2955
v  -590.3446 17.5760 801.0207
v  -551.0782 32.5600 625.3401
v  -468.9354 180.1265 2419.1221
v  -594.3129 167.6917 2370.8989
v  -524.0258 64.2870 2350.0701
v  -803.6414 100.2779 2305.9160
v  -762.4348 158.0448 2333.6541
v  -852.2743 150.2312 2317.7371
v  -45.0272 1089.0250 -211.1694
v  70.0218 1008.5480 -165.4846
v  70.6868 1019.7210 -232.1759
v  188.5799 923.3312 -172.3032
v  158.3236 947.8924 -65.5336
v  144.8280 929.3991 -134.3700
v  -122.1252 313.9004 868.8809
v  -48.8172 319.9605 371.9097
v  -378.2767 1023.1900 1256.2400
v  -151.4664 989.3895 990.5188
v  -283.2718 1012.2890 1062.6390
v  -236.8378 1017.4490 1163.7780
v  73.9479 138.8830 -247.8474
v  24.5362 74.5391 -317.2484
v  296.9484 196.8277 -116.8673
v  329.3124 192.3742 -63.8634
v  363.2256 161.0978 -158.6849
v  -380.5131 1076.2650 -70.0019
v  -330.1400 1027.8440 -279.9308
v  -431.5126 951.5273 -233.0988
v  -456.7399 853.6263 -320.6766
v  -473.9826 834.3301 -235.0099
v  -413.0605 329.7356 -277.7014
v  -436.9870 312.8900 -330.2206
v  -376.7505 273.7911 -446.3398
v  -486.8606 438.3623 -521.9413
v  413.6295 181.7696 -1339.5551
v  471.4518 194.5296 -1294.7450
v  384.4950 106.0644 -1238.3710
v  382.8036 337.9220 -1345.8590
v  290.3650 327.0078 -1362.8250
v  267.6526 390.3288 -1324.1990
v  14.8906 534.0826 155.6507
v  -76.1096 549.2180 120.2832
v  32.8706 624.3401 167.8524
v  274.5401 516.1293 245.3749
v  167.8433 496.2292 204.1721
v  163.8427 600.9780 215.9637
v  37.1497 265.8066 1008.0460
v  82.7284 185.3239 1086.6940
v  -294.3695 72.5238 1032.1530
v  -156.4756 42.6254 1031.7321
v  -116.5876 100.2777 1072.4120
v  -348.4181 953.9009 736.2003
v  -438.1189 931.1945 718.3560
v  -126.6332 1196.9200 660.3718
v  -222.0779 1174.9590 646.8415
v  -163.3037 1094.7290 736.4357
v  -468.8591 186.8601 1049.1541
v  -501.2489 127.9352 1032.8790
v  -629.1849 161.2873 1017.3540
v  -731.6992 26.0227 1218.7850
v  -726.1227 55.6671 1116.5730
v  48.4066 508.1468 -111.7220
v  149.3412 477.9407 -190.3438
v  171.7405 360.5575 -472.2080
v  199.6856 38.3783 -803.5913
v  288.7319 92.2397 -773.8989
v  324.4921 47.9528 -763.8055
v  465.5775 165.4383 -558.0402
v  499.6320 153.6855 -603.1208
v  434.4883 205.6465 -644.1467
v  -726.5732 321.1615 887.8436
v  -745.7267 349.4956 938.5518
v  -735.3390 330.4110 833.9202
v  -714.6915 450.7676 846.3424
v  -729.1329 497.3314 976.8924
v  -665.0778 453.6920 712.4709
v  -405.3981 644.8978 -148.3684
v  -478.4746 900.8940 -84.9615
v  -491.3193 782.6388 -63.0209
v  -499.9274 802.4656 23.9353
v  -692.8931 117.2172 981.6052
v  -613.8586 110.5325 972.3766
v  -616.0621 114.3555 1012.1560
v  -588.9376 104.4947 579.9684
v  -618.0746 67.5134 759.1553
v  -6.3000 619.6409 1317.7450
v  -12.1216 586.9514 1261.0190
v  85.9745 684.9558 1225.8120
v  95.9147 702.0546 1197.6110
v  103.0734 766.8512 1120.3700
v  80.8828 807.7533 1180.7061
v  -575.1069 1037.8040 546.9633
v  -588.2011 900.0994 508.5626
v  -608.4247 907.5159 557.9393
v  -609.4092 995.7285 645.8088
v  -610.0402 975.6387 686.4705
v  -520.9731 1063.5210 654.5569
v  -478.3696 190.0316 975.2241
v  -547.0046 224.0799 913.1317
v  -242.1074 242.0056 1012.7560
v  -100.0317 814.7358 1514.3060
v  -25.2236 836.6488 1512.4600
v  -65.8448 690.0754 1505.2791
v  -0.4151 712.1080 1515.6160
v  -65.0446 756.6753 1536.2300
v  -546.1601 952.1892 1196.3621
v  -605.8587 922.1927 1229.3810
v  -613.7929 860.5388 1319.4680
v  -606.1241 866.6532 1239.9240
v  -577.4466 782.4077 1274.6790
v  66.6477 386.3930 758.1080
v  52.1076 377.8615 692.2785
v  102.3336 388.5087 714.1171
v  -77.2471 343.3463 524.8498
v  -27.8060 360.2914 602.0400
v  -101.6706 353.0752 561.7736
v  -240.3604 977.8221 907.4365
v  -133.5620 963.1241 871.2375
v  -263.2752 872.5879 686.8950
v  -10.5127 850.0770 562.0416
v  -318.0270 513.4185 231.7343
v  -228.0291 465.9999 363.5060
v  -364.9860 498.4781 359.5781
v  134.9949 519.0524 -363.6609
v  49.9572 487.9204 -284.5753
v  160.2737 505.2244 -387.7242
v  177.5624 328.1003 -537.3331
v  26.3923 444.1273 -275.1183
v  -6.8603 251.6802 -573.0587
v  138.0301 829.3600 -565.8692
v  88.5903 826.3876 -570.6760
v  109.4937 877.9451 -564.4124
v  -137.5185 768.5296 -575.6628
v  -222.4973 853.1125 -559.3342
v  -210.7740 80.4425 -780.8701
v  -133.3011 79.1821 -854.8626
v  -201.5122 76.3455 -843.1104
v  -271.3075 64.9793 -726.5487
v  102.2296 346.9944 -1364.0811
v  -29.4962 446.9486 -1223.3660
v  -97.5466 502.3987 -1101.9250
v  29.3003 514.9152 -1138.7030
v  -137.5874 631.1074 1423.9780
v  -196.0589 154.8154 1085.4010
v  -47.4984 85.2397 1120.8120
v  20.3448 92.7235 1149.5590
v  -30.3224 41.1998 1174.4420
v  -983.9333 471.6420 1723.4490
v  -460.8111 228.9362 283.1415
v  -526.5667 226.1612 515.1219
v  -444.8984 675.7001 1781.1400
v  -394.8646 691.1332 1448.8640
v  -419.3107 707.2849 1569.2870
v  -451.2295 43.9792 123.8105
v  -402.6726 13.5320 66.0972
v  -451.5728 16.9901 328.0658
v  -432.6319 77.8528 -83.4387
v  -416.7938 56.3981 -20.6491
v  -441.3733 81.9905 -7.7829
v  -701.6445 277.1254 633.9190
v  -712.6292 259.5413 574.1949
v  -563.8853 265.7179 470.2670
v  -490.2850 296.4507 472.6454
v  -583.7364 212.3302 536.0630
v  23.8230 659.3885 -27.9686
v  1.5910 695.9222 162.5212
v  -71.8517 632.4907 37.4670
v  -300.5931 620.9933 18.8388
v  -194.7209 603.2090 -6.2600
v  -195.8749 652.8732 132.6455
v  -344.4285 670.0981 171.5701
v  -399.5610 614.9810 178.3557
v  -445.6335 631.8006 244.7082
v  -462.3200 629.6501 170.4364
v  -303.9294 695.3638 -589.7131
v  -295.3078 703.7335 -617.6351
v  -229.2603 729.3864 -587.7441
v  -390.9901 669.8239 -598.1503
v  -391.4407 638.0671 -634.6044
v  -444.0932 649.9492 -580.7057
v  -151.1033 5.6661 1410.3380
v  -103.3132 41.0212 1454.8240
v  -35.1382 62.8157 1280.6260
v  -55.3611 87.5781 1416.5179
v  -595.1934 382.1074 328.8657
v  -541.7521 438.1447 375.8729
v  -434.3551 347.1036 428.9958
v  -509.3838 335.8427 370.9922
v  -118.1378 472.3596 1292.1429
v  -96.6634 455.8153 1217.8450
v  -201.1376 564.3502 1298.7950
v  -111.9079 454.4467 1283.1570
v  -89.6920 446.7246 1219.8719
v  -62.1822 471.6960 1263.0850
v  147.1967 322.5632 483.0378
v  180.7693 340.6053 441.5748
v  185.3948 307.5234 504.3356
v  181.1223 385.6279 438.0414
v  173.4500 420.9940 321.4346
v  117.0533 461.3035 281.3684
v  -132.3873 1081.9210 -284.7249
v  -161.5621 434.6145 -1137.5500
v  -83.6066 366.1875 -1290.0150
v  -167.9567 279.7720 -1296.4351
v  -334.5016 144.8265 -426.4670
v  -318.0941 123.3956 -533.3245
v  -299.8196 73.4264 -392.1280
v  -410.4060 245.9624 -238.6913
v  -451.6647 296.7483 -97.2439
v  36.9208 684.9381 -390.5789
v  -184.5233 655.6452 -501.6288
v  -63.0282 639.7458 -356.8401
v  -53.3103 694.8256 -522.2379
v  -984.1943 135.3122 2095.2510
v  -922.0514 33.8967 2142.3430
v  -994.0772 85.5609 2247.7549
v  -833.4586 22.0685 2237.3401
v  87.0357 1068.2180 655.6752
v  74.8462 1008.6250 513.0282
v  87.7469 1053.4200 419.5107
v  90.9461 1080.1960 490.6320
v  287.1999 437.4182 423.4866
v  255.9178 387.8275 334.4648
v  315.0002 437.8978 363.9719
v  267.8024 413.7596 217.3626
v  206.7191 469.4799 163.7323
v  298.0259 376.2652 229.0576
v  -302.6724 226.2936 2437.3120
v  -325.6322 281.3228 2347.3230
v  -372.1209 291.5867 2365.2820
v  -370.4653 360.9101 1755.4200
v  -473.6258 388.9063 1971.3080
v  -240.1136 130.3331 -1141.6680
v  -268.3490 162.2247 -1069.6700
v  -263.9220 129.5486 -1114.8409
v  -254.4265 66.8671 -1260.0870
v  -250.9285 36.8858 -1310.2560
v  -216.5888 54.7446 -1297.6710
v  -313.5081 284.3385 180.7863
v  -162.9438 289.1811 85.7251
v  -189.0141 233.2318 -93.3633
v  140.6763 453.4926 654.9919
v  243.8694 580.7749 511.3325
v  236.2515 630.3093 510.6676
v  229.9005 538.1419 614.1483
v  266.6609 214.2971 149.1899
v  329.0207 58.7438 58.4259
v  352.2139 81.7058 4.5716
v  329.3729 134.1711 109.8923
v  330.7570 28.1518 -60.4351
v  263.1600 12.2338 128.2867
v  426.7333 101.2885 -128.9820
v  460.3044 113.6562 -145.0670
v  444.0280 106.4360 -89.9901
v  132.3584 733.1435 -184.6865
v  111.4728 875.6710 94.0292
v  94.9588 949.2728 140.5029
v  91.5773 806.6953 162.9501
v  -392.7338 259.9098 2408.3721
v  -518.8467 180.3598 2444.2759
v  -364.9742 531.5105 -230.4858
v  -413.2588 482.2517 -212.4882
v  -476.4814 470.4213 -211.3625
v  -404.2143 325.6198 498.0231
v  -444.4876 295.1359 513.1139
v  -323.1157 353.6652 505.3503
v  -239.3958 361.5826 523.8035
v  -285.4835 338.1438 476.4815
v  91.6056 85.9090 -1410.3929
v  21.7744 61.9024 -1431.6340
v  120.9785 108.9777 -1411.1660
v  19.6048 193.2164 -1425.9940
v  83.5803 232.6167 -1402.6150
v  222.1362 325.1369 85.6126
v  295.7122 347.5052 3.0620
v  275.6909 364.6187 53.5654
v  255.1161 445.1098 -75.0894
v  259.4737 435.3939 12.4431
v  303.4827 362.6822 -56.2645
v  -274.1727 231.9621 1178.2400
v  -452.9499 258.0776 1360.3440
v  -519.7053 266.0901 1426.5880
v  -614.8618 203.1732 1087.1270
v  89.9021 199.3022 1008.9570
v  136.4578 172.8633 850.5316
v  101.8218 185.5887 922.3640
v  132.6468 181.1793 777.2635
v  -560.5592 999.6666 717.6310
v  -284.0287 1046.1730 729.7079
v  -333.8036 1123.6920 659.9493
v  -360.8409 1016.3240 740.2228
v  87.2463 1006.7950 229.0143
v  125.6679 995.6440 169.1289
v  120.5455 1018.8110 269.6107
v  124.6297 1060.9740 435.3776
v  120.5715 1074.8580 488.3358
v  -301.8472 575.6025 1932.0229
v  -239.6266 533.1456 1939.6689
v  -246.7856 589.9928 1918.7150
v  -346.8214 530.5057 1918.7860
v  -443.7910 557.8286 1894.6390
v  -325.5867 480.8475 1892.0861
v  -444.1845 604.9416 -615.4595
v  -487.2902 618.4939 -606.0562
v  -523.0161 757.6848 -112.3382
v  -517.0268 784.7060 -13.7794
v  -537.4029 839.0385 193.4607
v  -532.1451 807.7838 117.8954
v  -561.0999 815.7017 203.5372
v  -185.8245 553.4946 -931.2174
v  -285.0786 557.2598 -792.7941
v  -266.2687 609.2021 -701.4124
v  -245.8062 640.8806 -609.1676
v  -421.8177 566.1927 -504.5564
v  488.1012 131.9946 -530.6993
v  511.3245 106.8356 -581.8954
v  305.5761 20.0091 -804.3551
v  400.9398 31.5697 -766.3649
v  295.8192 39.2121 -770.2529
v  365.2494 390.2504 -1145.6379
v  405.0209 341.0863 -1131.0520
v  356.2997 401.1660 -1236.2531
v  482.1991 284.5223 -1346.5260
v  529.9216 274.5760 -1299.8831
v  489.4144 220.6741 -1351.7729
v  348.4655 247.7785 -137.7563
v  334.2922 207.6278 -143.3655
v  359.6292 154.2222 -268.8302
v  316.5061 52.8165 -349.0332
v  -202.2617 336.5820 -343.0356
v  -321.0039 277.7260 -443.5196
v  135.2997 230.6480 -85.2455
v  -91.5688 274.6477 32.2574
v  -216.0702 285.8458 119.8604
v  171.0802 789.7620 -517.7827
v  117.3803 804.9633 -546.8184
v  -83.2665 775.4838 -565.2248
v  -143.3609 736.9747 -604.9380
v  -99.1863 754.8919 -609.0463
v  -947.6289 187.9850 2024.5480
v  -873.0048 255.2117 1918.4790
v  -927.8245 145.4455 1921.2180
v  -288.6137 807.1452 585.4600
v  -139.9897 736.1903 350.2804
v  -404.2782 789.6488 590.1265
v  -412.8698 555.0494 35.9112
v  -352.0728 526.3499 55.9663
v  -339.7168 549.7653 82.7054
v  -98.6571 557.9963 71.1847
v  28.5576 523.8876 122.6437
v  -36.8347 539.1233 128.4586
v  -828.8693 503.5006 1817.4170
v  -757.7686 528.7285 1841.4351
v  -697.8220 518.8390 1828.2729
v  -974.9152 488.2404 1822.7531
v  -921.5691 490.8634 1849.0470
v  -921.7349 488.9233 1796.4720
v  -101.4463 1224.2030 490.5432
v  29.8010 1190.8060 665.1924
v  76.5075 1156.3199 635.6614
v  87.0585 569.0410 -167.0083
v  95.8862 689.5360 -374.2075
v  122.3629 654.0286 -223.1020
v  141.5284 654.4564 -290.9598
v  -571.9846 869.9068 561.1562
v  -549.9412 842.9896 477.0371
v  -573.1902 887.2396 443.1501
v  -557.9016 1010.5400 459.8304
v  -456.5816 408.8543 -590.7047
v  -424.2671 458.2503 -650.6179
v  -437.1948 330.3519 -620.3184
v  -425.3510 257.3214 -730.3632
v  -396.2236 279.9857 -764.7590
v  -377.6590 247.2562 -808.6751
v  -648.2880 119.5771 956.3336
v  -711.0665 114.6584 937.7012
v  -694.0042 134.7113 981.6747
v  -653.9379 101.4233 699.9632
v  -702.3288 95.4977 750.3633
v  -663.0403 122.7207 728.7430
v  -342.5041 451.4323 498.7828
v  -222.2499 440.7995 534.1022
v  -249.7062 426.6051 488.3354
v  41.4122 391.2266 528.6876
v  -41.3205 403.0797 439.0821
v  -681.4176 624.0677 1183.7880
v  -873.4092 582.5387 1614.5770
v  -828.5928 617.8379 1622.7111
v  -501.7300 83.3646 1028.4490
v  -591.5473 67.9098 985.7575
v  -611.2481 108.1824 1019.2450
v  -444.9519 24.4985 1004.6470
v  -275.7941 6.3232 1064.5630
v  -559.8947 6.4248 993.4512
v  210.6765 911.2031 -492.9077
v  233.0419 812.8069 -555.1284
v  209.0968 869.1025 -411.7905
v  214.5592 801.2080 -469.3163
v  230.3617 875.4063 -451.8331
v  355.2112 411.6226 -918.3274
v  325.2123 406.0494 -888.5358
v  450.7342 320.6865 -1187.3840
v  486.4684 323.0687 -1198.5129
v  441.8889 354.6744 -1136.2520
v  -244.9097 495.2263 1848.1320
v  -277.5448 517.4613 1898.4120
v  -368.6704 109.2326 -239.1528
v  -405.6984 20.0978 -107.2424
v  -188.9418 469.1909 789.7114
v  -341.5826 549.8657 957.1364
v  -9.6366 415.2244 973.0040
v  -11.5336 330.6273 986.0340
v  13.8958 329.1072 891.2387
v  -95.4116 355.3892 1227.2430
v  -520.5236 321.9970 296.8847
v  -526.3798 364.5122 186.4555
v  -498.8085 347.1301 85.8077
v  -499.5254 410.8547 124.3981
v  190.1491 596.8489 905.5389
v  206.1189 563.2328 810.3174
v  112.4018 661.2203 1096.8669
v  141.2308 636.3848 1075.7419
v  117.6035 667.2546 1177.7830
v  314.8001 403.4427 329.0741
v  301.8640 420.1377 273.6860
v  334.7028 376.5365 273.7387
v  -884.6406 438.8883 1528.3160
v  -910.5944 422.3593 1558.1379
v  -918.8905 410.1571 1485.1470
v  -923.9990 429.8005 1711.9611
v  -525.8769 782.9427 990.5534
v  -498.9498 736.4095 685.3139
v  -516.8174 774.0552 792.8115
v  -516.7469 742.7172 664.7591
v  -639.7321 66.4037 951.7529
v  -663.5336 118.3178 966.9487
v  -347.3213 14.5408 987.4752
v  -139.2881 20.8283 -1123.8790
v  -208.3171 95.5911 -1088.4260
v  -555.1618 499.4625 655.2651
v  -588.7405 552.9730 806.9210
v  -796.3201 380.8244 1245.5439
v  -826.1463 412.3004 1310.7111
v  -805.4807 390.6240 1201.2720
v  -785.4676 383.7188 1133.0270
v  -764.9247 368.8152 1043.9280
v  104.6897 133.9477 841.3797
v  242.5147 153.1081 379.8786
v  -209.8012 188.6970 2014.4189
v  -262.6939 281.2993 1984.4650
v  -165.5993 77.2802 1785.0699
v  -291.3274 646.0817 -552.2537
v  249.1786 177.9570 -805.7930
v  -473.5484 674.1978 396.2796
v  -450.1407 676.0903 314.8071
v  -479.8051 678.0500 334.6050
v  -516.3945 779.3423 764.0117
v  126.3437 21.2077 -825.4460
v  29.1691 56.8584 -852.2998
v  112.7630 703.5844 1481.2550
v  89.6549 722.8402 1488.5620
v  86.4311 731.6536 1437.4460
v  301.4515 480.0910 -756.6828
v  276.7785 442.2683 -813.3653
v  324.5567 432.0092 -851.5428
v  267.4307 498.0234 -687.2408
v  260.8767 469.9707 -754.1680
v  -719.3322 106.5425 996.3292
v  -780.2176 74.5221 1065.3870
v  -726.9524 52.4267 1035.1090
v  -762.1807 75.5461 1058.4370
v  -771.3084 52.8099 1006.7790
v  -818.2002 116.5357 1400.9060
v  -788.1111 84.9169 1348.9740
v  -771.2719 37.8358 1433.0780
v  -675.9512 4.8639 1440.2900
v  -700.5150 367.5013 1893.8101
v  -677.3720 354.8242 1778.0720
v  -381.0360 700.0680 259.2556
v  -342.7473 671.1455 150.3845
v  -217.4634 694.8817 269.3392
v  -417.4847 691.1539 49.1697
v  -435.2930 714.0805 191.8731
v  -470.4283 755.6873 48.4494
v  -158.1592 328.2163 369.5699
v  -20.8433 327.1847 351.6920
v  183.6590 301.6486 217.4350
v  215.5065 307.1924 143.7994
v  252.0068 331.2306 129.6478
v  -59.9038 440.6600 899.5038
v  -22.1004 419.3428 973.5140
v  0.4802 412.1113 917.5110
v  -123.9596 439.1956 678.8260
v  -181.9665 461.9432 783.0415
v  -2.0232 422.0700 754.4049
v  287.3043 103.9363 -249.2664
v  286.5966 163.5230 -188.5346
v  392.6492 121.0003 -206.5816
v  370.5598 70.1957 -241.2996
v  438.3837 73.6913 -221.8355
v  420.8073 84.2711 -185.9819
v  -327.3982 860.4047 1447.0060
v  -330.8151 745.3902 1440.9830
v  -330.4220 1002.6280 1307.8000
v  -485.5777 962.4591 1377.0410
v  -393.0159 938.7877 1389.3850
v  -256.1809 126.6232 -668.7414
v  -224.9396 150.4679 -673.3143
v  -184.9620 103.0008 -760.1794
v  -261.9804 155.0301 -578.0590
v  2.0575 37.8561 1088.1770
v  -87.1005 59.1775 1049.1169
v  -65.2305 100.1916 1102.1030
v  11.3687 160.9874 1166.4840
v  6.2966 180.4915 1228.4301
v  -195.8866 552.7059 1722.6780
v  -219.5102 459.2048 1727.4370
v  -155.9593 501.3406 1474.1990
v  -165.9398 516.1496 1548.2180
v  147.7953 938.5825 -141.7846
v  53.5117 1039.1420 -12.4230
v  -31.3542 1112.2390 -31.7562
v  -224.3138 577.1449 -213.0020
v  5.0000 545.1266 -172.9793
v  -16.1295 589.3145 -125.4387
v  -58.3810 575.2399 -150.0537
v  -184.3385 86.4097 -1373.2170
v  -126.5862 4.7004 -1504.5710
v  -83.8949 27.9214 -1461.8840
v  -47.5508 22.5504 -1494.2841
v  -300.5097 136.2023 -1073.0580
v  -323.9368 170.7206 -995.7154
v  -375.9771 245.6104 -782.4905
v  137.9632 661.8718 -482.5921
v  188.6389 615.2017 -442.4754
v  173.5763 611.4734 -532.4816
v  196.1725 564.9178 -517.5889
v  178.8610 559.3941 -433.0212
v  41.6091 1088.7860 740.4808
v  -118.5457 1092.9440 757.3116
v  -23.2201 1050.4890 738.2819
v  -24.1269 1082.4110 764.4031
v  -324.7378 11.8851 -343.6606
v  -381.7810 18.4365 -345.3447
v  -355.8777 21.2516 -418.9136
v  192.8157 38.9338 -329.7372
v  -17.1362 15.0623 -372.5054
v  -3.2904 22.7453 -381.2849
v  519.1631 102.6992 -675.3500
v  484.5983 54.3693 -710.8914
v  430.0402 132.1351 -719.9903
v  544.7365 79.5095 -616.0438
v  482.4416 59.7440 -595.2046
v  466.0970 24.2258 -655.3469
v  -427.5117 1041.1470 -37.3997
v  -403.0826 922.4384 -382.5357
v  -596.5192 310.4486 469.3989
v  -492.1843 379.9602 485.0186
v  -496.1530 305.4313 473.5515
v  -310.2935 415.8524 511.6608
v  490.9441 169.1476 -466.3800
v  443.0313 218.3404 -341.0712
v  453.8192 183.8722 -397.4481
v  400.3311 264.4990 -435.3793
v  440.7808 187.6596 -436.8736
v  -587.1406 949.1106 1387.8380
v  -644.8169 960.4787 1362.7990
v  -645.5913 969.4686 1409.5170
v  -622.9016 918.6718 1255.1550
v  -625.4841 893.8250 1368.6890
v  -652.1412 932.9763 1309.6820
v  520.1560 223.7419 -1336.4630
v  526.2165 283.0681 -1276.0060
v  509.1597 253.2267 -1275.8920
v  483.2878 213.0898 -1246.9530
v  483.8913 297.8569 -1220.7130
v  -481.6074 26.9593 370.9481
v  -493.0437 13.3031 665.5546
v  -531.0580 35.8517 571.5653
v  -636.2770 917.2184 634.8146
v  -2.6928 333.6880 561.7547
v  33.6804 323.1188 562.2963
v  52.8212 318.4265 592.8323
v  -49.2982 366.1453 570.3191
v  -125.4637 410.1484 590.3424
v  4.4163 927.9139 993.4518
v  368.2941 153.7850 -83.1419
v  294.0021 148.4362 200.6489
v  351.3849 134.5722 37.2893
v  131.1551 179.7452 1019.1690
v  96.5846 182.6158 969.7479
v  121.8512 170.6095 953.2161
v  -16.1298 201.8357 1168.4780
v  56.0870 173.6961 1153.7010
v  48.1678 152.7719 1199.4050
v  -394.3695 639.3298 179.1410
v  -430.8101 631.5108 136.5346
v  -428.1788 635.5937 209.9263
v  -424.5358 656.0964 268.2765
v  -430.1682 655.5667 324.7772
v  -359.2617 682.4618 274.7668
v  -506.1405 56.0533 366.0287
v  -569.2333 147.6109 546.3413
v  -574.7743 116.8430 514.3583
v  -544.7450 679.3433 -501.9481
v  -550.7502 664.0487 -443.1601
v  -501.6072 684.3276 -444.4802
v  -437.1290 171.6552 989.0481
v  -487.4146 110.6613 1024.1400
v  -455.0806 113.2215 1000.8500
v  -397.7078 123.5808 1054.0380
v  -616.3853 856.9456 436.0090
v  -596.6013 847.1451 375.1699
v  -567.2897 847.4299 351.4458
v  -527.1253 803.6094 160.0939
v  -226.2210 241.9818 -38.1973
v  -320.0191 216.4966 -43.1308
v  -319.7548 277.2125 181.0355
v  -446.3956 277.2343 430.4337
v  -392.7509 237.1510 138.8705
v  -435.6037 561.0878 1938.6000
v  -483.1618 573.1929 1909.9850
v  -511.1279 555.2275 1912.6920
v  -719.8635 513.6473 1864.7810
v  -604.7148 539.2385 1876.1420
v  -693.3402 167.8968 2346.8630
v  -601.4444 177.0025 2367.0920
v  -784.0259 162.5300 2331.5400
v  -799.6233 266.2018 2270.5400
v  -842.4370 166.5451 2315.0791
v  -493.7110 791.4022 834.7214
v  -595.8818 848.6222 1058.5980
v  -559.2785 861.8296 1019.1710
v  -554.2998 827.5704 971.0709
v  -779.6249 314.2321 892.8458
v  -767.2687 342.6689 870.6896
v  -762.0249 304.9832 801.5471
v  -823.7421 386.6883 1167.7419
v  -772.3788 380.1710 1067.8530
v  -800.9037 360.9993 1058.9440
v  -641.1870 83.8517 698.6321
v  -720.5380 102.5685 884.8737
v  -678.8711 97.1222 820.0862
v  -628.1205 31.1907 902.5992
v  -517.1721 799.6157 81.4624
v  -489.1156 761.3079 -128.7462
v  -525.7030 741.4976 -109.9356
v  -502.5539 740.1962 -161.6688
v  -616.8414 205.2733 723.0461
v  -600.8058 214.9740 885.1077
v  -653.0056 209.6326 769.3198
v  -680.7322 246.4523 918.5920
v  -615.6398 216.8223 974.9879
v  49.5945 184.6157 1185.0040
v  -155.9602 198.5166 1104.9780
v  421.1197 196.9338 -1404.0909
v  459.1413 182.6920 -1382.4940
v  394.0013 202.3902 -1375.2240
v  357.3920 162.9708 -1397.3280
v  350.8484 186.7776 -1369.3940
v  81.9618 290.5399 -1392.6240
v  67.0155 424.6712 -1285.1980
v  -1.1203 362.4185 -1331.6060
v  -735.1496 254.0370 612.0784
v  -712.7644 299.6505 659.0060
v  -723.4869 310.9702 740.6434
v  -667.4625 399.0613 622.5988
v  61.5127 594.5696 -940.3923
v  139.4265 565.4604 -954.2222
v  -118.5817 550.1187 109.9908
v  -252.1167 541.5149 166.2759
v  -173.6879 561.0516 97.3702
v  -214.1758 523.1111 160.6922
v  -291.6892 979.8683 -414.2612
v  -279.8241 1094.9680 -178.0664
v  -461.0185 338.1905 -569.0353
v  -488.8475 359.8574 -486.3669
v  -514.8892 326.7451 -513.1708
v  -575.3562 353.7719 -367.2684
v  -594.7618 367.0622 -368.9030
v  -572.2169 347.2517 -430.8110
v  -401.1322 298.4902 -698.9690
v  -365.4644 267.7784 -768.7239
v  -342.3047 230.2796 -611.0922
v  -446.4814 332.0521 -525.6641
v  -463.8596 324.3379 -414.1903
v  -586.8521 383.9888 -346.2609
v  -555.8706 392.6683 -253.2871
v  -972.8547 456.1098 1723.9320
v  -964.2370 474.8326 1787.4030
v  -94.7385 18.6944 1306.2240
v  -110.5735 31.0145 1121.8480
v  -759.6108 256.6280 586.0398
v  -747.9659 251.1753 513.9223
v  -726.8719 238.0993 523.5939
v  -609.0821 235.6514 463.4358
v  -579.3818 236.4157 424.9741
v  -520.8771 266.9959 438.4052
v  -71.0623 1178.4919 286.1616
v  8.6512 1148.3900 387.3032
v  110.2318 1020.1530 226.9951
v  -465.4942 590.5667 896.2534
v  -493.1287 665.3341 1189.4240
v  -208.5773 741.9104 -589.7245
v  -191.6125 744.4405 -626.2452
v  119.5837 820.7743 -611.5783
v  0.3625 801.5125 -613.3560
v  115.3114 346.0826 535.9795
v  83.8232 366.8746 571.7596
v  120.4594 360.8827 574.6497
v  199.5746 355.2380 398.1659
v  208.2948 333.6619 435.3775
v  32.2025 178.6524 1306.3530
v  2.0095 158.5390 1288.1490
v  -28.5680 172.2595 1443.0670
v  -125.2600 172.5296 1820.7130
v  -91.3594 147.1745 1692.0439
v  -115.8180 172.0580 1700.9960
v  -398.4289 996.2813 729.5538
v  -290.0057 1028.0480 733.3048
v  -326.3879 1019.5680 774.0015
v  -173.4736 1090.9871 778.9071
v  -118.2675 1101.2650 799.5986
v  -195.6210 337.6163 405.4844
v  -92.5496 328.5072 394.8646
v  -110.9310 338.7297 441.7964
v  -271.1118 378.1699 490.3490
v  -314.1352 323.8172 458.2016
v  133.2374 563.4686 -161.6835
v  101.5228 578.0848 -130.6285
v  111.9212 603.1589 -178.5172
v  31.2714 592.0135 -138.6639
v  83.2300 569.6109 -98.2188
v  -25.7052 588.7286 -103.1329
v  395.5602 372.4268 -1005.5970
v  283.3340 457.2485 -965.8636
v  332.7176 392.3533 -984.0038
v  183.8640 907.5922 -332.2871
v  208.4650 928.3468 -317.4388
v  213.4891 901.9611 -395.6502
v  141.6495 931.4830 -192.6136
v  188.8612 569.9626 754.8460
v  211.9795 560.2540 770.0065
v  237.1178 542.8856 724.1614
v  216.5180 548.5411 674.2131
v  236.0345 526.1135 607.9042
v  -11.6973 326.8629 667.3407
v  -71.5309 336.3884 672.4164
v  6.7985 320.2856 753.3067
v  39.3633 369.9640 722.7394
v  36.5160 392.7568 792.4489
v  140.2018 833.1445 -556.7865
v  214.7654 845.3519 -504.0672
v  187.7323 808.0721 -510.0881
v  -82.1244 609.3267 -85.3954
v  -146.6361 595.5072 -204.9617
v  -416.2819 208.1669 -324.8757
v  -406.9394 176.4486 -393.1820
v  -449.1703 249.7591 -223.8714
v  -295.5215 91.6121 -631.5626
v  -331.8167 142.0849 -541.4691
v  -309.8254 119.6951 -552.5179
v  -344.7703 210.7545 994.2346
v  -261.7447 308.0116 834.1920
v  -467.4011 264.3807 826.9172
v  358.8529 202.6708 -693.8701
v  321.3641 264.2544 -627.1953
v  -62.9841 54.7798 -848.4608
v  6.8753 18.7621 -863.6713
v  -96.3973 23.1690 -898.0406
v  -176.8461 15.8577 -946.5812
v  -148.9770 47.3588 -868.9800
v  -24.3363 437.5369 1045.6140
v  -89.8977 476.3107 1336.4900
v  -143.5632 490.9470 1386.7220
v  -125.7333 506.4990 1431.0360
v  -168.2523 515.0272 1516.0861
v  240.9380 132.1263 -1402.1060
v  330.8312 159.0068 -1402.0551
v  291.0645 138.7818 -1395.8361
v  81.3165 71.1556 -1460.6870
v  16.0341 1123.9659 775.4594
v  85.5926 1089.2510 784.7483
v  70.5633 1150.4570 732.4554
v  -18.9421 1118.1310 761.4243
v  -71.0919 1120.9370 798.8652
v  -128.1445 476.6421 258.5470
v  -21.3953 521.2512 138.9710
v  475.1502 261.4467 -1264.6740
v  496.3434 290.2048 -1271.7520
v  -215.0130 51.8447 -1339.3101
v  -207.6375 42.1123 -1382.4290
v  -247.2859 40.5583 -1437.0480
v  -218.1862 38.5961 -1364.8340
v  -258.9210 24.9129 -1362.2740
v  44.3876 422.5274 697.2202
v  107.4904 436.5178 716.4165
v  26.2002 464.5845 897.9817
v  -549.2060 378.3705 273.2473
v  -522.4174 374.7068 332.3000
v  -555.9453 358.8291 360.5064
v  -516.3918 370.6476 369.7912
v  -535.4185 398.9884 429.3342
v  -338.5483 796.0174 -576.7332
v  -316.7357 712.4548 -592.8547
v  -426.7866 720.0258 -589.9973
v  -261.5302 733.2484 -588.7545
v  -327.8693 419.9820 471.2623
v  -689.8669 159.7398 2349.8879
v  -687.8286 44.4825 2306.9380
v  -199.2571 449.9006 580.1998
v  -339.1531 446.0956 523.7545
v  -147.5943 1133.2870 -113.9259
v  5.0683 1072.2820 -169.5627
v  23.6951 1073.2791 -55.4232
v  1.3072 103.5253 1085.4470
v  -18.1399 182.3669 1152.5081
v  21.2949 151.3255 1130.2560
v  -362.8333 495.8571 -201.9171
v  -267.6283 515.7257 -187.7062
v  -285.3141 528.7170 -183.8825
v  -221.2718 542.0091 -182.0598
v  -197.1104 490.8362 -149.3922
v  -108.2018 499.2822 -158.8434
v  239.8834 5.4662 -227.4463
v  255.6310 30.0672 -254.1220
v  385.5064 44.2215 -178.4501
v  126.0978 18.1053 -289.0737
v  34.0991 903.7053 1179.0420
v  86.0953 785.7587 1284.7760
v  43.9444 886.9202 1263.4780
v  -429.3362 261.2895 -178.6193
v  -448.8966 288.5362 -91.5341
v  -486.8664 262.9999 -112.2412
v  -441.7899 238.4622 -219.2698
v  -408.8815 196.8193 -322.8835
v  200.8173 384.5362 443.7786
v  166.7399 446.9328 247.9887
v  234.9268 401.1515 288.9647
v  -245.1993 198.1590 2358.2410
v  1.9613 469.7135 -205.2151
v  149.6318 445.3742 -292.9907
v  -807.1771 405.5916 1225.6910
v  -883.2379 435.0424 1421.3051
v  -188.3747 341.1943 599.6027
v  -413.9076 321.8013 441.7887
v  -283.9138 326.5519 490.6032
v  174.6897 318.3579 315.0935
v  115.8834 341.2305 308.8857
v  77.7217 308.7467 325.5612
v  126.3777 295.0415 231.2640
v  39.2065 569.2284 160.0570
v  80.6760 680.7215 247.2074
v  -163.8758 609.3536 -352.8622
v  -303.1065 604.9000 -431.2102
v  -521.9832 68.8734 998.8344
v  -531.8851 44.7998 1009.1450
v  -637.1100 49.9847 985.4894
v  -710.5722 36.3357 930.9597
v  -680.7822 37.2135 978.2619
v  194.8692 31.2530 -1272.8560
v  195.8153 110.6798 -1352.8420
v  -426.3930 493.9494 149.7921
v  -6.3180 914.0707 1358.4510
v  -93.2043 956.1978 1328.8420
v  -203.5628 568.8303 1813.1710
v  -185.3698 566.1253 1775.3960
v  -154.6920 564.0104 1811.9240
v  -280.6063 559.8063 1909.7960
v  -252.1987 547.3411 1932.0190
v  -312.5132 571.2714 1929.2830
v  15.5012 73.0429 -1431.4600
v  13.1549 62.6924 -1483.5880
v  -39.9575 38.3727 -1454.6270
v  -449.1693 705.5284 546.2202
v  -440.0879 685.7847 457.8330
v  -475.5444 715.7961 525.7742
v  -371.7288 809.8969 640.4702
v  -412.1909 737.0583 524.3719
v  -460.2112 732.4995 636.3441
v  -275.6344 326.5359 701.6136
v  -51.3578 327.4730 677.0583
v  -170.5164 332.1041 723.0235
v  -68.6983 282.6280 1028.8350
v  -124.0334 259.9409 1116.7280
v  -230.9351 222.6802 1080.3750
v  -185.8235 247.6998 1185.1470
v  89.4725 714.9380 1344.4969
v  116.7718 689.5105 1352.8240
v  128.5990 706.9298 1436.8750
v  114.2654 685.4316 1297.3230
v  85.7097 704.0290 1288.0229
v  -145.8766 22.3557 -899.7148
v  -213.9389 30.9338 -856.6973
v  -216.2313 55.6659 -907.2380
v  -249.4012 64.6674 -802.1354
v  -258.5596 61.9309 -871.2006
v  70.0617 679.3762 1518.6210
v  -14.5643 778.6864 1544.3350
v  10.7886 753.7332 1532.5240
v  15.7036 743.7476 1559.7600
v  217.1005 354.3801 345.0414
v  211.6771 362.2323 299.0289
v  -477.8004 639.9619 -486.2477
v  -483.6641 680.0532 -422.3193
v  -514.6483 672.9955 -476.9358
v  -454.8158 631.4259 -528.0896
v  -515.4633 653.8331 -514.6082
v  -477.2427 626.7347 -590.1990
v  178.1025 918.8831 -407.1996
v  286.3327 891.2172 -456.0398
v  305.2947 849.9797 -533.0431
v  274.3309 870.9102 -508.0243
v  -929.1295 450.5560 1610.8250
v  -879.3437 404.1514 1622.7750
v  -769.9116 321.8953 1261.5200
v  -811.3365 336.3341 1422.2290
v  -0.8536 512.6174 -171.9994
v  -71.5355 477.3136 -184.6978
v  35.9295 482.5479 -234.1802
v  67.6898 465.3583 -291.8938
v  -881.4767 52.4014 2270.8999
v  -960.2879 123.4570 2300.5779
v  -1049.6340 143.8951 2218.5649
v  -115.1671 482.8955 254.9574
v  -35.7425 408.5980 459.6709
v  -1040.0980 120.0084 2099.1431
v  -1010.0400 133.5217 2096.0640
v  -1034.5420 129.7786 2168.3689
v  -941.2597 125.5838 1870.8630
v  -921.9586 115.7883 1839.0291
v  -980.8027 120.8642 1943.8760
v  -641.0010 949.7220 1374.3101
v  -581.7407 867.6156 1394.7150
v  -486.9265 906.4179 1412.8380
v  -589.2532 932.7382 1391.2490
v  -782.8155 170.6029 1303.0750
v  -782.1845 110.6895 1224.1169
v  -824.2186 128.4764 1447.5300
v  -616.6575 105.1191 680.8627
v  -630.3778 95.2101 635.6807
v  -565.2701 103.4624 414.3934
v  -557.0516 112.0361 460.2652
v  -596.2145 107.1439 520.4164
v  76.3172 353.5156 551.1614
v  89.0593 321.3516 506.7573
v  125.8462 319.8040 539.1508
v  -58.0308 385.1534 533.9406
v  -160.2751 408.2436 518.7217
v  461.3720 134.9225 -490.5783
v  431.6096 120.2436 -427.5598
v  117.5653 645.6732 1033.2061
v  74.3709 616.1354 1135.9200
v  -436.3445 370.1813 2123.6299
v  -441.8861 344.4421 2257.9519
v  -356.3259 332.9709 2199.5349
v  -514.1840 82.1226 113.9662
v  -466.8601 76.2752 -33.3170
v  -481.4320 82.1416 44.6789
v  -542.8500 86.1381 228.6228
v  -444.3977 900.4760 1413.4150
v  -521.9985 926.2476 1411.4000
v  -525.7375 943.1103 1447.7950
v  -596.4072 951.5174 1438.7710
v  -501.9839 749.3576 -199.8760
v  -508.2032 714.9551 -237.3549
v  -486.6312 727.2048 -268.0540
v  310.3581 492.0710 496.3403
v  332.1924 458.2459 423.1453
v  298.3111 470.5902 414.0382
v  326.0402 474.4744 289.4782
v  334.7709 434.3930 365.3283
v  335.6003 408.8066 300.4578
v  291.9469 156.4854 327.5465
v  232.0718 160.3829 542.7794
v  260.7329 152.1793 411.5841
v  151.7405 173.8058 697.1780
v  200.7362 166.6601 641.0145
v  166.5467 173.8582 790.2424
v  -50.3424 193.2322 1396.8560
v  -279.5672 324.1129 1863.8800
v  -250.2537 67.7398 -786.8272
v  -223.5429 51.4222 -860.6201
v  -266.2090 91.1774 -805.0041
v  -295.9599 90.9707 -695.0289
v  -346.6263 94.9542 -633.1437
v  -398.4234 303.5981 -708.5163
v  -414.2962 401.4084 -699.2161
v  -364.7117 337.1018 -804.0406
v  -844.1776 577.3558 1756.1210
v  -714.0887 615.0320 1758.1710
v  -743.3179 545.4141 1805.3669
v  -633.5519 895.7266 614.9064
v  -653.9626 910.0529 676.7928
v  -686.7690 893.6002 652.3303
v  -682.7817 874.7237 719.0259
v  -647.6293 924.9754 733.0974
v  -747.0798 278.0909 664.7917
v  -771.1509 295.6643 734.9130
v  -745.4933 298.2097 793.8267
v  -0.2322 305.3777 877.0251
v  31.3970 308.2889 710.7967
v  -23.0026 781.1338 -561.0494
v  -17.3194 732.0781 -514.8422
v  -175.8982 693.0582 -543.2700
v  -48.4470 710.5717 -501.3049
v  -191.5580 650.9175 -476.5965
v  316.1588 183.6848 -1367.2090
v  389.2974 296.3490 -1368.8130
v  381.1443 44.7440 -736.0018
v  411.1276 4.2191 -639.2883
v  268.9571 515.3412 625.3849
v  231.2724 553.9257 682.1722
v  185.2210 583.0823 774.5145
v  -343.0099 174.1702 2458.4070
v  -262.7110 189.5500 2407.6179
v  -288.8661 156.2258 2522.2620
v  -357.5359 190.7981 2497.1799
v  -453.4794 197.7109 2467.5300
v  -415.0535 190.7996 2445.8000
v  -319.7029 855.9429 1485.9130
v  -179.2062 834.2299 1483.1870
v  -386.8179 874.2513 1472.8760
v  -303.0915 868.6105 1474.3130
v  305.2108 468.4825 430.6053
v  -198.7533 694.2618 285.1755
v  -214.0652 78.2819 1077.4611
v  -118.3168 80.9536 1089.3000
v  -193.8733 61.3583 1104.5320
v  -241.0669 52.8746 1046.8621
v  -141.4108 85.1972 1074.4100
v  -128.6078 923.6288 712.3434
v  -49.3826 959.2170 715.9180
v  217.4318 459.0960 -176.4721
v  212.2826 473.9448 30.6992
v  272.7540 380.3070 150.8389
v  291.7205 370.3819 77.6112
v  283.7172 361.6707 194.1128
v  254.6254 380.6632 154.0944
v  -42.9245 585.7858 -145.4972
v  -134.8409 559.0753 -125.1959
v  -123.5157 574.1659 -126.2402
v  -216.7811 543.6008 -136.4383
v  64.8533 539.4415 131.7092
v  235.6769 451.3005 206.7875
v  157.4812 517.1194 152.6778
v  -387.0479 47.9504 -315.5862
v  -373.2329 27.1048 -362.4362
v  -409.7042 32.7179 -347.3580
v  -440.1220 75.9539 -202.0730
v  -404.8818 57.1847 -270.4962
v  -427.1425 64.3036 -305.4351
v  185.4813 5.4816 -1204.7400
v  -4.7587 41.1331 -910.0027
v  90.6318 82.9526 -853.6410
v  -157.3307 6.0500 -1233.1400
v  -223.8360 93.9868 -1212.2360
v  270.2078 165.4854 350.1278
v  247.1400 176.3730 449.5905
v  343.5818 141.3341 151.1759
v  300.1078 165.9735 269.5680
v  -607.2250 866.5755 431.3023
v  -574.2112 870.7846 326.6205
v  -545.9157 853.4480 289.2705
v  -126.1385 502.3295 1499.3070
v  -149.6081 521.7654 1609.9100
v  -159.1922 540.7902 1728.5620
v  -539.4783 839.3452 1004.7250
v  -598.5599 883.9506 1146.0970
v  -590.6501 866.8888 1149.8781
v  -650.4307 910.2739 1188.1440
v  98.0891 829.7621 907.4310
v  119.4046 769.2957 986.6423
v  107.2631 674.3405 1133.9611
v  -509.8043 335.4788 85.6484
v  -546.2906 351.2337 147.9384
v  -518.8459 302.1925 47.0344
v  -496.2088 302.4194 -4.1095
v  -473.4256 287.7163 -35.9435
v  -739.7238 353.3021 866.8649
v  -776.0812 467.0800 1127.5160
v  84.3263 1024.6890 627.9141
v  -531.2545 802.0382 903.7617
v  -510.8776 768.7059 810.3427
v  -560.3935 823.5933 1008.9540
v  -93.7313 1124.7230 789.3384
v  -174.3458 1100.4440 776.1498
v  -267.3038 1051.8831 767.8470
v  549.0125 17.8936 -675.3112
v  529.9183 39.9608 -683.0721
v  -318.9832 14.9692 -453.9918
v  -193.6073 17.4409 -436.3895
v  -206.3430 7.3594 -432.2652
v  -145.7330 178.3959 1875.5870
v  -191.6217 163.5104 2068.5969
v  -209.5918 176.7850 1994.5170
v  -256.6565 197.0431 2316.8799
v  -248.9679 160.8406 2256.3870
v  -236.6787 175.3144 2337.3921
v  -608.0851 611.9976 1790.7280
v  -615.1325 533.1953 1843.4890
v  -524.4899 551.2606 1862.6169
v  -637.2758 196.4244 438.5408
v  -664.8849 216.6402 461.7874
v  -253.5168 3.6256 -373.6574
v  -98.3838 6.2053 -345.6063
v  -316.5656 3.4764 -451.0722
v  -287.8210 16.6446 -389.8131
v  21.6152 26.1943 889.3464
v  61.7887 14.4846 728.7132
v  91.4800 42.1478 762.3897
v  105.8840 1014.6040 281.5977
v  83.5514 1037.8900 348.9440
v  146.6151 1111.2030 674.9608
v  127.8237 1072.0520 717.4571
v  109.0947 1118.8450 695.0728
v  47.8831 1099.1250 804.4293
v  -18.4973 1112.5740 814.1631
v  -453.6548 38.8913 979.6775
v  -570.2591 30.0541 940.0872
v  -535.1900 3.3341 910.0122
v  122.7152 565.2161 -132.7172
v  43.8940 593.5962 -106.4413
v  146.9992 577.4163 -176.7498
v  136.7283 521.0870 -159.1099
v  194.2458 594.3260 -209.5603
v  -219.2818 314.4370 -1176.3470
v  -199.2348 378.8426 -1153.4530
v  -243.8112 116.8045 -1166.2720
v  -240.0494 234.3041 -1173.2050
v  -570.7944 233.8338 2357.8921
v  -367.5201 204.9503 2491.2881
v  -814.6264 145.0401 2339.0759
v  -578.1453 181.6689 2418.8479
v  -631.7158 173.3368 2394.6819
v  -330.9456 329.3961 2071.9060
v  -275.7639 261.3475 2109.9341
v  -257.8593 853.8939 1499.5330
v  -183.9083 831.5208 1531.1060
v  -87.3249 803.8011 1564.7540
v  -698.5087 7.2638 1270.5150
v  -760.6324 47.4441 1307.2740
v  -230.3439 1219.5959 467.6520
v  -269.7133 1205.7170 292.7853
v  -344.2082 1190.5800 387.3939
v  -372.0951 643.4583 -622.0809
v  -388.9454 672.6469 -584.7576
v  -359.1457 271.2088 -801.5643
v  -322.5240 236.6898 -895.8306
v  -378.0843 241.7569 -838.9583
v  -325.0644 197.0494 -982.8583
v  -301.3243 169.0618 -1038.9420
v  -1009.8330 154.7445 2314.9609
v  -995.5269 158.8716 2283.5029
v  -1062.5670 136.5824 2273.9170
v  -946.5570 151.1620 2361.9131
v  -923.4586 152.9045 2320.5300
v  -279.2863 663.4317 1736.8850
v  -362.6160 695.2311 1697.3199
v  -675.7377 956.2238 1280.5530
v  -709.0852 925.0674 1345.7939
v  -598.9168 917.2227 1164.9480
v  229.6421 820.3623 -543.5443
v  87.3938 623.3762 -795.4231
v  -5.9192 672.3477 -703.1295
v  45.0929 98.5144 1190.1770
v  8.8942 84.1959 1228.1071
v  42.0569 128.9405 1218.5010
v  73.0039 82.7820 1137.9430
v  -162.7194 577.3273 99.0960
v  -129.2922 620.5164 108.6003
v  -279.8100 530.6747 51.7797
v  -248.0915 565.3139 85.2646
v  -766.2109 353.3030 2018.4360
v  -823.0294 315.3313 1938.0250
v  -855.2108 312.0547 2108.8650
v  -914.8534 255.3376 2040.2290
v  -38.1553 439.0058 847.7732
v  -462.1234 58.7326 -192.1722
v  -454.2422 62.6470 -279.4517
v  -496.4929 93.0132 64.8154
v  -463.5230 101.4626 -19.8928
v  -751.0795 58.3050 985.5461
v  -726.2617 46.0469 918.7697
v  -689.5800 68.2810 982.1569
v  -652.9000 35.3635 942.0374
v  -867.7264 410.1435 1410.4301
v  -839.4485 393.3943 1292.1410
v  -854.5707 401.2177 1322.6620
v  -866.7219 407.3154 1369.2560
v  140.1647 849.5324 -106.5579
v  -507.5244 482.7605 -186.6318
v  -557.7078 444.1764 -249.3048
v  -583.5438 432.4128 -232.8712
v  -470.0890 473.1147 -220.6639
v  -422.2238 1014.9660 757.0276
v  -457.7634 996.1271 729.4148
v  -513.8875 986.9757 781.2816
v  -384.6352 1004.6360 777.7652
v  -690.2963 107.1881 851.6714
v  -672.1954 107.1669 799.9647
v  -120.3004 477.4519 1354.3910
v  -115.7746 492.8218 1435.7820
v  -94.8350 513.1867 -70.7521
v  146.3111 47.1894 -309.8537
v  428.0322 45.6870 -233.2362
v  368.2121 39.1191 -268.0158
v  -547.6423 384.6468 -396.9686
v  -483.9829 305.8918 -587.2437
v  -504.5273 330.8497 -532.4722
v  -465.4948 344.4013 -568.7791
v  67.4546 351.9622 640.6327
v  115.1860 315.3288 587.6985
v  72.2154 401.1290 770.2379
v  68.8669 383.7590 712.1509
v  400.0334 277.6465 -243.7554
v  385.8409 250.6598 -295.4450
v  436.7263 228.7095 -363.1897
v  -534.1449 235.0447 541.6268
v  382.1536 357.9047 -1074.0081
v  418.8161 366.2193 -1108.3480
v  368.6833 391.1711 -995.9661
v  353.7588 316.2682 -69.7057
v  326.8398 328.3860 -8.2497
v  302.2724 350.1587 73.3465
v  -99.1414 15.4486 -1480.2791
v  -135.5334 17.2331 -1443.0610
v  -172.6535 30.7052 -1478.4570
v  -217.5807 28.1852 -1418.0830
v  268.0573 461.6158 -798.3735
v  247.7604 481.6516 -757.8432
v  163.0994 587.6534 -748.3036
v  -473.1103 692.0861 -570.1921
v  -487.8238 708.3626 -523.8519
v  191.7376 21.4870 -845.8142
v  -42.4666 19.0511 -925.8061
v  78.2022 17.7901 -892.2980
v  208.1892 589.4429 -341.4446
v  201.3792 590.1080 -483.4526
v  229.1226 575.9949 -505.1399
v  225.8018 590.1372 -451.3309
v  -719.6567 298.3062 1567.9280
v  -418.9603 298.0216 1523.2950
v  -726.9749 335.8935 1715.0350
v  -774.2554 308.5364 1588.9670
v  390.1644 132.0506 54.3431
v  408.7484 112.5628 -62.4894
v  383.4066 119.3875 -36.0384
v  -143.9133 570.0311 1307.7061
v  -453.8527 658.6026 279.6434
v  -465.2011 654.5800 389.0950
v  -582.4286 703.4125 1610.2660
v  -457.1488 694.4579 1723.9280
v  -876.1829 200.5593 1802.3010
v  -870.4495 113.1874 1640.0110
v  -935.0088 114.8112 1773.7710
v  -590.4334 376.0764 388.0836
v  -607.0303 372.2436 426.6375
v  -583.3668 406.2154 427.7657
v  -592.5010 360.5966 305.1581
v  -228.1232 538.3530 119.9085
v  -298.0407 530.0516 123.1663
v  -300.7134 206.5426 -943.7417
v  -338.9852 238.4695 -859.1083
v  -344.1244 208.5067 -882.1140
v  -281.4122 163.9955 -858.4283
v  -293.0471 174.1108 -746.7492
v  -329.2979 218.5589 -783.5728
v  -65.1411 774.6245 -606.3277
v  -82.4316 788.2671 -568.3574
v  -38.1773 789.1728 -574.0297
v  169.7609 16.8039 -386.0707
v  -145.1270 38.3268 -399.4905
v  65.7310 92.4280 -1419.4580
v  41.5991 1100.3560 331.2505
v  91.9262 1028.0050 272.7554
v  91.3696 1000.3190 173.8878
v  -1.4079 1117.1090 189.1581
v  301.1707 416.7585 -886.1132
v  -461.4667 65.9731 986.5053
v  -557.5197 66.6950 966.6379
v  -392.1401 80.5417 1039.5280
v  -329.1845 53.9239 1022.9550
v  -416.4107 74.4660 1001.8950
v  -190.4028 18.2316 1696.4930
v  80.0004 775.6245 1490.9070
v  91.5141 743.4351 1418.4200
v  71.5702 718.3720 1516.1820
v  50.5790 685.1083 1540.9510
v  -713.8396 63.6828 944.5959
v  -735.8023 87.9063 865.4760
v  -210.3737 551.6686 1895.1000
v  -199.2912 577.4919 1835.6420
v  -224.1051 607.8862 1864.6580
v  -194.1083 563.0613 1868.1500
v  -252.6992 566.7443 1884.5100
v  -265.1796 358.0285 522.9001
v  -247.7184 351.5385 486.9398
v  -187.3603 347.5110 492.0467
v  -153.2862 355.6317 545.7426
v  -514.9864 973.2820 750.7421
v  -578.6210 953.9471 729.0652
v  -625.3281 947.7861 774.8293
v  -665.6274 928.5247 765.6045
v  309.0414 455.5669 253.6413
v  246.6934 444.8308 178.7396
v  278.8805 430.4573 242.2717
v  0.9577 181.7615 1140.9800
v  -70.6632 183.9575 1119.0070
v  -41.6016 213.1306 1151.1610
v  -80.4520 264.4389 1049.1940
v  -48.9246 236.5789 1096.5680
v  -718.2360 507.8248 1827.7560
v  -645.0037 521.0707 1879.0699
v  -382.9952 692.4530 370.1442
v  -366.5294 755.3937 496.8727
v  -299.3487 729.3301 389.3063
v  374.1315 39.8109 -134.5883
v  365.7163 77.0447 -47.4378
v  324.9038 12.6439 -154.7060
v  -486.8032 705.6547 588.6954
v  -452.6719 688.8806 483.6464
v  -474.6498 678.6223 465.0174
v  -993.4633 452.6374 1666.7090
v  -972.4072 429.8593 1602.6550
v  -951.9410 449.9709 1661.2650
v  -302.0462 62.7109 -704.4484
v  -293.8072 90.5305 -608.0975
v  -358.1758 151.4454 -456.8766
v  -425.2243 689.1028 -62.2398
v  -352.9773 640.9095 3.6734
v  -426.4791 711.2216 10.6226
v  -497.4323 783.8398 -27.0323
v  -538.7404 772.6976 8.8168
v  -489.0209 768.0124 -86.2930
v  -232.0813 645.6507 -502.9578
v  532.8481 8.6788 -704.4346
v  473.2363 23.9396 -748.3496
v  317.8820 32.9321 -808.4277
v  372.7487 50.0877 -748.8160
v  421.3529 46.5251 -774.0864
v  333.1675 140.9556 -989.9805
v  32.7976 860.3753 -557.3890
v  -769.5940 624.0547 1436.6500
v  -696.3320 676.9296 1491.6840
v  -771.4324 515.2803 1854.5610
v  -842.1959 491.7819 1814.8459
v  -775.6490 504.9538 1820.7380
v  363.5460 365.4557 -1032.3580
v  -72.7880 339.4370 1137.7350
v  -34.4907 385.8374 1047.1450
v  24.0299 128.6331 -770.7908
v  -119.0972 102.0500 -797.9322
v  -34.4690 72.9722 -850.1610
v  -827.5078 117.1781 1475.8190
v  -800.7965 39.4880 1553.8020
v  -556.8840 378.9848 -371.7690
v  -265.3306 279.0624 -422.3528
v  -296.9143 234.8439 -498.8656
v  -420.0622 274.7447 -694.1846
v  -107.1504 354.7180 506.2810
v  5.8800 346.7749 582.0330
v  27.0409 379.0226 612.6395
v  -425.6092 574.5419 -0.1255
v  -385.8370 571.2182 66.7950
v  -450.7409 608.1972 105.0189
v  -376.0385 563.9866 71.1034
v  247.6375 535.8483 -589.6650
v  -49.0318 898.0321 668.9656
v  -55.4705 954.1395 933.7449
v  60.3258 773.1249 410.4529
v  -79.0721 346.0750 500.2172
v  -82.5701 356.1888 473.4906
v  -176.1451 357.7743 474.4038
v  -217.4794 332.3958 478.7600
v  190.1005 573.1868 -207.5768
v  131.6427 523.8551 -169.8337
v  208.1452 601.0169 -259.6068
v  -222.8581 571.6235 1266.5720
v  -146.4931 511.2166 1131.1260
v  -76.9342 119.1365 1499.4760
v  -823.7728 94.0700 1185.4980
v  -763.9504 89.0033 1125.4420
v  -787.4020 99.1073 1204.4611
v  -590.6639 357.6468 185.9994
v  -561.5554 371.4395 237.8533
v  -606.8497 338.0837 254.8113
v  -499.1236 347.6263 118.9873
v  -537.0212 340.0482 158.1134
v  -420.2870 321.6478 477.1445
v  -494.2880 302.0170 427.1657
v  -578.7081 261.6801 463.7201
v  -263.2267 99.7079 -1155.8740
v  -231.7192 107.9153 -1167.2550
v  87.3000 990.9798 99.3038
v  125.3591 989.5253 75.0602
v  100.5881 973.1417 37.8046
v  113.6672 1009.6900 155.1889
v  -521.9165 420.0168 463.2163
v  -590.5688 380.8739 430.5346
v  -413.7307 438.2503 480.5488
v  -469.2016 404.6721 420.2772
v  -529.0331 436.7769 -234.1725
v  -606.5003 406.5999 -236.7976
v  -599.3084 403.7529 -284.8532
v  -621.5490 393.7674 -291.0157
v  -561.3493 427.7278 -296.7982
v  -861.2321 117.4948 1463.9430
v  -259.4864 512.7243 183.9365
v  -53.6399 417.3081 417.3427
v  -154.2610 411.4574 515.1434
v  -58.7404 392.3842 519.9752
v  60.4196 693.8458 -4.3645
v  102.2931 780.7980 12.8316
v  -440.4745 556.0434 483.0391
v  -170.6180 187.9941 -196.2962
v  -77.6457 246.6532 -64.0021
v  101.6425 1097.8400 523.4891
v  108.3808 1075.0480 436.6897
v  77.3384 1064.6140 400.4274
v  -448.1036 883.5618 897.3011
v  -519.8514 831.6044 962.2849
v  -450.6390 941.1519 1005.5600
v  -396.6691 515.9964 -190.3509
v  -346.5631 509.7025 -156.6377
v  -255.5059 548.7398 -156.4263
v  -179.4784 524.7580 1466.0690
v  -207.1795 579.5688 1381.6930
v  -157.1528 195.7798 1119.4890
v  -57.2028 168.9143 1115.4110
v  -8.5245 1158.8280 746.9811
v  -604.3088 899.0762 562.1877
v  -653.7253 877.2883 548.5192
v  -612.5990 882.9034 498.9046
v  -565.4055 875.6935 425.9052
v  -456.7151 976.3860 -87.3020
v  -503.1519 946.3230 105.7316
v  -499.0508 878.2044 -5.7829
v  -816.7406 380.7056 1173.0291
v  -816.1126 355.8001 1086.4440
v  -797.2638 358.1162 1106.6960
v  163.8167 189.1568 759.2419
v  -299.7572 10.2572 2003.7791
v  -168.4517 99.5546 -340.3408
v  196.4203 433.4972 -465.4250
v  -238.6891 717.9512 1461.3450
v  -445.2144 1100.7360 644.5972
v  -416.8962 1040.9561 706.6044
v  58.8419 876.5358 1069.7350
v  232.0626 925.1094 -359.7168
v  209.4543 905.8481 -374.9669
v  156.8247 924.2170 -195.0060
v  176.6064 905.6094 -278.5001
v  -507.1606 826.4547 100.4516
v  -511.9254 849.4948 169.9705
v  -540.7701 811.8636 110.6126
v  -667.5457 234.3154 880.0081
v  89.9240 4.3000 -872.3676
v  -164.8004 7.7238 -835.6355
v  -106.2696 31.0731 -876.5721
v  -664.0736 894.5872 716.7716
v  -629.3565 930.6485 720.6022
v  -657.2786 917.1575 781.6511
v  -279.2833 19.4077 -414.2002
v  -427.3365 41.6793 -359.7463
v  -395.4292 50.3634 -434.3271
v  164.4046 605.6391 861.4589
v  211.9013 577.7028 772.2727
v  -312.9005 707.2457 -638.7147
v  -559.3132 95.6761 1023.0720
v  -566.4795 103.5521 978.0052
v  -481.4265 123.1232 990.5650
v  -825.7733 159.2994 2348.6311
v  -732.8793 161.8302 2360.1140
v  -685.2259 155.9646 2387.6541
v  -821.0115 180.7784 2336.7781
v  441.5937 224.3964 -1358.7740
v  509.4277 195.0181 -1365.2679
v  364.6579 195.4969 -1372.8990
v  73.4178 807.7961 -571.7512
v  9.3154 790.4763 -602.3058
v  -553.4304 118.1012 336.9738
v  -521.4022 114.0130 307.5559
v  -276.9362 1151.7780 2.3850
v  -203.5358 1111.5670 -185.2637
v  280.1374 473.3436 473.7870
v  261.3913 496.8019 534.8491
v  218.8892 461.5562 564.9832
v  -358.7012 1025.3400 1159.6290
v  -416.3708 1010.5830 1121.8270
v  97.6109 191.2737 1008.6310
v  60.6683 175.1698 1069.0660
v  108.3703 165.5111 1076.0970
v  85.6191 170.4222 1112.6840
v  -378.7325 205.8081 -345.3884
v  -345.7180 170.6190 -439.1732
v  -387.1283 144.7334 -482.8599
v  -268.7728 529.4299 -146.0025
v  -507.8576 704.2989 -347.6212
v  -495.8012 704.3187 -248.7471
v  -533.4938 700.8083 -317.6825
v  -511.0260 667.0298 -409.7572
v  -520.8848 685.2288 -386.9468
v  -991.4707 462.3150 1756.9690
v  -1003.2640 437.1068 1827.2150
v  -994.2760 466.7844 1796.2990
v  -966.1144 493.5470 1771.8400
v  -475.3576 441.2850 474.7303
v  -386.4553 451.3097 471.1500
v  -451.1158 423.0115 439.3856
v  -384.4676 428.2472 443.8570
v  241.7049 889.0550 -437.4029
v  -856.7818 12.6091 1930.5110
v  -939.9709 89.2105 2023.1630
v  -898.9886 48.5393 1947.1490
v  166.3660 353.3228 241.3339
v  -182.8642 219.7528 1138.8270
v  -287.2856 329.0434 1609.9260
v  -279.9970 211.6767 1110.4570
v  16.1397 115.2088 1124.9240
v  -17.8168 81.0888 1105.8879
v  -144.9767 161.7571 1111.4611
v  -934.8539 439.6486 1779.1021
v  -865.3536 441.5661 1806.6620
v  -815.5446 389.6559 1781.2729
v  -518.0059 806.9498 381.3597
v  301.9982 533.1880 323.3084
v  282.2061 526.4255 452.1635
v  -296.3928 561.8105 1964.2760
v  -416.8528 570.2328 1898.4170
v  -189.8536 44.2126 -899.7936
v  -179.2087 9.0811 -938.1716
v  -173.4050 845.3040 1526.6820
v  -104.5837 822.7929 1554.7190
v  -30.2896 789.3119 1546.8960
v  -474.2254 709.6956 -311.3396
v  -1010.0980 147.1865 2305.0500
v  -1047.5430 140.4183 2333.2170
v  -1053.0190 133.5000 2244.0330
v  -658.8068 96.3260 979.4481
v  -559.0970 36.6841 963.4639
v  92.3653 555.4705 950.0388
v  144.4513 616.9302 922.5136
v  93.1218 584.2339 1026.2900
v  156.9609 615.7788 997.2169
v  -195.6448 482.9132 839.7778
v  -145.0527 506.8333 1082.2610
v  -77.4472 472.3176 977.1063
v  87.1489 989.3071 484.5515
v  47.7334 922.8422 578.5518
v  -667.4882 951.1738 1333.0620
v  -680.9788 953.4988 1415.1300
v  -298.2638 248.3208 26.9259
v  121.9301 340.9568 593.6980
v  161.1326 313.1145 555.9662
v  119.5619 376.5923 521.4839
v  167.3457 322.2376 530.6432
v  193.8460 319.1518 486.7696
v  122.6538 672.2374 1232.4210
v  89.6930 715.1703 1265.7750
v  73.2069 830.8563 1236.2061
v  -749.0914 307.7061 698.8729
v  -762.8017 322.2536 796.3115
v  277.6198 48.0730 -1230.3330
v  -311.1570 895.4003 726.8458
v  454.8413 221.2179 -1346.9139
v  52.9472 761.1030 1542.3831
v  15.2788 769.8069 1552.7040
v  45.3365 704.1196 1529.7700
v  -7.4995 671.4255 1534.3409
v  0.4399 723.3566 1584.5950
v  -163.4634 62.4819 -999.0388
v  -118.3900 19.9682 -1049.7360
v  -41.9116 21.1786 -975.7997
v  427.7865 206.0803 -392.0727
v  518.1638 144.7743 -495.0785
v  524.9533 120.6499 -538.6049
v  497.0919 139.6734 -533.0725
v  140.5575 966.3171 -38.0587
v  112.0351 962.2955 -34.2321
v  -202.9919 175.5954 -640.4116
v  -673.7787 248.3766 1290.1600
v  104.9414 1121.7260 595.8639
v  151.8830 1119.5590 629.9335
v  134.2923 1090.6230 557.8913
v  -421.1547 600.0320 63.9994
v  -436.1507 614.9258 140.7908
v  321.2346 148.6615 248.6359
v  285.1310 144.9355 238.1692
v  -374.6834 473.8475 10.5888
v  -499.7061 462.4100 189.3897
v  81.1986 512.8687 -204.3325
v  23.9909 552.8884 -149.7512
v  -64.1069 32.5135 -1444.2950
v  -36.9863 14.1640 -1486.8521
v  11.9779 54.3700 -1454.2620
v  -410.9290 878.1630 1425.3380
v  -470.6715 915.3441 1457.3101
v  -486.6389 196.6181 2440.2849
v  -126.4343 26.5588 -1458.4310
v  -199.6466 45.5159 -1473.6310
v  -154.6526 59.2599 -1430.3790
v  299.5297 353.5521 10.1881
v  114.9720 1117.9290 598.3597
v  91.1007 1096.1780 552.0484
v  99.8148 1122.5570 638.8625
v  -543.9420 23.5768 2299.9360
v  -354.2976 127.1335 1021.3360
v  -506.0851 98.3335 974.6533
v  -804.6194 561.8491 1397.0160
v  -828.6667 598.5492 1535.4060
v  237.4861 163.2225 389.4240
v  182.3123 173.8198 585.3846
v  -960.6356 138.1033 1952.9270
v  -905.4147 131.3379 1848.6930
v  -945.2794 138.8043 1983.8510
v  -435.2127 998.4189 770.9646
v  -403.1273 988.2516 748.1868
v  -558.9445 962.3821 791.2853
v  -506.6802 966.5566 745.0273
v  -253.6496 183.2690 2194.3059
v  -277.1593 108.5116 2178.3091
v  -242.3811 179.7271 2121.6001
v  -232.5117 173.7689 2174.8870
v  -192.9884 978.2421 1327.4990
v  -149.7410 883.0635 1452.0480
v  -209.1988 1006.8400 1243.8010
v  32.2735 356.8114 646.9666
v  -1075.3690 126.6872 2200.1370
v  -600.9850 908.0389 1198.5341
v  -574.7714 851.1165 1210.3660
v  -288.5604 594.8721 -83.6479
v  -336.2384 614.7560 -84.8717
v  -392.9577 386.6705 494.7458
v  -496.9846 351.1448 -287.1346
v  45.9145 46.7781 -331.1482
v  347.8091 73.4258 -253.6507
v  -545.0215 99.5184 330.0527
v  -594.3468 92.6811 427.9995
v  -568.0001 116.7783 408.1151
v  37.2118 687.9593 1424.9771
v  281.2683 220.6596 -65.5334
v  -161.0766 176.1898 1812.3560
v  -192.1522 29.7332 -1524.0360
v  -142.8549 20.0310 -1521.5620
v  -535.5285 647.7513 -594.7313
v  -552.2152 659.1884 -526.2909
v  -539.3757 613.0104 -639.6002
v  -525.3877 638.6476 -565.7543
v  -62.2193 429.9092 1123.5990
v  536.1012 238.2932 -1328.2321
v  572.9078 267.0531 -1322.7040
v  545.5938 301.5126 -1259.8540
v  -189.3902 538.9637 1657.3740
v  -507.7894 383.7299 -447.8325
v  -478.7921 359.4630 -516.7249
v  246.3398 898.9525 -405.0465
v  261.1805 853.4135 -490.6201
v  250.1970 531.0613 -636.0161
v  246.4737 504.5248 -696.4282
v  -48.2710 260.1445 -39.5122
v  -98.0308 491.4089 -199.3383
v  -17.1417 496.4515 -253.5397
v  -877.5610 525.4815 1793.3210
v  54.3438 1106.4670 701.5324
v  53.0538 1119.1290 749.8530
v  -629.2518 654.3679 1198.2130
v  -632.5615 601.0481 1002.5030
v  -468.4712 755.5944 282.4320
v  -620.9100 321.9225 365.2722
v  -625.9387 358.6345 314.0400
v  -132.4358 562.2376 -166.4887
v  -168.8960 583.7215 -243.1561
v  -122.3152 591.3520 -193.6164
v  -141.4868 632.3664 -374.4898
v  -396.5267 43.3287 -297.8442
v  -444.1339 59.7798 -173.6021
v  -390.7028 35.9124 -393.2379
v  -411.8192 21.2114 -372.8023
v  217.7561 455.7003 218.9574
v  154.9307 488.3961 198.9073
v  -572.1818 35.7033 997.6925
v  133.8926 108.2821 -1393.6180
v  204.7870 108.4468 -1387.8340
v  211.1796 142.1224 -1364.1270
v  -673.6963 224.6347 522.9843
v  -618.5313 247.6160 495.1615
v  -407.8114 53.1302 -250.0880
v  -418.7495 56.3437 -178.2443
v  191.6351 888.8109 -343.0604
v  187.8267 759.4102 -383.1270
v  490.7533 304.4745 -1230.4540
v  412.6655 356.6454 -1313.2070
v  443.5794 314.5904 -1205.7770
v  -304.9703 85.1524 -778.8998
v  -25.7080 397.4108 577.3155
v  -9.6224 380.2309 583.6777
v  -371.7934 252.9792 -532.9971
v  -408.5038 297.4876 -617.1241
v  -362.4991 270.1386 -638.7007
v  -978.5699 149.7437 2082.1021
v  -1035.5811 135.4654 2120.9451
v  -920.8812 435.6154 1549.7960
v  -934.0961 463.5335 1571.0350
v  67.7399 2.8448 -285.5361
v  -461.3901 599.4700 1855.6990
v  -714.2560 274.8127 599.7355
v  -718.2015 258.2631 540.5767
v  -742.4755 261.5381 516.7266
v  -694.0707 233.6691 481.7906
v  -721.3851 190.4146 418.5695
v  -462.8265 308.1689 -27.0217
v  -464.1896 278.3284 37.9378
v  -224.6551 1068.1710 725.2679
v  -260.6851 545.4260 38.2517
v  -165.3402 562.5724 50.8523
v  -376.6317 201.9223 -331.4306
v  -374.6241 612.7419 -536.5532
v  -436.6490 124.9879 1041.9150
v  -346.9163 158.0440 1054.0750
v  -633.6913 95.3375 576.7433
v  -616.1092 90.8889 572.6025
v  175.3245 607.9887 -308.4968
v  162.7464 612.6390 -248.1056
v  21.7007 334.7207 788.5781
v  267.8907 411.6382 300.3604
v  -53.6164 1206.9050 461.0434
v  -496.9901 725.6642 590.5198
v  -489.4672 695.4627 477.3942
v  -686.5730 129.3415 909.8077
v  -669.7361 156.4763 867.9816
v  -635.7897 127.9526 751.8647
v  239.0444 321.9255 413.5004
v  209.1761 307.8701 464.3235
v  247.1589 339.1522 307.7350
v  231.5513 329.7514 360.7683
v  206.5514 348.0616 342.5808
v  -707.7912 266.1201 1113.7111
v  248.6183 517.8543 564.5893
v  276.3819 499.2373 568.0915
v  271.9488 496.3329 487.3840
v  49.4936 424.7078 843.9923
v  24.3356 395.6609 766.4836
v  9.8151 412.6317 852.9617
v  38.1581 416.3724 926.2792
v  498.2658 51.2503 -697.3806
v  480.0348 12.4566 -725.9100
v  430.6131 52.2424 -719.7528
v  40.4402 363.6067 532.0522
v  21.4692 341.2960 533.2305
v  -557.3251 878.3873 374.9682
v  -538.3436 901.3917 328.3354
v  -552.5031 944.9180 357.2399
v  -208.0000 37.5393 -389.6836
v  -829.0304 422.5605 1322.4351
v  -614.6292 346.3666 305.6837
v  -604.5598 368.8239 349.0536
v  -573.3483 384.6045 393.4989
v  -638.6901 233.6722 467.4342
v  -440.4311 667.5973 397.7381
v  88.7259 131.5349 1164.1840
v  100.7238 172.3953 1117.5050
v  65.9694 178.6467 1141.8510
v  -412.1773 443.6444 1862.5560
v  249.3086 392.8684 174.4618
v  259.3221 847.2343 -514.1082
v  301.4111 801.4130 -561.8795
v  125.7502 82.9200 737.2553
v  -618.7267 369.2345 -341.0199
v  -613.7496 373.7321 -270.4903
v  -631.2461 355.5942 -285.3694
v  -675.7140 226.1957 807.3278
v  -711.8470 266.6406 852.8450
v  296.0754 370.6421 251.4260
v  318.1418 386.5436 265.9323
v  -680.5521 55.2067 952.1819
v  -710.3361 96.0117 925.0826
v  -403.7158 504.0207 -178.0823
v  -52.3104 49.6954 1088.2410
v  67.0866 33.6383 1105.4340
v  22.6045 64.8595 1117.6071
v  103.3577 51.7920 1098.3690
v  88.1447 122.2321 1202.4301
v  80.1170 65.0559 1136.6510
v  -553.4998 381.0728 162.4733
v  -529.6645 327.5183 95.7947
v  -531.1686 615.0674 -598.1722
v  -425.4273 642.2607 -590.6918
v  -239.1170 24.2973 -471.8745
v  -553.2994 796.2553 876.5989
v  -513.7684 803.5233 849.7080
v  -248.7041 90.8649 -1267.6000
v  -201.3164 191.2139 -1244.9650
v  387.2362 130.9630 23.7373
v  412.1135 120.1070 -10.5695
v  386.2813 122.9684 -44.8141
v  410.5537 110.0904 -117.9290
v  441.0202 93.2178 -190.7189
v  403.5200 69.2539 -240.7619
v  -668.9427 913.5798 640.1982
v  -618.4187 910.2358 512.1945
v  -165.3848 469.8035 844.6085
v  -115.2980 435.6988 847.0598
v  215.6587 570.6373 -544.7195
v  222.1858 544.9102 -599.6635
v  119.1204 626.1443 -618.7863
v  202.4023 593.5689 -501.5902
v  -36.8605 444.7097 1172.3879
v  -206.2660 1060.3180 741.1458
v  -267.6613 1037.0450 777.0255
v  -394.5104 577.9701 102.2249
v  -330.6310 580.5892 113.7956
v  -346.0439 573.1476 145.4770
v  -607.0062 945.2717 752.8130
v  -565.1860 946.5170 740.3870
v  248.4311 276.3770 -1382.1639
v  173.6957 274.3336 -1389.5070
v  -127.2487 447.5202 354.7641
v  -98.2628 412.1977 518.5811
v  241.8072 356.6129 -481.8806
v  100.9106 725.6457 1381.5070
v  93.5067 736.7584 1461.9370
v  120.9134 662.9193 1079.1591
v  147.5320 641.6584 1032.4110
v  162.8658 631.8536 963.1175
v  -17.0587 161.7165 1487.8250
v  -41.1414 159.4627 1433.9270
v  -156.4825 538.6188 1604.5410
v  -196.5779 560.3453 1704.4771
v  -266.5523 7.6143 129.2395
v  -422.5786 4.1643 312.1063
v  174.3514 922.9989 -264.5317
v  136.0666 103.7541 -1443.9600
v  210.9857 111.2061 -1404.9060
v  -500.5362 300.1457 -38.4066
v  -523.0106 760.5199 -61.8627
v  -609.6154 480.7943 669.3234
v  -69.0444 442.7588 1148.8860
v  -46.7269 456.0110 1139.8190
v  -88.4839 452.5551 1108.7620
v  -338.7790 118.4892 -546.6893
v  147.0224 282.6301 164.7626
v  415.1050 155.2299 -409.0702
v  418.9031 211.3882 -363.2950
v  363.8321 118.6442 -328.7928
v  141.4500 987.7202 93.7426
v  -744.2468 280.3923 621.8936
v  97.9547 1094.6320 744.2510
v  70.5277 1072.3940 800.9171
v  100.8274 1087.7130 736.3589
v  72.4234 1027.7330 754.1445
v  -39.4162 81.1438 -1456.4510
v  -229.2300 67.0511 -937.0828
v  -261.9186 86.3930 -869.7867
v  -158.7526 339.6573 547.6138
v  -247.0449 83.5919 1062.1810
v  -786.7473 59.8048 974.0483
v  -736.6966 39.8321 866.8295
v  -756.8566 46.2745 944.9087
v  -886.7955 111.6303 1531.2780
v  -889.7713 121.3464 1673.9960
v  -869.0561 127.5239 1566.7250
v  -822.5410 114.1143 1291.0229
v  -837.8163 124.7051 1384.4180
v  -722.9171 106.3406 869.9345
v  -728.0480 74.5377 835.1849
v  -428.5759 237.4105 52.6101
v  -373.5061 191.3076 -80.4301
v  -370.6928 256.3513 130.4460
v  -778.9241 65.6920 1100.7310
v  -792.7143 81.9083 1108.9940
v  -809.9072 57.9115 1051.0439
v  -298.3668 339.1733 594.0625
v  -340.3869 341.2015 515.0666
v  576.7935 90.1366 -638.2770
v  547.9858 67.9004 -647.2027
v  526.4905 109.8955 -579.9175
v  523.6443 36.5717 -693.5668
v  -240.2255 189.0459 2389.4041
v  -253.1532 173.6677 2445.3140
v  -243.2794 153.9265 2438.5430
v  -275.5448 174.2522 2495.0740
v  128.4345 469.5654 192.3144
v  125.5557 841.0215 -45.3051
v  105.1891 758.5919 -39.4247
v  -625.8411 351.1606 -206.7021
v  -512.3871 714.8929 -373.2819
v  -529.6956 687.1824 -423.8715
v  -424.1717 634.0513 272.5867
v  -430.2102 644.9017 322.3947
v  -649.8217 165.8590 2382.4199
v  -775.2992 169.3828 2369.1509
v  194.2470 166.7772 552.9608
v  164.6395 119.1588 646.0081
v  -2.5985 80.3609 1192.1639
v  -509.9858 506.0868 -292.0712
v  -633.4854 934.0181 1267.2720
v  -501.4521 1011.1420 1214.7640
v  -668.2833 933.3674 1258.1720
v  -656.1161 948.5591 1308.3340
v  189.3253 473.2485 631.9542
v  -855.0350 512.4094 1855.0680
v  -829.8074 407.0681 1245.0060
v  -851.4683 382.2917 1258.6990
v  53.8442 274.1472 898.5563
v  104.3313 877.4323 -20.9573
v  116.1848 885.4427 12.4926
v  209.6449 337.9928 221.5407
v  94.4436 328.7296 314.9044
v  -12.1340 354.5827 396.4900
v  -56.2054 5.5857 -918.5755
v  205.4161 561.0792 701.7408
v  209.2990 637.9327 661.4222
v  -680.7440 965.1186 1397.2290
v  324.2243 329.5474 -65.5812
v  357.1028 121.5983 12.3423
v  -247.3407 556.6257 1850.7070
v  -163.4444 44.6600 1061.9980
v  -444.4853 89.9653 -28.5988
v  -461.9627 81.1315 -117.4853
v  -480.0422 70.2192 -75.2306
v  -406.8220 76.4106 -196.6488
v  76.0196 496.9566 -300.2644
v  156.0133 552.2175 -378.4870
v  309.7689 279.1714 -842.5231
v  300.0070 368.1350 -819.0070
v  -290.7306 708.3557 363.3528
v  -273.5710 711.7466 322.8486
v  -470.6835 64.0736 1017.3080
v  -390.7487 58.6192 1016.4390
v  209.7358 593.8004 -431.3510
v  174.0237 597.8986 -421.0275
v  116.2711 535.1307 -387.8455
v  380.8702 372.3217 296.9577
v  371.1092 416.4716 365.7156
v  346.5720 392.8799 319.5897
v  328.6199 404.0530 -1139.4200
v  415.8250 357.9024 -1060.7140
v  -20.1220 604.6815 -106.9058
v  9.3128 322.8321 446.6957
v  -78.1585 337.4097 464.2987
v  -503.0382 691.1259 808.2198
v  -488.7256 757.3485 741.5621
v  -287.2630 268.1495 -1026.1550
v  -872.3673 137.8723 1677.3810
v  -905.7272 139.1121 1826.1530
v  99.8661 16.7366 -998.2717
v  -99.9337 52.9207 -899.7286
v  -757.2963 8.9973 1574.7770
v  -124.1598 992.6382 1086.5830
v  -273.9124 176.9596 -1019.5800
v  -358.9156 202.4562 -907.1003
v  -342.8671 205.5874 -927.3478
v  28.6635 374.3468 537.8704
v  -398.3293 416.7693 454.1179
v  -247.5828 83.2351 -1243.0649
v  -206.0846 63.6278 -1261.7159
v  203.6358 916.7755 -244.5551
v  316.3188 408.2490 -931.6865
v  326.4249 433.7243 -896.6907
v  -262.7039 68.9011 -738.5481
v  -249.4111 69.3609 -704.5720
v  -529.2644 94.3274 309.6959
v  -207.6738 436.1382 1648.5870
v  -206.1388 496.5989 1650.5081
v  -823.0500 284.0959 1796.9510
v  271.8658 370.1119 113.2076
v  -873.7979 95.6456 2299.6960
v  93.6473 978.9896 322.3134
v  85.0725 928.2454 443.4824
v  -365.8189 577.0893 1919.5430
v  -382.4461 572.8463 1950.1520
v  -840.7479 412.4617 1394.3110
v  -855.6769 387.9186 1513.8510
v  -948.1295 148.7496 1908.9590
v  -904.5273 136.9782 1718.6600
v  116.5415 510.5861 183.5788
v  130.8196 509.3092 148.5092
v  -523.1858 373.5196 165.9611
v  597.6649 67.2401 -658.2224
v  577.1752 48.9400 -673.2864
v  609.8743 30.2307 -683.2390
v  -209.1720 367.7455 562.8398
v  -126.0057 371.9623 610.0539
v  -766.9382 78.1115 1248.3060
v  -819.5078 116.5945 1363.9611
v  -757.1490 64.9976 1183.4340
v  -533.8381 373.5977 -414.4180
v  -494.9933 369.5601 -449.0434
v  -658.7904 104.6910 770.8735
v  -692.4015 186.7696 444.5267
v  -718.0975 214.7914 433.6034
v  -554.7952 406.5553 373.0525
v  -523.8629 413.8207 430.9290
v  -720.1724 309.7218 761.1320
v  -139.8681 755.6849 -568.7189
v  -231.4017 720.1491 -629.3691
v  -412.3495 780.3359 -561.6370
v  42.3869 226.1041 1110.5740
v  23.8592 199.1675 1123.6580
v  -149.8898 823.2927 1512.4490
v  -65.4393 804.7148 1541.7450
v  -97.4217 789.1138 1508.9030
v  -591.3906 528.7282 1844.6460
v  -531.1804 542.1806 1865.4830
v  43.4455 402.9765 687.4771
v  -533.7280 1071.6541 465.4329
v  -56.9661 616.2098 -238.4437
v  213.3248 376.2141 221.8551
v  196.3645 280.1604 533.8708
v  -12.8313 761.3354 1585.2660
v  -34.6885 789.3123 1585.2950
v  16.9427 722.6257 1587.7970
v  -14.2085 306.1220 191.8670
v  -86.3252 433.1631 609.4442
v  -59.6041 437.0631 729.5732
v  -459.0292 4.0387 504.1933
v  -448.6292 19.3104 366.3601
v  -328.1995 950.4097 1377.8960
v  -374.3150 881.0590 1424.5190
v  -324.9640 867.2234 1441.2550
v  -442.9171 666.7496 244.4739
v  -441.6001 324.1402 -606.6093
v  -448.0032 299.6982 -613.0494
v  -461.2600 680.0291 1308.0330
v  153.7695 272.8313 587.1551
v  161.5216 313.2959 587.1154
v  -628.7131 127.8205 1005.6110
v  -573.5637 116.0459 972.9291
v  -276.3038 80.4511 -1211.1071
v  576.2562 236.6071 -1327.4800
v  518.9678 196.8932 -1338.9960
v  581.7587 223.0913 -1350.9280
v  219.4117 791.9813 -563.9575
v  170.7261 801.6325 -572.8239
v  -658.1696 910.3359 1250.7900
v  108.5905 1052.6490 347.2056
v  86.6650 1043.7260 348.0966
v  565.1883 101.5741 -565.8480
v  521.8846 107.3649 -543.8919
v  -525.2951 848.4154 275.1509
v  -551.7224 828.4210 250.5815
v  161.3376 304.7943 377.7297
v  150.3930 603.8051 -252.8651
v  166.9475 590.7745 -204.1093
v  97.3225 580.5991 -190.7453
v  77.7721 124.9843 961.3274
v  117.6779 702.0991 1264.8459
v  421.8627 342.0904 -1090.6160
v  -413.3451 93.8126 2394.8091
v  205.6701 254.7265 197.5463
v  355.3526 401.4054 308.2055
v  363.5551 337.2410 254.5345
v  -329.5761 1167.7230 600.6823
v  -455.8662 715.0034 -169.0931
v  -485.0087 736.2650 -223.3372
v  96.7678 281.5752 607.3860
v  40.6257 307.8556 559.3216
v  446.9893 178.0087 -437.8747
v  -332.0255 568.1398 82.5043
v  -79.1627 143.9097 1113.2750
v  -492.7293 647.6827 -576.8864
v  -508.6647 651.4133 -542.4301
v  124.8552 622.5943 -166.7681
v  -575.5070 856.2067 1095.0510
v  84.6066 814.7976 1081.3910
v  -671.5150 7.3273 919.6685
v  -641.7165 44.9723 958.0835
v  -1068.8361 150.5286 2196.1970
v  -1084.1591 83.2319 2321.7061
v  240.4345 66.3265 -277.7007
v  308.1575 53.1248 -302.5230
v  296.5922 49.8205 -284.6498
v  487.5057 79.8244 -238.9019
v  462.7111 93.4676 -227.3192
v  -509.2083 870.5306 1410.1470
v  132.1748 640.1310 985.7253
v  -292.2835 52.5373 1048.7150
v  -762.8032 449.1244 1059.8220
v  -757.4429 396.9536 996.2205
v  -303.2392 225.4221 -945.7911
v  -155.1952 69.4150 -1402.3170
v  -517.5958 724.5035 -260.8579
v  -150.3082 192.6118 1865.5551
v  -523.9184 100.5740 193.7420
v  -206.8434 59.5962 -1548.8440
v  -194.2899 515.6390 1898.0580
v  -217.3547 539.0012 1907.4780
v  -267.7284 519.0639 1966.3879
v  42.6265 753.8284 1511.6490
v  28.1945 737.3985 1491.5081
v  -414.4784 41.4458 -440.3642
v  -377.4101 22.0270 -460.4122
v  -365.4136 192.5954 2457.8191
v  -480.4507 188.1963 2414.0071
v  -140.0913 523.3375 144.4703
v  -72.0779 512.2667 188.9488
v  -1010.2740 118.6129 2192.1641
v  -615.0031 890.9084 690.6799
v  -342.5515 528.3030 226.6000
v  -902.5541 458.4312 1575.4340
v  -941.9477 457.2704 1639.3110
v  -458.7459 708.2864 1649.9150
v  200.0428 604.2010 -379.4930
v  205.0754 589.9149 -382.2365
v  -27.3693 201.8484 1307.5590
v  21.6913 430.6393 924.4041
v  -517.7121 468.8246 -181.3011
v  -597.3354 433.9047 -213.4533
v  -554.0284 449.3589 -222.2525
v  99.3595 971.3969 88.3716
v  -716.8590 221.0876 472.0379
v  -101.8935 98.6350 1569.7209
v  -116.2617 43.2380 1516.2870
v  -146.2063 481.4916 1407.4130
v  -793.0070 364.3591 1008.3910
v  -756.9431 360.2975 957.3481
v  -783.7830 337.8329 922.6631
v  124.3082 1044.0680 366.8968
v  -458.3848 321.0721 -643.1262
v  93.6061 547.2780 -106.3935
v  -486.1815 828.6711 -127.6172
v  -468.9774 893.5944 -185.7093
v  -467.1550 833.0650 -192.6738
v  -293.5797 868.7820 685.7575
v  100.4022 327.2361 623.1727
v  108.3905 357.7500 643.9108
v  69.6813 357.9757 665.6776
v  90.1872 362.2404 633.6237
v  -315.9332 301.6846 2183.5850
v  -775.3528 99.3909 1128.5140
v  -813.3263 109.3575 1206.4590
v  -360.5821 584.2427 1908.7130
v  -406.6066 584.4031 1938.4410
v  -317.7508 577.7652 1968.6630
v  -189.2742 275.1919 1315.6150
v  49.5112 1113.9771 808.2294
v  -34.0857 348.1281 525.4594
v  -482.4855 128.8838 1024.3440
v  -716.5022 390.5146 782.8894
v  -697.4701 393.4770 733.8593
v  -608.2007 126.6105 550.0665
v  -638.7194 98.6460 643.4747
v  161.2773 572.4182 -445.5985
v  -407.7801 607.9152 140.6136
v  -218.1099 151.0208 -1276.5291
v  -161.4553 534.2795 1668.7720
v  -165.5597 550.8242 1688.0520
v  -1016.9020 419.1534 1772.7340
v  -1015.0620 448.4246 1695.9510
v  -535.3911 379.4005 -459.1392
v  307.6611 68.9614 -254.2328
v  237.2558 58.7035 -276.8548
v  3.8489 1124.7640 253.0800
v  215.7316 520.3777 -612.5384
v  219.3280 515.7580 -528.5776
v  217.0307 549.4162 -575.1733
v  -181.1223 29.3531 -386.0058
v  7.9573 40.9940 -332.8401
v  498.7850 244.0889 -1328.7250
v  82.9253 547.8264 191.1956
v  -288.4958 58.9996 -518.6185
v  -327.4355 145.3885 -495.3999
v  -1008.9600 465.2974 1727.4840
v  -170.5006 568.0357 1861.5720
v  -118.0596 221.0560 -138.9543
v  -130.8333 177.1787 1093.2400
v  -561.4644 407.8550 244.6054
v  148.1831 46.4545 -1314.0470
v  -34.7410 78.6036 1251.4919
v  191.4822 182.7694 638.4590
v  -365.0999 391.4889 1799.9790
v  -437.5797 902.8169 1443.6689
v  -1048.6630 157.7207 2329.1111
v  -627.9288 412.2139 -227.6690
v  -598.9269 420.7287 -270.1169
v  -156.2295 434.8931 402.4784
v  395.0502 236.8504 -310.6628
v  -489.1394 699.0683 -367.5245
v  252.6993 471.6436 227.9258
v  -99.4037 363.0578 553.9825
v  -297.6843 212.3210 -578.3021
v  -227.5132 235.3087 -523.4825
v  189.1427 384.3343 292.0657
v  -509.6690 806.5343 914.4190
v  -273.9885 121.5971 2506.2219
v  -831.9568 494.5802 1380.2889
v  -602.0154 259.1319 1364.4790
v  -794.5264 342.2331 993.5273
v  -767.4726 338.1954 929.6445
v  166.0016 684.8997 812.4750
v  -230.2611 914.0496 730.5582
v  39.7451 499.6637 965.2441
v  14.9145 595.5385 1205.7629
v  -330.1467 93.5743 -564.7471
v  -574.5272 806.2828 1182.7430
v  -509.6188 332.8300 33.7532
v  163.4491 924.0593 -223.3003
v  -643.3834 926.0231 684.8198
v  -97.8815 61.2390 -838.9638
v  -194.6761 66.6608 -750.0961
v  -12.2689 703.6389 -450.8443
v  219.8645 10.5019 -828.1394
v  461.9121 168.6589 -466.5248
v  -355.9327 596.2007 111.2395
v  -395.4374 592.3530 111.9049
v  109.2871 477.6671 262.8606
v  -10.1327 320.3543 805.9645
v  -42.3141 349.0587 725.5251
v  -442.8101 648.7926 -516.5410
v  13.0457 1154.9969 477.1877
v  -483.8378 268.8784 540.6454
v  185.0885 825.5062 -552.9026
v  145.4464 21.8606 -831.9264
v  122.8156 591.8899 -816.7280
v  171.8128 126.7679 -1386.7700
v  -160.2339 55.7010 -1130.8600
v  -406.6551 491.5240 -215.7544
v  -517.7294 356.5890 -467.7729
v  -496.8074 338.0865 -478.5981
v  -554.1414 231.9688 661.1885
v  -473.4176 295.5097 501.9624
v  -495.4560 230.3544 1244.3781
v  -991.9585 138.1677 2040.8521
v  -964.9286 123.0700 2018.3730
v  -907.2062 478.0725 1802.6500
v  -49.5095 180.8783 1548.9821
v  -64.3157 167.0977 1497.0690
v  -277.7195 158.0386 -1102.6760
v  -469.8120 90.3057 92.1729
v  -668.7416 44.3365 1022.0090
v  355.5266 334.5661 -90.3502
v  327.6161 335.9103 -113.9030
v  -114.8208 54.6450 1121.5990
v  436.7413 55.9307 -723.9400
v  424.2182 318.3112 -1154.1021
v  430.7309 256.5341 -1127.8940
v  -586.9919 31.1110 939.6977
v  -171.4471 612.5012 -349.9156
v  -518.5701 70.5473 965.1842
v  -654.7899 16.4543 925.3972
v  69.1180 589.3210 -134.7739
v  -349.8571 110.3181 -583.9375
v  480.0254 111.9685 -201.9519
v  386.0761 45.5317 -269.1737
v  12.6847 324.9793 372.5756
v  66.7939 350.7557 333.3740
v  32.4201 348.4674 375.7615
v  -111.3970 844.5261 1483.8630
v  -418.5501 230.1323 -237.8433
v  -256.8486 472.4854 1922.0480
v  -366.3737 317.9678 471.7092
v  -187.7471 385.8109 485.7454
v  -185.4564 524.4096 1603.0760
v  -618.6254 966.9006 1316.9200
v  -743.3454 68.2656 897.8837
v  -192.1042 30.7821 -1430.4110
v  -917.1317 150.9839 2325.9519
v  -260.5236 185.4447 2248.8940
v  42.8407 56.1103 1105.4000
v  -668.2640 899.1593 617.7494
v  -456.0273 800.1420 -328.5959
v  -100.8420 63.1345 -1441.2740
v  -231.8054 37.3688 -957.8928
v  -246.8148 66.4804 -928.8494
v  262.4088 440.4544 249.5300
v  -569.2860 140.3415 974.0067
v  -458.1823 694.6550 416.9338
v  -394.1275 16.7292 17.9247
v  389.4579 235.7609 -1360.8199
v  -24.6870 130.9710 1363.0610
v  -568.6052 844.5721 309.6778
v  -49.9118 899.5466 -553.8900
v  288.8489 407.0453 -156.9532
v  -364.5941 144.0593 -356.1338
v  -196.3128 563.8287 -143.8812
v  -596.1445 299.0602 416.5413
v  -602.4526 338.5961 368.6500
v  -564.8283 114.5454 513.3945
v  -462.1793 280.1181 -139.3149
v  45.6146 174.9122 1109.1580
v  -400.2730 16.7041 -438.2670
v  231.8715 512.2234 -800.1666
v  204.1937 842.5175 -467.6631
v  45.4849 1128.9960 438.8165
v  -300.1302 166.8884 1068.4690
v  13.7858 810.7982 -571.7437
v  -685.5784 929.0139 1354.5291
v  -691.9005 942.6830 1281.4969
v  -72.4296 579.9048 -158.7830
v  -568.2772 545.0876 1893.5760
v  29.3709 803.1631 -564.7551
v  6.0358 362.7522 687.2917
v  -474.6562 726.3223 -261.1799
v  -264.6485 212.1153 2189.0229
v  -491.8728 773.9130 811.1826
v  -617.1354 914.4337 596.5565
v  345.3505 324.9459 -999.3807
v  -74.5727 570.2412 -104.9555
v  -895.8823 404.3527 1428.1230
v  -859.4826 132.9843 1472.5179
v  193.5530 399.9475 313.9524
v  -428.3028 74.1195 -131.5135
v  -296.2983 693.2111 301.3443
v  -652.9529 241.4599 544.9507
v  -545.0765 126.0601 423.4899
v  -482.2190 60.9283 241.4074
v  394.7084 243.4241 -368.0751
v  -438.7100 588.8683 124.5853
v  199.2525 300.6783 531.6033
v  59.4964 677.8129 1270.3490
v  -277.8180 280.1018 -404.0626
v  -204.9133 344.8397 -317.9352
v  -515.6588 668.0762 -501.6112
v  99.6623 677.1638 1154.8730
v  345.8147 382.9496 -1039.6899
v  53.0688 1057.9821 296.6140
v  -446.7434 301.4706 -642.4011
v  -327.2932 30.9987 -391.8052
v  98.5346 188.7859 959.9652
v  131.4356 189.8736 907.4509
v  139.4586 171.4961 884.6334
v  -481.4735 746.3335 -206.6913
v  -151.7766 1069.3831 744.3083
v  -78.6460 334.5295 536.7207
v  -426.7323 703.5956 -97.9181
v  92.0195 336.4774 477.2309
v  272.0359 382.1249 214.3263
v  48.7223 508.2121 -311.2133
v  140.5934 846.9185 -183.8959
v  231.7110 162.6272 501.2083
v  -220.6713 685.7054 -530.0948
v  -430.4234 608.7018 -606.4993
v  -421.4592 633.5234 227.6447
v  235.8457 793.2410 -539.9084
v  -681.7922 27.6418 1060.4410
v  102.6538 719.7789 1405.0699
v  92.5322 206.0637 938.0968
v  -58.5946 64.1227 1202.4380
v  474.7610 55.4391 -682.1566
v  -385.5251 160.9048 -395.0658
v  -539.6924 734.5551 1281.1240
v  -710.6933 908.8661 1411.3669
v  -706.9587 257.3466 2301.3879
v  -664.5474 864.1479 782.8418
v  -206.6405 505.6370 1917.8101
v  -1.9807 136.8535 1094.5081
v  -284.3709 845.1788 1449.3390
v  271.5185 416.9051 -777.5698
v  -397.0291 191.2996 -401.1433
v  91.7172 509.7339 -159.6942
v  -947.1915 497.4605 1752.4410
v  -102.1956 489.9093 1326.9830
v  -309.5679 72.6253 -719.6240
v  560.5391 264.9695 -1333.3760
v  -744.0617 43.7081 1259.7290
v  221.6306 179.6553 538.2631
v  -738.9114 111.1035 1084.0930
v  -166.4533 556.8093 1856.8760
v  -508.5322 408.9934 414.7595
v  -480.2500 543.9559 1876.1550
v  -14.1881 339.2860 439.2416
v  128.6419 943.8036 -102.9438
v  -935.6422 134.4352 1825.8800
v  -570.3323 883.0831 1150.1370
v  342.5687 145.0069 -741.8792
v  -498.8770 268.8834 573.0472
v  -367.7846 19.0550 80.0424
v  128.4521 85.6387 -1428.3390
v  330.4642 349.9740 -10.1509
v  -525.3768 856.8843 244.8517
v  -539.2610 852.7158 338.7810
v  113.4413 308.7403 221.2171
v  -106.2341 560.0817 -157.7325
v  -597.2999 953.7687 1407.9390
v  -140.7685 559.4053 90.4996
v  -52.7312 44.7365 1224.9430
v  -26.9107 5.6203 -800.7474
v  306.1593 284.0000 -868.0115
v  -475.1066 720.5525 -453.0658
v  -697.4586 121.4800 938.1387
v  165.4052 610.9171 960.1216
v  -463.2260 296.5388 446.0879
v  -924.7517 494.1775 1818.5840
v  129.6796 145.8410 -1391.4900
v  101.1560 707.0013 1092.7710
v  30.0287 25.2540 -845.4249
v  4.1431 175.6796 -1418.5240
v  -537.3015 54.2414 603.9799
v  -455.3445 61.7192 -54.9224
v  -424.8409 14.3362 724.8478
v  -205.8057 532.2271 1705.4030
# 3030 vertices

vn -0.6848 -0.7276 -0.0397
vn -0.5260 -0.8441 0.1040
vn -0.8512 -0.5247 -0.0122
vn 0.3075 0.9437 0.1218
vn 0.5039 0.8595 0.0853
vn 0.4515 0.8923 -0.0000
vn -0.0894 -0.8875 0.4521
vn 0.1489 -0.8218 0.5499
vn -0.0061 -0.9097 0.4152
vn -0.3081 0.8969 -0.3173
vn -0.0592 0.9464 -0.3175
vn -0.0807 0.9199 -0.3838
vn 0.2229 -0.9628 0.1527
vn 0.5644 -0.6723 0.4790
vn 0.1708 -0.9242 0.3417
vn 0.1866 0.9790 -0.0818
vn -0.0168 0.9965 -0.0815
vn 0.1466 0.9835 0.1061
vn 0.2365 -0.8727 0.4272
vn 0.2535 -0.9075 0.3350
vn 0.4624 -0.7881 0.4063
vn -0.4243 0.9035 0.0610
vn -0.5247 0.8420 -0.1251
vn -0.6159 0.7806 -0.1067
vn -0.1596 0.8755 -0.4560
vn 0.0078 0.8463 -0.5327
vn 0.0129 0.6532 -0.7570
vn -0.3934 -0.9148 0.0915
vn 0.0625 -0.9936 -0.0945
vn 0.0517 -0.9981 0.0335
vn -0.3663 0.8790 0.3052
vn -0.2251 0.9368 0.2677
vn -0.3428 0.9365 0.0735
vn 0.4381 -0.8579 0.2687
vn 0.6025 -0.7273 0.3287
vn 0.3411 -0.8711 0.3533
vn -0.1037 -0.9944 -0.0183
vn 0.1313 -0.9910 -0.0244
vn -0.1403 -0.9792 0.1464
vn 0.1282 0.9374 -0.3237
vn 0.3318 0.9255 -0.1827
vn 0.3082 0.9400 -0.1465
vn 0.5125 0.8462 -0.1461
vn 0.7512 0.6596 -0.0244
vn 0.6938 0.7136 -0.0976
vn -0.4493 -0.8252 0.3423
vn -0.2251 -0.9368 0.2677
vn -0.2720 -0.8679 0.4156
vn 0.3437 0.9379 -0.0474
vn 0.1922 0.9795 -0.0595
vn 0.3031 0.9528 0.0183
vn 0.2243 -0.9713 0.0794
vn -0.0107 -0.9999 -0.0092
vn 0.2503 -0.9679 0.0229
vn -0.1558 0.9869 -0.0428
vn -0.3086 0.9502 -0.0428
vn -0.2378 0.9664 0.0976
vn -0.0305 -0.9994 -0.0153
vn -0.1952 0.9731 0.1220
vn -0.0549 0.9937 0.0975
vn -0.0611 0.9921 -0.1099
vn -0.2197 -0.9707 0.0976
vn -0.2075 -0.9775 -0.0366
vn 0.1036 -0.9838 0.1463
vn -0.3124 -0.9113 0.2682
vn -0.4531 -0.8772 0.1587
vn -0.6374 0.0761 -0.7667
vn -0.8199 0.2968 -0.4895
vn -0.4897 0.5212 -0.6990
vn 0.4014 0.9158 0.0122
vn 0.3362 0.9415 0.0245
vn 0.5141 0.8574 0.0244
vn 0.1816 -0.9822 0.0488
vn 0.6768 0.7317 -0.0808
vn 0.6625 0.7419 -0.1038
vn 0.3637 0.8955 -0.2567
vn -0.0183 -0.9895 0.1435
vn -0.0078 -0.9973 0.0732
vn 0.1189 -0.9640 -0.2379
vn -0.8988 0.3791 -0.2201
vn -0.9002 0.3528 -0.2555
vn -0.7462 0.6239 -0.2324
vn 0.2523 0.4006 -0.8808
vn 0.3915 0.5628 -0.7280
vn 0.1800 0.7902 -0.5858
vn 0.2488 -0.9418 -0.2263
vn 0.3604 -0.8294 -0.4269
vn 0.3881 -0.9027 -0.1860
vn 0.8497 -0.2990 0.4342
vn 0.7328 -0.6296 0.2581
vn 0.6902 -0.6589 0.2990
vn -0.5250 0.7325 -0.4334
vn -0.3111 0.8845 -0.3477
vn -0.6443 0.6840 -0.3420
vn 0.6661 0.7088 -0.2322
vn 0.4873 0.7858 -0.3807
vn 0.4955 0.8354 -0.2378
vn 0.9438 -0.1100 0.3116
vn 0.7864 -0.4085 0.4633
vn 0.8364 -0.3648 0.4091
vn 0.4358 0.8837 -0.1707
vn 0.5136 0.8224 0.2446
vn 0.3450 0.8916 -0.2931
vn 0.7362 0.6735 -0.0666
vn 0.3392 0.9270 -0.1601
vn 0.5556 0.8159 -0.1598
vn -0.2122 0.7437 0.6340
vn -0.3128 0.9256 0.2131
vn -0.1500 0.8505 0.5042
vn -0.7513 0.4535 -0.4795
vn -0.7204 0.5556 -0.4152
vn -0.5065 0.7170 -0.4790
vn 0.0946 -0.9945 0.0442
vn -0.1250 -0.9055 0.4055
vn -0.4304 -0.8914 0.1420
vn 0.3255 -0.7437 -0.5840
vn 0.3639 -0.7231 -0.5871
vn 0.2655 -0.9629 -0.0488
vn 0.8656 -0.3139 0.3901
vn 0.7308 -0.5504 0.4036
vn 0.7924 0.0213 0.6096
vn 0.4048 0.8982 -0.1711
vn 0.0435 0.9916 -0.1220
vn 0.4696 0.8828 -0.0122
vn -0.2322 0.7759 0.5865
vn -0.9173 -0.0734 -0.3914
vn -0.8816 0.2135 -0.4210
vn -0.8730 0.2747 -0.4029
vn -0.3902 0.8475 0.3597
vn -0.3568 0.9332 0.0427
vn -0.5447 0.8385 0.0153
vn 0.7377 -0.5957 0.3177
vn 0.3045 -0.8814 0.3611
vn 0.6694 -0.6465 0.3660
vn 0.0886 -0.9624 0.2566
vn -0.0917 -0.9939 0.0610
vn -0.0366 -0.9967 0.0731
vn -0.0793 -0.9939 0.0762
vn 0.0701 -0.9881 0.1372
vn -0.0305 -0.9814 0.1897
vn 0.1390 0.8924 0.4294
vn 0.4127 0.9109 0.0003
vn -0.8603 0.3798 -0.3401
vn -0.6896 0.6957 -0.2014
vn -0.8737 0.4307 -0.2261
vn 0.1038 0.6855 -0.7206
vn -0.0976 0.8457 -0.5247
vn 0.0458 0.8654 -0.4991
vn 0.0917 0.6453 -0.7584
vn 0.1052 0.5303 -0.8412
vn -0.0397 0.8267 -0.5613
vn -0.4239 0.7929 -0.4376
vn -0.2179 0.8836 -0.4144
vn 0.5499 0.8176 0.1708
vn 0.5983 0.7998 -0.0488
vn 0.3716 0.9077 0.1949
vn -0.2407 0.9142 0.3261
vn -0.3303 0.8930 0.3058
vn -0.2041 0.9629 0.1767
vn -0.9415 0.2629 -0.2109
vn -0.8890 0.4155 -0.1925
vn -0.9604 0.1040 -0.2585
vn -0.1843 0.7737 -0.6062
vn -0.1037 0.5000 -0.8598
vn -0.3053 0.6595 -0.6869
vn 0.1382 0.7675 -0.6259
vn -0.1406 0.9171 -0.3730
vn 0.0602 0.9035 -0.4243
vn -0.1366 -0.7753 -0.6166
vn -0.3291 -0.8988 -0.2895
vn -0.1154 -0.9361 -0.3324
vn 0.0335 -0.8436 0.5360
vn -0.0306 -0.5537 0.8321
vn -0.0914 -0.6762 0.7310
vn -0.5432 -0.8392 -0.0244
vn -0.3724 -0.9280 0.0122
vn 0.0978 -0.2139 0.9719
vn 0.0229 -0.0122 0.9997
vn 0.0581 -0.4827 0.8738
vn -0.8011 -0.5971 -0.0411
vn 0.0854 -0.9574 0.2759
vn -0.2073 -0.9634 0.1700
vn -0.7085 0.6474 -0.2809
vn -0.5613 0.6192 -0.5491
vn -0.8044 0.4906 -0.3352
vn 0.2775 -0.9485 -0.1525
vn 0.1250 -0.9846 -0.1219
vn 0.1675 -0.9470 -0.2741
vn 0.0774 0.9697 0.2318
vn -0.1330 0.9387 0.3180
vn 0.2296 0.8488 0.4763
vn 0.7565 0.6345 0.1586
vn 0.4732 0.8808 0.0183
vn 0.8451 0.4927 0.2075
vn 0.1532 0.2934 -0.9436
vn 0.1440 0.4717 -0.8699
vn 0.1305 0.2003 -0.9710
vn -0.6045 0.7542 -0.2565
vn -0.3913 0.7871 -0.4768
vn -0.7561 0.5656 -0.3293
vn -0.0030 0.3190 -0.9478
vn -0.0076 0.2597 -0.9656
vn 0.1149 0.0215 -0.9931
vn 0.1490 0.9231 -0.3546
vn 0.0397 0.8267 -0.5613
vn -0.4421 0.8294 -0.3415
vn -0.2352 0.9164 -0.3238
vn -0.4511 0.8168 -0.3596
vn -0.5848 -0.6823 0.4386
vn -0.3646 -0.7536 0.5470
vn -0.5387 -0.4897 0.6856
vn -0.6766 0.7101 -0.1950
vn -0.2872 0.9350 -0.2078
vn -0.6529 -0.7454 -0.1342
vn -0.7771 -0.5981 -0.1958
vn -0.2504 -0.9681 -0.0122
vn 0.3992 -0.7254 0.5608
vn 0.2228 -0.9034 0.3663
vn 0.6221 -0.6922 0.3659
vn 0.4593 0.8573 0.2327
vn 0.6146 0.7889 -0.0000
vn 0.5810 0.7930 -0.1830
vn 0.4244 0.6788 0.5993
vn 0.7346 0.6283 0.2562
vn 0.2232 0.8364 0.5006
vn 0.6346 -0.7052 0.3161
vn 0.4883 -0.7461 0.4526
vn 0.2598 -0.9182 0.2990
vn -0.4434 0.8380 -0.3181
vn -0.6594 0.7510 -0.0336
vn -0.9083 0.4037 -0.1101
vn -0.7997 -0.5799 0.1557
vn -0.8038 -0.5562 0.2109
vn -0.0061 -1.0000 -0.0061
vn 0.1106 -0.9902 0.0855
vn 0.0000 -0.9442 0.3295
vn -0.8115 0.5415 -0.2197
vn -0.7498 0.6424 -0.1585
vn -0.3965 0.8943 -0.2074
vn -0.2072 0.9691 -0.1341
vn 0.0183 0.9872 -0.1584
vn -0.0673 0.9731 -0.2203
vn -0.6468 0.7017 -0.2990
vn -0.8115 0.5309 -0.2441
vn 0.0701 -0.8249 -0.5609
vn 0.3451 -0.8588 -0.3787
vn -0.0145 -0.9996 -0.0244
vn -0.7715 0.5824 -0.2561
vn -0.6176 0.5872 -0.5233
vn -0.7501 -0.6613 0.0061
vn -0.5974 -0.7639 -0.2439
vn -0.4241 -0.9016 0.0854
vn -0.0244 -0.8510 0.5246
vn -0.0641 -0.9244 0.3760
vn -0.0259 -0.8545 0.5188
vn 0.6002 0.7982 0.0518
vn 0.2209 0.9309 -0.2909
vn 0.5309 0.8470 -0.0274
vn 0.9665 0.0000 0.2565
vn 0.8670 -0.0611 0.4946
vn 0.9704 -0.1282 0.2045
vn -0.5745 0.7946 -0.1964
vn -0.3467 0.9245 -0.1581
vn -0.4384 0.8646 -0.2454
vn 0.3002 0.9434 -0.1409
vn -0.0976 -0.3906 0.9154
vn -0.0244 -0.7512 0.6596
vn 0.2448 -0.7037 0.6670
vn -0.4141 0.8770 0.2436
vn -0.6036 0.7927 0.0854
vn -0.0092 0.9615 0.2747
vn -0.1098 0.8480 0.5185
vn 0.1267 0.9467 0.2962
vn -0.6625 0.6472 -0.3770
vn -0.7079 0.5919 -0.3854
vn -0.8181 0.4335 -0.3778
vn -0.2959 -0.0793 0.9519
vn -0.0976 -0.5457 0.8323
vn -0.2381 0.1984 0.9508
vn -0.5124 -0.8532 0.0976
vn 0.2303 -0.9241 -0.3050
vn 0.4628 -0.8863 0.0183
vn 0.9289 0.0884 0.3597
vn 0.9653 -0.1586 0.2074
vn 0.6583 -0.6827 0.3170
vn -0.7162 -0.6278 -0.3048
vn -0.8642 -0.3542 -0.3573
vn -0.5983 -0.5861 -0.5464
vn -0.7858 -0.6177 0.0306
vn -0.9815 -0.0732 -0.1768
vn -0.7905 -0.6105 0.0488
vn -0.2137 0.7206 0.6596
vn -0.1814 0.7471 0.6395
vn -0.0980 0.9342 0.3430
vn 0.7842 0.5889 0.1953
vn 0.7877 0.5801 0.2076
vn 0.4474 0.8902 0.0855
vn 0.1249 0.8837 0.4510
vn -0.0350 0.7422 0.6692
vn 0.0275 0.7512 0.6596
vn -0.6638 0.6456 -0.3776
vn -0.2385 0.8991 -0.3670
vn -0.3897 0.8099 -0.4384
vn 0.6399 -0.6170 0.4581
vn 0.9301 0.1189 0.3476
vn 0.9717 0.0856 0.2200
vn 0.7053 0.6961 -0.1343
vn 0.4654 0.8729 -0.1465
vn 0.6258 0.7693 0.1282
vn -0.1243 -0.9670 0.2226
vn -0.0621 -0.9844 0.1646
vn 0.5948 -0.6985 0.3980
vn 0.7150 -0.4156 0.5622
vn 0.6099 -0.6556 0.4452
vn 0.4021 -0.9156 -0.0000
vn 0.6106 -0.7918 0.0152
vn 0.6540 -0.7439 0.1372
vn 0.8419 -0.4942 0.2166
vn 0.6894 -0.6528 0.3142
vn 0.5822 -0.7572 0.2962
vn -0.0686 0.9916 -0.1098
vn -0.0503 0.9907 -0.1265
vn -0.2108 0.9683 -0.1344
vn -0.4638 0.7567 -0.4607
vn -0.5097 0.7935 -0.3326
vn -0.2014 0.9091 -0.3646
vn -0.2683 0.9178 0.2927
vn -0.2379 0.7748 0.5857
vn -0.0428 -0.9686 0.2448
vn -0.7234 0.6748 0.1459
vn -0.8204 0.3643 -0.4408
vn -0.5603 0.7308 -0.3898
vn -0.2379 -0.8663 0.4392
vn -0.4097 -0.6879 0.5992
vn -0.5736 -0.8147 0.0854
vn 0.1231 -0.7925 0.5974
vn 0.1916 -0.9422 0.2747
vn 0.9179 -0.2833 0.2780
vn 0.6718 -0.7092 0.2138
vn 0.7841 -0.5686 0.2487
vn 0.5412 0.7593 -0.3613
vn 0.5780 0.7931 -0.1922
vn 0.4354 0.8935 -0.1102
vn 0.9836 -0.1586 0.0854
vn 0.9137 -0.1768 0.3658
vn -0.9014 -0.4324 -0.0244
vn -0.9896 -0.0305 -0.1405
vn -0.9834 -0.1344 -0.1222
vn -0.7262 -0.6835 0.0732
vn -0.9706 -0.1221 -0.2075
vn -0.9153 -0.4027 -0.0000
vn -0.5372 -0.8118 0.2289
vn -0.2990 -0.4943 0.8162
vn -0.1405 -0.9438 0.2993
vn -0.8797 0.2749 -0.3879
vn -0.8530 0.5179 0.0640
vn -0.8278 0.4857 -0.2810
vn -0.2317 0.6615 -0.7133
vn -0.2595 -0.9657 -0.0046
vn -0.3020 -0.9429 -0.1403
vn -0.3030 0.8548 -0.4213
vn -0.7201 0.5370 -0.4394
vn -0.8123 0.4214 -0.4031
vn -0.6443 0.6901 -0.3298
vn 0.4564 -0.8335 0.3114
vn 0.4820 -0.7749 0.4088
vn 0.7370 0.6117 -0.2875
vn 0.5514 0.6659 -0.5025
vn 0.4434 0.8747 -0.1957
vn 0.4589 0.8872 -0.0489
vn 0.6735 0.7375 -0.0488
vn 0.0152 0.9980 -0.0609
vn -0.1711 0.9840 -0.0489
vn 0.3543 -0.7818 0.5131
vn 0.2715 -0.8770 0.3965
vn 0.5008 -0.7870 0.3603
vn -0.0637 -0.9821 0.1771
vn -0.1106 -0.9920 0.0610
vn 0.5578 -0.8252 0.0886
vn 0.2291 -0.9653 0.1252
vn 0.7260 -0.6528 0.2166
vn 0.4432 -0.2899 0.8483
vn 0.1054 -0.6141 0.7821
vn 0.0854 -0.9001 0.4272
vn 0.9306 -0.2090 0.3005
vn 0.2577 0.9516 -0.1676
vn 0.1344 0.9743 -0.1810
vn -0.2386 0.6759 -0.6973
vn -0.4635 0.3568 -0.8111
vn 0.2897 -0.9485 -0.1281
vn 0.3541 -0.9342 -0.0427
vn -0.5319 0.8436 -0.0734
vn -0.6762 0.7325 -0.0792
vn -0.3665 0.9284 0.0611
vn -0.2868 0.8544 0.4333
vn -0.2089 0.9776 0.0244
vn -0.3168 0.5894 0.7432
vn 0.9091 0.4149 -0.0366
vn 0.8077 0.5793 0.1098
vn 0.9354 0.2439 -0.2561
vn 0.9201 0.3723 0.1221
vn 0.9771 0.1649 0.1344
vn 0.9431 0.2320 0.2381
vn 0.3107 0.9190 0.2427
vn 0.0919 0.9307 0.3540
vn -0.0092 0.9340 0.3571
vn 0.1701 -0.9705 0.1709
vn 0.2884 -0.9126 0.2899
vn 0.1643 -0.8538 0.4940
vn 0.7348 -0.4863 0.4729
vn 0.8334 -0.1679 0.5265
vn 0.2715 -0.9519 0.1419
vn 0.3437 -0.7394 0.5790
vn -0.0152 -0.9513 -0.3079
vn -0.2000 -0.9681 -0.1512
vn 0.2560 -0.8374 -0.4829
vn 0.5375 -0.8100 -0.2345
vn 0.4312 0.8685 -0.2446
vn 0.2771 0.6091 -0.7431
vn -0.1555 -0.8294 -0.5366
vn -0.0401 -0.9102 -0.4123
vn 0.0002 -0.9500 -0.3121
vn 0.0061 0.6051 -0.7961
vn -0.2781 0.5929 -0.7557
vn 0.0747 0.6587 -0.7487
vn 0.2980 0.7358 -0.6081
vn 0.1843 0.9456 -0.2680
vn 0.5502 0.8278 -0.1100
vn 0.4463 -0.8895 0.0977
vn 0.3606 -0.9093 0.2078
vn 0.9122 -0.2863 0.2931
vn -0.6295 -0.7395 -0.2384
vn -0.8242 -0.5556 -0.1099
vn -0.2195 -0.9694 0.1097
vn -0.3054 -0.9451 -0.1160
vn -0.7612 -0.6485 -0.0000
vn -0.2992 -0.9313 0.2076
vn 0.4217 -0.6218 0.6600
vn 0.1584 -0.8721 0.4631
vn 0.3510 -0.8970 0.2686
vn 0.9524 0.3037 -0.0244
vn 0.7998 0.5998 0.0244
vn 0.6918 0.7071 0.1463
vn -0.0244 -0.8756 0.4824
vn -0.1740 -0.9570 0.2320
vn -0.6689 -0.7361 0.1038
vn -0.5979 -0.7946 0.1052
vn -0.8948 -0.4459 -0.0214
vn -0.5847 0.7979 0.1462
vn -0.6239 0.5888 0.5138
vn -0.3239 0.7609 0.5623
vn -0.4220 0.8730 -0.2446
vn -0.7624 0.5993 -0.2440
vn -0.6788 0.7278 -0.0978
vn -0.1889 0.9788 -0.0795
vn 0.2134 0.9573 -0.1951
vn -0.1890 0.9571 -0.2195
vn 0.6443 0.6840 -0.3420
vn 0.2081 0.9773 -0.0397
vn 0.3661 -0.9190 0.1464
vn -0.8135 -0.5811 -0.0245
vn -0.8615 -0.4957 -0.1100
vn 0.2580 -0.9530 -0.1588
vn -0.1221 -0.9924 -0.0122
vn -0.3600 -0.8294 -0.4271
vn 0.7774 -0.5689 0.2684
vn 0.7006 -0.5967 0.3912
vn 0.4204 -0.8327 0.3604
vn 0.7013 0.7112 0.0488
vn 0.8022 0.5755 0.1588
vn 0.7939 -0.6080 -0.0061
vn 0.8812 -0.1898 0.4330
vn 0.6167 -0.6591 0.4305
vn 0.7358 0.6717 -0.0855
vn 0.4054 0.8596 -0.3109
vn -0.2754 -0.9610 -0.0245
vn -0.4405 -0.8687 0.2264
vn -0.3297 -0.7449 0.5800
vn -0.8122 0.5496 -0.1954
vn 0.0488 -0.9511 0.3049
vn 0.0611 -0.9463 0.3175
vn -0.2626 -0.9467 0.1863
vn -0.6413 -0.7635 0.0763
vn -0.4252 -0.8931 0.1468
vn -0.6948 -0.7192 -0.0000
vn -0.3036 -0.1963 0.9324
vn -0.3297 -0.5800 0.7449
vn -0.1554 0.9875 -0.0244
vn -0.5112 0.8277 0.2313
vn -0.0427 0.8972 0.4395
vn -0.1968 -0.9654 -0.1709
vn -0.4394 -0.8953 0.0732
vn -0.3056 -0.0806 -0.9487
vn -0.2061 0.4534 -0.8671
vn 0.2642 0.2780 -0.9235
vn -0.2561 -0.9664 -0.0213
vn -0.2349 -0.9609 0.1464
vn -0.3821 -0.9201 0.0856
vn -0.0235 -0.9839 0.1772
vn 0.1526 -0.9400 0.3052
vn -0.4918 -0.8706 0.0160
vn -0.8380 -0.5363 -0.1006
vn -0.7262 0.6682 -0.1617
vn -0.7460 0.6206 -0.2415
vn -0.6596 0.7512 -0.0244
vn 0.6275 -0.7751 0.0732
vn 0.3499 -0.8065 0.4766
vn 0.2524 -0.8906 0.3782
vn -0.3807 -0.5626 0.7339
vn -0.3850 -0.6086 0.6938
vn -0.2685 -0.4210 0.8664
vn 0.8631 -0.4026 0.3050
vn 0.8557 -0.4267 0.2926
vn 0.9406 -0.1710 0.2932
vn 0.7187 0.6943 -0.0365
vn 0.5003 0.8603 -0.0976
vn 0.7620 0.6475 -0.0122
vn -0.0883 -0.9929 -0.0792
vn -0.4785 -0.8777 -0.0274
vn -0.7179 0.5132 -0.4704
vn -0.5239 0.7189 -0.4569
vn -0.1098 0.9666 -0.2317
vn -0.4224 0.8876 -0.1836
vn -0.1282 0.8453 -0.5188
vn -0.0396 0.9436 -0.3287
vn -0.1223 0.9536 -0.2751
vn 0.2013 0.9517 -0.2318
vn -0.2109 -0.3845 0.8987
vn 0.0731 -0.9378 0.3395
vn 0.0794 0.2137 0.9737
vn 0.1432 0.7677 0.6246
vn -0.1513 0.9331 0.3263
vn -0.2226 0.9199 0.3229
vn -0.0638 0.9844 0.1641
vn -0.2474 0.9407 0.2321
vn 0.0521 0.9620 0.2679
vn 0.0459 0.9921 -0.1164
vn -0.0199 0.9778 -0.2087
vn -0.0859 0.9822 -0.1673
vn 0.9817 -0.0702 0.1770
vn 0.8480 -0.4704 0.2443
vn 0.8281 -0.5157 0.2197
vn 0.4103 0.6833 -0.6040
vn 0.2819 0.9491 -0.1404
vn 0.2749 0.8612 -0.4275
vn -0.0794 -0.9804 0.1801
vn -0.2884 -0.9573 -0.0183
vn -0.1057 -0.9939 0.0305
vn -0.1861 0.8663 -0.4636
vn -0.2277 0.8368 -0.4978
vn -0.1541 0.8254 -0.5431
vn -0.1832 0.8731 -0.4518
vn -0.9921 -0.0611 -0.1099
vn -0.7316 -0.6795 0.0551
vn -0.9082 -0.3779 -0.1798
vn 0.6168 0.7558 -0.2199
vn -0.2075 -0.3112 0.9274
vn -0.2314 -0.4582 0.8582
vn -0.5565 0.7675 0.3180
vn -0.3238 0.7743 0.5437
vn -0.2651 0.8457 0.4632
vn 0.4488 -0.8869 0.1099
vn 0.2516 -0.9504 0.1830
vn 0.7113 -0.6899 0.1343
vn 0.6346 -0.7291 0.2563
vn -0.6833 -0.7244 -0.0915
vn -0.6699 -0.7416 0.0366
vn -0.7174 0.5404 -0.4396
vn -0.7699 0.4397 -0.4625
vn -0.9775 0.0794 -0.1955
vn -0.1104 -0.2208 0.9691
vn 0.0245 -0.7485 0.6626
vn -0.1702 -0.2675 0.9484
vn -0.2442 0.7631 0.5983
vn -0.0671 0.7497 0.6583
vn 0.1131 0.9414 0.3179
vn 0.5763 0.6922 0.4345
vn 0.6625 0.6076 0.4381
vn 0.6769 0.7226 0.1403
vn 0.8427 0.5374 0.0336
vn 0.6856 0.7253 -0.0625
vn 0.9212 0.2811 0.2689
vn 0.6706 -0.5978 0.4392
vn 0.7534 -0.5689 0.3299
vn 0.3589 0.0406 -0.9325
vn 0.1251 -0.5616 -0.8179
vn 0.2132 -0.8468 -0.4874
vn 0.5930 0.8049 -0.0244
vn 0.4944 0.8637 -0.0977
vn 0.6282 0.7746 -0.0732
vn 0.9202 0.0335 0.3900
vn 0.9791 -0.1342 0.1525
vn 0.6431 -0.6188 0.4511
vn 0.2074 -0.9610 0.1830
vn -0.2687 -0.9479 -0.1710
vn -0.8302 -0.5265 -0.1831
vn -0.8529 0.4737 -0.2193
vn -0.8662 0.4697 -0.1708
vn -0.2806 0.9059 0.3172
vn -0.1528 0.9868 0.0535
vn -0.4333 0.9001 -0.0458
vn -0.2287 0.9545 -0.1914
vn -0.0426 0.9988 0.0244
vn -0.2405 -0.0700 0.9681
vn -0.1828 -0.6704 0.7191
vn 0.0596 0.0520 0.9969
vn -0.4160 -0.7875 -0.4548
vn -0.2320 -0.9678 0.0977
vn -0.6230 -0.7818 -0.0244
vn -0.5800 0.7601 -0.2930
vn -0.7247 0.6181 -0.3045
vn -0.8991 0.3915 -0.1957
vn 0.3114 -0.7526 0.5801
vn -0.1113 -0.7358 0.6680
vn 0.0275 -0.8076 0.5890
vn -0.7838 0.5566 -0.2753
vn -0.6590 0.7185 -0.2227
vn -0.7289 0.6298 -0.2684
vn -0.6007 -0.7700 -0.2150
vn 0.3324 -0.7441 0.5794
vn 0.6875 -0.5735 0.4454
vn 0.6061 -0.4038 0.6853
vn 0.5620 0.8220 0.0920
vn 0.7277 0.4403 0.5259
vn 0.5251 0.8439 0.1101
vn 0.8918 -0.3726 0.2566
vn 0.7064 -0.6646 0.2436
vn 0.7962 -0.5681 0.2078
vn 0.6725 -0.6801 0.2921
vn 0.7112 -0.6272 0.3174
vn 0.8723 -0.4666 0.1464
vn 0.8938 0.4332 0.1159
vn 0.8273 0.5606 -0.0366
vn 0.8924 0.3973 0.2139
vn -0.3205 -0.9463 0.0427
vn -0.8233 -0.5580 -0.1037
vn -0.0366 -0.9993 -0.0122
vn -0.1038 -0.9828 -0.1527
vn -0.4814 -0.8652 -0.1401
vn -0.3422 -0.8269 -0.4461
vn -0.1224 -0.7617 0.6363
vn -0.1092 -0.7253 0.6797
vn -0.1409 -0.6047 0.7839
vn -0.1455 -0.3593 0.9218
vn 0.0000 -0.8436 0.5370
vn -0.0183 -0.8435 0.5369
vn 0.3351 0.9192 -0.2068
vn 0.6728 0.7392 0.0305
vn 0.6175 0.7857 -0.0365
vn 0.9813 -0.1465 0.1251
vn 0.9771 -0.2073 0.0473
vn 0.6898 -0.6776 0.2549
vn -0.0244 0.9839 0.1772
vn 0.0759 0.9951 -0.0641
vn 0.0306 0.9848 0.1713
vn 0.1674 0.9741 -0.1522
vn -0.0092 0.9830 -0.1832
vn 0.1391 0.9903 -0.0000
vn 0.0931 0.7540 -0.6502
vn 0.1564 0.6052 -0.7805
vn 0.2442 0.9234 -0.2961
vn 0.5797 0.8147 0.0126
vn 0.5063 0.8205 -0.2654
vn -0.5924 0.7573 -0.2748
vn -0.4672 0.8061 -0.3633
vn -0.8492 0.4765 -0.2276
vn -0.9048 0.2262 -0.3607
vn -0.9725 0.2324 0.0153
vn -0.0794 -0.8672 0.4916
vn -0.3084 -0.9283 0.2076
vn -0.2532 -0.9517 0.1739
vn -0.9309 0.0610 -0.3601
vn 0.3898 -0.7400 -0.5481
vn 0.7452 -0.6337 -0.2077
vn 0.5223 -0.8239 -0.2199
vn 0.2016 0.6354 -0.7454
vn 0.0855 0.3632 -0.9278
vn 0.1408 0.7256 -0.6736
vn 0.3411 0.7877 -0.5129
vn 0.2867 0.7808 -0.5551
vn 0.3530 0.3851 -0.8527
vn 0.5930 0.3668 -0.7168
vn 0.4898 0.6927 -0.5294
vn 0.4312 0.4144 -0.8014
vn 0.5357 0.8138 0.2255
vn 0.5428 0.8138 0.2076
vn -0.2050 -0.3403 0.9177
vn -0.0366 -0.6808 0.7315
vn -0.1474 -0.5242 0.8387
vn -0.0825 -0.1161 0.9898
vn 0.0031 -0.2626 0.9649
vn -0.1910 0.8680 0.4584
vn -0.2819 0.7557 0.5912
vn -0.3324 0.8865 0.3218
vn 0.0763 0.6896 -0.7201
vn 0.1683 0.1125 -0.9793
vn 0.0183 0.5211 -0.8533
vn -0.5366 -0.8416 0.0610
vn -0.6417 -0.7590 -0.1100
vn 0.0302 0.9681 -0.2489
vn 0.1879 0.9532 -0.2368
vn -0.1251 0.8637 -0.4883
vn 0.1755 0.5739 -0.7999
vn 0.2987 0.2027 -0.9326
vn 0.2231 0.6207 -0.7517
vn 0.6921 0.7181 0.0732
vn 0.7259 0.6877 -0.0122
vn 0.5623 0.7381 -0.3729
vn -0.8625 -0.5016 0.0673
vn -0.2991 -0.9399 0.1648
vn -0.1649 -0.9556 0.2442
vn -0.8915 0.3816 -0.2442
vn -0.8711 0.4264 -0.2437
vn -0.7571 0.5709 -0.3175
vn -0.6862 -0.6831 0.2501
vn -0.9670 0.2074 -0.1479
vn -0.7963 0.5736 -0.1918
vn -0.8463 0.4827 -0.2253
vn -0.4207 -0.5830 0.6951
vn -0.1952 -0.8000 0.5674
vn -0.2626 -0.4352 0.8612
vn -0.2196 -0.9583 -0.1830
vn -0.7127 -0.6320 -0.3046
vn 0.5868 -0.7916 0.1705
vn 0.5559 -0.8015 0.2203
vn 0.2280 -0.9457 0.2318
vn 0.9326 0.3602 0.0244
vn 0.9812 0.1892 -0.0366
vn 0.9485 0.3050 0.0854
vn -0.8611 0.4886 -0.1405
vn -0.5505 0.7340 -0.3976
vn -0.7379 0.6403 -0.2134
vn -0.8409 0.5362 0.0731
vn -0.7204 0.6166 0.3175
vn -0.4131 0.7777 0.4739
vn 0.1709 -0.9046 -0.3905
vn 0.3655 -0.7523 -0.5482
vn 0.2349 -0.9029 -0.3599
vn 0.1314 0.9348 0.3299
vn 0.0356 0.7067 0.7067
vn -0.1175 -0.5801 0.8060
vn 0.3773 -0.5458 0.7482
vn -0.4057 -0.2817 0.8695
vn -0.6232 0.6293 -0.4643
vn -0.3349 0.8341 -0.4384
vn -0.8926 -0.4402 0.0978
vn -0.8728 -0.3601 -0.3296
vn -0.8515 -0.5231 0.0365
vn 0.4115 -0.8321 0.3719
vn 0.1943 -0.9174 0.3474
vn 0.9428 0.2899 0.1648
vn 0.0000 -0.9741 -0.2260
vn 0.0236 -0.9979 -0.0610
vn -0.0267 -0.9995 0.0183
vn -0.0487 0.9622 -0.2680
vn 0.1416 0.9625 -0.2315
vn -0.1705 0.7977 -0.5785
vn 0.1054 0.9241 -0.3672
vn -0.2599 -0.8744 -0.4097
vn -0.1864 -0.9596 -0.2109
vn -0.4420 -0.8870 -0.1341
vn 0.5076 0.4877 0.7103
vn 0.4852 0.4673 0.7391
vn 0.8148 0.0031 0.5798
vn 0.5147 -0.6475 0.5620
vn 0.4130 -0.6285 0.6590
vn 0.1921 -0.8406 0.5065
vn 0.1785 0.6834 -0.7078
vn -0.0944 0.6823 -0.7249
vn 0.0740 0.2748 -0.9587
vn -0.0715 0.5659 -0.8214
vn -0.0594 0.4020 -0.9137
vn -0.0107 0.9932 0.1159
vn 0.1267 0.9218 -0.3663
vn -0.2519 0.8770 -0.4091
vn -0.4487 -0.8783 -0.1648
vn -0.0321 0.5374 -0.8427
vn -0.2779 0.7710 -0.5729
vn -0.3627 0.7865 -0.4999
vn -0.0981 0.8737 -0.4765
vn -0.1240 -0.8083 0.5756
vn 0.2281 0.4132 -0.8816
vn 0.1320 -0.9876 -0.0855
vn -0.0981 -0.9547 0.2811
vn 0.3214 -0.9469 -0.0122
vn -0.4807 0.8550 -0.1947
vn -0.6809 0.6977 -0.2229
vn -0.7752 0.6027 -0.1892
vn -0.1615 0.8714 0.4631
vn 0.2446 0.9602 -0.1346
vn 0.1683 0.9851 -0.0367
vn -0.7624 -0.6286 -0.1533
vn -0.2229 -0.9209 -0.3198
vn -0.6555 -0.7519 0.0701
vn -0.3938 -0.9172 0.0603
vn -0.8171 -0.5759 -0.0257
vn -0.3782 -0.9248 -0.0413
vn -0.3359 -0.9251 0.1771
vn -0.1159 -0.9727 0.2012
vn 0.3912 -0.9199 0.0275
vn 0.4126 -0.9107 -0.0183
vn 0.1283 -0.9455 -0.2994
vn 0.5404 -0.8282 0.1484
vn 0.4723 -0.8407 0.2650
vn 0.2468 -0.9384 0.2418
vn -0.2445 -0.9351 0.2565
vn 0.0351 -0.9712 0.2356
vn 0.0183 -0.9470 0.3208
vn -0.2323 0.9110 -0.3408
vn -0.5722 -0.8201 0.0046
vn -0.2534 -0.8730 0.4167
vn -0.9851 0.0671 -0.1586
vn 0.2653 -0.8050 -0.5306
vn 0.3541 -0.9158 -0.1893
vn 0.3244 -0.9016 -0.2863
vn -0.3914 0.4526 -0.8012
vn -0.0550 -0.2321 -0.9711
vn -0.2774 0.3902 -0.8779
vn 0.2549 -0.9650 0.0610
vn 0.6889 -0.6946 0.2075
vn 0.8329 -0.5522 0.0366
vn 0.8493 -0.4393 0.2929
vn -0.6880 0.7246 -0.0396
vn -0.6113 0.7060 0.3576
vn -0.4030 -0.4335 0.8060
vn -0.6837 -0.5311 0.5005
vn 0.3282 0.9312 -0.1588
vn 0.3628 0.9268 -0.0976
vn 0.5991 0.7947 -0.0978
vn 0.8035 -0.5250 0.2808
vn 0.7352 -0.5777 0.3546
vn 0.9607 0.2776 -0.0000
vn -0.1554 -0.9201 -0.3595
vn -0.1421 -0.9898 0.0061
vn -0.4974 -0.8086 -0.3143
vn 0.6047 0.7207 0.3390
vn 0.6374 0.7533 0.1616
vn 0.0297 0.9336 0.3570
vn -0.0076 0.9417 -0.3363
vn -0.5624 0.6492 -0.5121
vn -0.4280 0.6542 -0.6236
vn -0.7397 0.4362 -0.5124
vn -0.7540 -0.6563 -0.0275
vn -0.5217 -0.8138 0.2563
vn -0.5274 -0.8071 0.2652
vn -0.4999 0.7484 -0.4359
vn -0.6831 0.6221 -0.3827
vn -0.1938 0.9627 0.1889
vn -0.2693 0.9488 0.1653
vn -0.2547 0.9333 0.2532
vn -0.1519 0.9869 0.0548
vn -0.4209 -0.8952 -0.1464
vn -0.5789 -0.8154 -0.0000
vn -0.5616 -0.7738 0.2930
vn -0.1957 -0.9189 0.3425
vn 0.9252 -0.2076 0.3176
vn 0.9873 -0.0854 0.1343
vn 0.7324 -0.6612 0.1622
vn 0.5649 -0.7960 0.2174
vn 0.6957 -0.6285 0.3478
vn 0.1756 -0.9805 -0.0886
vn 0.1129 -0.8636 0.4913
vn -0.7464 -0.5667 0.3488
vn 0.0229 -0.4641 -0.8855
vn 0.0641 -0.4242 -0.9033
vn 0.3459 0.7682 0.5387
vn 0.5357 0.8081 0.2449
vn 0.1518 0.8741 0.4614
vn 0.0824 0.9858 -0.1465
vn 0.1221 0.9924 0.0122
vn -0.1237 -0.8340 0.5377
vn -0.1131 -0.9185 0.3790
vn -0.0765 -0.8466 0.5267
vn -0.6232 -0.7253 0.2926
vn -0.6983 -0.6636 -0.2683
vn -0.2109 -0.9010 0.3791
vn 0.2231 -0.9565 0.1879
vn 0.0978 -0.9688 0.2277
vn 0.1281 -0.9363 0.3271
vn 0.5933 -0.7138 0.3721
vn 0.9324 0.2869 0.2198
vn 0.9541 0.2987 0.0213
vn 0.8416 0.5367 0.0610
vn 0.7229 0.6725 0.1586
vn 0.8453 -0.4764 0.2418
vn 0.9668 -0.2539 0.0292
vn 0.6377 -0.7247 0.2609
vn 0.6864 -0.7165 0.1243
vn 0.4793 -0.8671 0.1359
vn 0.4852 -0.8530 0.1923
vn 0.9238 0.3826 0.0091
vn 0.8110 -0.0823 0.5793
vn 0.8657 -0.4519 0.2153
vn 0.9891 -0.0122 0.1465
vn 0.9937 0.0427 0.1037
vn 0.9476 -0.2869 0.1404
vn -0.1405 0.6657 0.7329
vn -0.2502 -0.3493 0.9030
vn -0.2962 0.7267 0.6198
vn -0.0305 -0.4887 0.8719
vn 0.1496 -0.6656 0.7312
vn 0.2782 -0.9567 -0.0856
vn 0.3326 -0.9003 -0.2808
vn 0.0853 0.4937 -0.8655
vn 0.0794 0.5684 -0.8189
vn 0.2506 0.1283 -0.9595
vn 0.4228 -0.8875 -0.1832
vn 0.7513 -0.5720 -0.3292
vn 0.0694 0.6778 -0.7320
vn -0.0302 0.0639 -0.9975
vn 0.2444 0.1412 -0.9593
vn 0.9282 0.3572 -0.1038
vn 0.2810 -0.8491 0.4473
vn 0.1801 -0.9554 0.2339
vn 0.6963 0.7177 -0.0076
vn 0.7626 0.6315 0.1402
vn 0.8592 0.5014 0.1020
vn 0.1222 -0.9731 0.1955
vn 0.0335 -0.9777 0.2071
vn -0.0306 0.9777 -0.2078
vn -0.0856 0.9400 -0.3302
vn 0.6461 0.7613 0.0549
vn 0.7063 -0.6575 0.2624
vn 0.3859 -0.9196 0.0732
vn 0.5006 -0.8532 0.1465
vn -0.4146 0.6280 0.6585
vn -0.2784 0.8566 0.4344
vn 0.0243 0.7539 0.6566
vn -0.2385 0.8746 0.4220
vn 0.7563 -0.6350 0.1572
vn 0.9050 -0.3544 0.2352
vn 0.9952 -0.0611 -0.0763
vn 0.9551 -0.2807 0.0946
vn 0.9109 -0.3534 0.2132
vn 0.2009 0.8037 0.5601
vn 0.5939 0.3402 0.7291
vn 0.4170 0.5722 0.7062
vn -0.1155 -0.3647 0.9239
vn -0.0792 -0.7982 0.5971
vn 0.1191 -0.5800 0.8059
vn -0.3024 -0.7514 -0.5865
vn 0.1499 0.7768 -0.6117
vn -0.8123 0.5558 -0.1771
vn -0.5427 0.8110 -0.2187
vn -0.6401 0.7376 -0.2149
vn -0.5618 -0.8182 0.1221
vn -0.9175 -0.3976 -0.0138
vn -0.4947 0.7634 -0.4153
vn -0.5921 0.7081 -0.3846
vn -0.4567 0.8464 -0.2740
vn -0.3623 0.9256 -0.1096
vn -0.5787 0.7919 -0.1949
vn 0.4120 -0.6820 0.6042
vn 0.2625 -0.8096 0.5250
vn 0.1647 -0.9587 -0.2318
vn 0.4119 -0.9078 0.0793
vn 0.0916 -0.9957 0.0122
vn 0.5916 0.7928 0.1464
vn 0.1742 0.9473 -0.2689
vn 0.5595 0.8285 -0.0245
vn 0.5239 0.4569 -0.7189
vn 0.0674 0.8235 -0.5633
vn 0.2536 0.4277 -0.8676
vn 0.9359 -0.0732 0.3445
vn 0.6222 -0.6512 0.4346
vn 0.8310 -0.4338 0.3483
vn 0.3751 -0.7746 0.5093
vn 0.2075 -0.8512 0.4821
vn -0.0762 -0.9054 0.4176
vn 0.0840 0.9331 -0.3497
vn -0.0191 0.9694 -0.2446
vn -0.1390 0.9684 -0.2070
vn 0.5036 -0.5860 -0.6348
vn 0.3071 -0.6158 -0.7256
vn 0.2814 -0.9116 -0.2998
vn 0.2335 -0.9647 -0.1221
vn 0.4601 -0.2808 -0.8423
vn -0.8798 0.4002 -0.2566
vn -0.8005 0.5576 -0.2200
vn -0.6043 0.7874 -0.1221
vn 0.1620 -0.8802 0.4462
vn 0.1572 -0.9159 0.3694
vn 0.0061 -0.9229 0.3850
vn -0.5301 -0.8470 0.0400
vn -0.3684 -0.8524 -0.3710
vn -0.1100 -0.7457 0.6571
vn -0.1213 0.1953 -0.9732
vn 0.2436 -0.8162 -0.5238
vn -0.1115 -0.9623 -0.2482
vn -0.2013 0.9454 0.2562
vn -0.0426 0.9990 -0.0122
vn -0.1399 0.8757 0.4622
vn -0.2445 0.7213 0.6480
vn -0.6493 -0.0368 0.7596
vn -0.3049 0.9238 0.2317
vn 0.1292 0.9909 -0.0367
vn 0.3101 0.9327 0.1841
vn 0.5831 0.7916 -0.1827
vn 0.5742 -0.5070 0.6429
vn 0.3698 0.9291 0.0092
vn 0.4227 0.8530 0.3062
vn 0.6787 0.7321 0.0580
vn -0.7010 -0.7132 -0.0000
vn -0.7524 -0.6546 -0.0734
vn -0.7934 0.5493 -0.2624
vn -0.9354 0.2690 -0.2293
vn -0.9045 -0.0030 -0.4264
vn -0.8919 0.1924 -0.4093
vn -0.6585 0.5457 -0.5183
vn -0.8181 -0.5739 -0.0366
vn -0.5856 0.6649 -0.4636
vn -0.5584 -0.8285 0.0427
vn -0.1587 0.9653 0.2076
vn -0.7268 0.6527 0.2138
vn -0.5006 0.7662 0.4029
vn -0.8674 -0.2207 -0.4459
vn -0.9502 -0.2566 -0.1766
vn -0.1465 0.9774 -0.1526
vn -0.0762 0.9661 0.2468
vn 0.0962 0.9530 0.2871
vn 0.1296 0.9910 -0.0335
vn 0.0916 0.8093 0.5802
vn 0.2851 0.9330 0.2195
vn -0.5565 0.8011 -0.2202
vn -0.7433 0.6276 -0.2315
vn -0.5234 0.8520 0.0122
vn 0.1314 0.6388 -0.7580
vn 0.0915 0.7674 -0.6346
vn 0.2202 0.3929 -0.8928
vn 0.2102 -0.1306 -0.9689
vn 0.1888 -0.8147 -0.5483
vn -0.0122 -0.6010 -0.7992
vn 0.5976 0.7196 -0.3537
vn 0.1158 0.4875 -0.8654
vn 0.8947 -0.2805 0.3475
vn 0.9105 -0.3172 -0.2654
vn 0.5667 -0.6721 0.4766
vn 0.9924 0.1221 -0.0122
vn 0.1127 -0.9287 0.3532
vn 0.5937 -0.4590 0.6610
vn 0.6422 0.5600 0.5235
vn 0.8615 0.5041 -0.0611
vn 0.7427 -0.4453 0.5002
vn 0.5445 -0.3304 0.7709
vn -0.7105 0.6297 -0.3141
vn -0.7391 -0.6736 -0.0076
vn -0.2621 -0.9539 0.1463
vn -0.3513 -0.9227 0.1589
vn 0.7043 -0.6410 0.3052
vn 0.8953 -0.3357 0.2930
vn 0.8667 -0.4820 0.1281
vn 0.9257 -0.2534 0.2808
vn -0.7580 -0.6388 0.1314
vn -0.4146 -0.8994 0.1387
vn -0.7261 0.6010 -0.3341
vn -0.8609 0.3450 -0.3740
vn 0.8923 -0.4271 0.1464
vn 0.5860 -0.6916 0.4223
vn 0.1446 -0.9559 0.2557
vn 0.5568 -0.5781 0.5964
vn 0.7316 -0.6728 -0.1101
vn -0.0671 -0.9182 0.3905
vn -0.5914 -0.7957 0.1311
vn -0.5090 -0.5242 0.6827
vn -0.2259 -0.9738 0.0244
vn 0.2316 -0.9385 0.2560
vn -0.8291 -0.5578 0.0366
vn -0.5921 -0.8058 -0.0122
vn -0.9659 -0.0856 -0.2445
vn -0.2774 -0.9207 0.2744
vn -0.9097 -0.4152 -0.0061
vn -0.9533 0.2567 -0.1589
vn -0.4023 -0.5889 0.7009
vn -0.3054 -0.9307 0.2016
vn -0.1129 -0.7887 0.6044
vn -0.5890 -0.7777 0.2197
vn -0.6958 -0.7156 0.0610
vn -0.2867 0.8417 -0.4575
vn -0.3415 0.8780 -0.3354
vn -0.8532 -0.5210 -0.0244
vn -0.1891 -0.9792 0.0732
vn -0.2686 -0.9613 0.0610
vn -0.2196 -0.9605 0.1708
vn -0.3718 -0.9263 0.0609
vn 0.9253 -0.2901 0.2443
vn 0.6677 -0.7150 0.2073
vn 0.7050 0.6883 0.1709
vn 0.7646 0.6215 0.1706
vn 0.8911 -0.3746 0.2563
vn 0.2844 -0.7279 -0.6239
vn 0.6134 -0.6302 0.4761
vn -0.8087 0.5432 -0.2258
vn 0.2443 0.9590 -0.1435
vn -0.9023 0.3915 -0.1805
vn -0.5882 0.7781 -0.2206
vn 0.0557 -0.9983 0.0183
vn 0.0938 0.0814 -0.9923
vn 0.6812 -0.6110 0.4032
vn -0.5612 -0.7086 -0.4276
vn -0.0015 -0.9782 0.2079
vn 0.9642 0.2288 0.1343
vn 0.7695 -0.4184 0.4825
vn 0.7965 0.1495 0.5859
vn 0.8807 -0.1743 0.4404
vn 0.7932 -0.4820 0.3722
vn -0.4152 0.5633 -0.7144
vn -0.5006 0.8340 -0.2320
vn -0.2993 -0.9478 0.1099
vn -0.0610 -0.9812 0.1831
vn -0.1648 -0.9787 0.1221
vn -0.3360 -0.9399 0.0611
vn -0.8010 -0.5885 -0.1101
vn -0.6287 -0.7680 -0.1221
vn -0.1343 -0.9906 -0.0244
vn -0.2745 0.9578 -0.0854
vn -0.1708 0.9605 -0.2196
vn -0.2716 -0.9460 0.1770
vn -0.2014 -0.9462 0.2533
vn 0.0487 -0.9494 0.3104
vn -0.6611 -0.7495 -0.0335
vn -0.6170 -0.7820 0.0886
vn -0.8322 -0.4999 -0.2397
vn 0.0595 -0.9764 0.2075
vn -0.0581 -0.9966 0.0579
vn 0.4478 -0.8375 0.3133
vn 0.2426 -0.9644 -0.1053
vn 0.7602 -0.6381 0.1221
vn 0.4699 0.8282 -0.3056
vn 0.1301 0.9906 -0.0427
vn -0.1670 0.9811 -0.0978
vn 0.1875 0.9786 -0.0854
vn 0.1787 0.9807 0.0794
vn 0.5104 0.8563 -0.0792
vn 0.1617 0.5950 -0.7873
vn 0.1436 0.8125 -0.5651
vn 0.4485 0.7353 -0.5080
vn -0.0519 -0.9543 0.2944
vn 0.2044 -0.7224 0.6606
vn 0.4577 -0.8743 0.1617
vn -0.3118 -0.7274 0.6113
vn -0.2845 -0.2325 0.9300
vn 0.0731 0.8833 0.4630
vn 0.0578 0.6812 0.7298
vn 0.1738 0.6159 0.7684
vn -0.6979 0.5356 -0.4754
vn -0.4290 0.7786 -0.4580
vn -0.5578 0.4210 -0.7152
vn -0.6954 0.5825 -0.4209
vn 0.1096 -0.7526 -0.6493
vn 0.0677 -0.3433 -0.9368
vn 0.2612 0.5689 -0.7798
vn 0.5759 0.7113 -0.4030
vn 0.7500 0.6605 0.0366
vn 0.4625 -0.8487 0.2564
vn 0.8836 -0.4578 0.0977
vn 0.5656 -0.7561 0.3293
vn 0.5178 -0.8163 0.2559
vn 0.4362 0.8968 -0.0747
vn 0.7530 0.6578 -0.0168
vn 0.5216 0.8501 -0.0719
vn -0.1052 0.8541 0.5094
vn 0.1672 -0.4766 0.8631
vn 0.0968 -0.9390 0.3300
vn 0.1498 -0.8131 0.5625
vn -0.8798 0.3169 -0.3544
vn 0.6864 -0.7147 -0.1344
vn -0.0918 0.7757 -0.6244
vn 0.0164 0.3052 -0.9522
vn -0.6504 -0.7587 0.0366
vn -0.6412 -0.7633 0.0794
vn 0.2566 -0.9301 0.2627
vn 0.5286 0.8409 0.1158
vn 0.4829 0.8653 0.1341
vn 0.7048 0.7018 -0.1037
vn 0.7892 -0.4091 0.4580
vn 0.7502 0.4026 0.5245
vn 0.6284 -0.2442 0.7386
vn 0.1174 -0.7321 0.6710
vn 0.0193 -0.4641 0.8855
vn 0.0675 -0.2692 0.9607
vn -0.1923 -0.9745 -0.1160
vn -0.1739 -0.9729 0.1525
vn -0.1495 -0.9667 0.2075
vn 0.1450 -0.4095 -0.9007
vn 0.0286 -0.9954 0.0916
vn 0.2728 -0.0053 -0.9621
vn 0.7159 0.4589 -0.5262
vn 0.4497 0.4061 -0.7955
vn 0.3962 0.3947 -0.8290
vn 0.1465 -0.8460 0.5126
vn 0.7869 -0.4624 -0.4087
vn 0.4207 -0.8771 -0.2317
vn -0.7468 0.6244 -0.2292
vn -0.7406 0.6034 -0.2956
vn -0.1526 0.2960 -0.9429
vn -0.0518 0.4270 -0.9028
vn -0.1803 0.6691 -0.7210
vn 0.1374 0.2717 -0.9525
vn 0.9043 0.3315 0.2689
vn 0.7275 -0.1865 0.6603
vn 0.1160 -0.9008 0.4184
vn 0.7966 0.5921 0.1221
vn 0.5832 0.8001 -0.1405
vn 0.0790 0.9667 0.2432
vn -0.1039 0.9898 -0.0978
vn 0.0917 0.5994 0.7952
vn -0.5785 -0.8099 0.0974
vn -0.7702 -0.4095 0.4890
vn -0.5867 -0.8006 0.1222
vn -0.0919 -0.3843 0.9186
vn 0.3413 -0.6827 0.6461
vn 0.5442 -0.4846 0.6848
vn 0.9703 -0.2212 0.0976
vn 0.5645 -0.5127 0.6469
vn -0.4851 -0.8323 -0.2685
vn -0.1251 -0.9794 -0.1587
vn -0.7214 -0.6924 -0.0122
vn -0.5316 0.8127 -0.2383
vn -0.3006 -0.9467 0.1160
vn 0.2406 -0.3594 -0.9016
vn -0.2096 -0.9528 0.2199
vn 0.2409 0.8355 -0.4940
vn 0.3967 0.4081 -0.8223
vn 0.5830 0.8110 -0.0488
vn 0.7331 0.6720 0.1054
vn 0.4429 0.8965 0.0107
vn 0.4793 0.8747 0.0717
vn 0.9458 -0.1727 -0.2750
vn 0.3595 -0.9266 0.1099
vn 0.6056 -0.6467 0.4637
vn -0.1604 0.2437 0.9565
vn -0.3500 -0.9211 -0.1708
vn -0.0865 -0.6152 0.7836
vn -0.3534 0.8896 -0.2894
vn 0.1131 0.4278 -0.8968
vn 0.0457 0.9448 -0.3246
vn 0.1221 0.9830 -0.1374
vn 0.1529 0.9848 -0.0826
vn -0.2678 0.9494 -0.1643
vn -0.7853 -0.5688 -0.2445
vn -0.8959 0.3672 -0.2499
vn -0.5558 0.8000 -0.2260
vn -0.4214 0.8917 -0.1649
vn -0.9073 -0.3471 0.2375
vn -0.5648 0.8183 -0.1069
vn -0.2622 0.4498 0.8538
vn -0.0091 -0.7314 0.6819
vn -0.0764 -0.8061 0.5868
vn -0.0611 -0.5345 0.8430
vn -0.7623 -0.6465 -0.0305
vn -0.8404 -0.5420 -0.0061
vn 0.2016 -0.9591 0.1985
vn 0.4578 -0.8791 0.1328
vn -0.1586 0.9423 -0.2947
vn -0.3110 0.9103 -0.2733
vn -0.2840 0.9406 -0.1863
vn -0.4849 0.8601 -0.1586
vn -0.4759 0.8496 -0.2273
vn -0.1679 -0.5312 0.8304
vn -0.2358 0.9492 0.2082
vn -0.2475 -0.2750 0.9290
vn 0.1652 0.7831 -0.5996
vn -0.2504 0.9529 0.1710
vn -0.1093 0.8381 0.5344
vn -0.2943 0.8202 0.4906
vn 0.0305 0.9394 0.3416
vn -0.1640 0.6073 0.7774
vn -0.1644 0.9256 0.3410
vn -0.2317 0.9086 -0.3476
vn -0.9560 -0.2923 -0.0244
vn -0.1218 0.9075 -0.4020
vn -0.9506 -0.2986 -0.0853
vn -0.5501 -0.8343 0.0367
vn -0.7187 0.6578 -0.2254
vn -0.8061 -0.5893 0.0550
vn -0.9686 0.2376 -0.0731
vn -0.8011 0.5565 -0.2202
vn -0.6476 0.7331 -0.2077
vn 0.0671 -0.9971 -0.0366
vn 0.2745 -0.9616 -0.0000
vn -0.1587 -0.9819 -0.1038
vn -0.4935 -0.8528 0.1706
vn 0.4210 -0.8664 0.2685
vn -0.1070 -0.9656 0.2368
vn -0.5925 -0.7941 0.1352
vn 0.6563 -0.7021 0.2763
vn 0.1892 -0.9812 0.0366
vn 0.0000 -0.9952 -0.0977
vn -0.3295 -0.9429 0.0488
vn -0.6784 -0.6861 0.2628
vn -0.4636 -0.8860 -0.0122
vn 0.3754 0.7196 0.5842
vn -0.0382 0.9295 -0.3669
vn -0.2158 -0.0836 -0.9728
vn 0.1038 -0.9727 -0.2077
vn 0.2901 -0.9558 0.0489
vn 0.3908 -0.9175 -0.0733
vn 0.3420 -0.9390 0.0366
vn 0.0958 0.3802 -0.9199
vn -0.1133 0.7625 -0.6370
vn -0.2241 0.6435 -0.7319
vn 0.0427 -0.9760 0.2135
vn -0.5974 0.7467 -0.2926
vn -0.5435 0.8031 -0.2443
vn -0.8223 0.4599 -0.3350
vn 0.1744 0.9401 -0.2930
vn 0.4154 0.8886 -0.1948
vn -0.0810 -0.8987 -0.4310
vn -0.0473 -0.9525 -0.3007
vn 0.0289 -0.9862 -0.1628
vn -0.2399 -0.7518 -0.6142
vn -0.3545 0.8007 -0.4829
vn -0.3475 0.8780 -0.3292
vn -0.0306 -0.9322 0.3607
vn 0.1770 -0.9827 0.0549
vn -0.5192 -0.8520 -0.0672
vn 0.1709 -0.8394 0.5159
vn -0.8319 0.0398 -0.5536
vn -0.7272 -0.6019 -0.3300
vn 0.0397 -0.9343 0.3542
vn -0.1738 -0.9237 0.3414
vn -0.7751 -0.5828 0.2441
vn -0.6328 -0.7734 0.0367
vn -0.7210 -0.6905 0.0580
vn -0.6456 0.6456 -0.4080
vn -0.4457 -0.5953 0.6686
vn -0.2078 -0.9689 0.1345
vn 0.1278 -0.9068 0.4017
vn 0.4539 -0.8890 0.0610
vn 0.4054 -0.5954 -0.6937
vn -0.9748 -0.2163 -0.0548
vn -0.9584 -0.1480 -0.2442
vn -0.3176 -0.9146 0.2504
vn 0.4456 -0.7799 0.4395
vn -0.0427 -0.4578 -0.8880
vn 0.4997 -0.8532 -0.1493
vn 0.5084 0.8537 -0.1128
vn 0.6333 0.7471 -0.2021
vn 0.2321 0.9529 -0.1955
vn -0.5955 -0.7940 0.1222
vn -0.5780 -0.7951 0.1835
vn -0.1266 0.7625 -0.6344
vn 0.0914 0.5608 -0.8229
vn 0.3978 0.0732 -0.9145
vn -0.1731 0.3658 -0.9145
vn 0.4291 0.7927 0.4329
vn -0.4035 0.6650 0.6284
vn 0.4405 0.8825 0.1649
vn 0.8237 0.5461 0.1525
vn 0.6781 0.6674 0.3078
vn 0.7069 0.7046 -0.0610
vn 0.4409 0.8908 -0.1098
vn 0.2828 0.9479 0.1465
vn 0.8937 -0.4197 0.1587
vn 0.5095 -0.7174 0.4752
vn 0.7399 0.6438 0.1953
vn 0.2042 -0.7560 0.6219
vn 0.1828 -0.6216 0.7617
vn 0.2231 -0.6052 0.7642
vn -0.0350 -0.3775 0.9254
vn -0.0251 -0.3650 0.9307
vn 0.0854 -0.9816 0.1707
vn 0.0389 -0.9918 0.1221
vn 0.0558 -0.9746 0.2169
vn -0.1009 -0.2506 0.9628
vn -0.0641 -0.7751 0.6286
vn -0.6804 -0.1281 -0.7216
vn -0.5646 -0.6226 -0.5418
vn 0.0610 -0.9937 0.0945
vn 0.1039 -0.9026 0.4178
vn 0.3023 -0.1954 0.9330
vn -0.3656 -0.3780 0.8505
vn 0.8391 -0.2136 0.5004
vn 0.7146 0.6963 0.0672
vn 0.4178 0.8967 -0.1464
vn 0.1972 0.9663 -0.1651
vn 0.6562 0.7447 0.1221
vn 0.1437 0.9725 -0.1835
vn 0.5742 0.8186 -0.0122
vn 0.2534 -0.9159 0.3114
vn 0.3855 -0.8472 0.3657
vn 0.7112 -0.6213 0.3289
vn 0.1448 -0.9330 0.3293
vn 0.2324 -0.8930 0.3853
vn 0.3047 -0.9347 -0.1833
vn -0.5628 -0.7839 0.2623
vn 0.1761 -0.9434 0.2809
vn 0.6274 -0.7781 -0.0305
vn 0.7386 -0.6101 0.2867
vn 0.1067 -0.9816 -0.1585
vn 0.3038 -0.9343 0.1863
vn 0.7377 -0.3177 -0.5957
vn 0.2518 -0.9645 0.0794
vn 0.1697 -0.9845 -0.0443
vn -0.2078 0.8953 -0.3942
vn -0.9450 -0.3048 -0.1189
vn -0.8669 0.3892 -0.3114
vn -0.3143 0.8833 -0.3478
vn -0.0183 0.9203 -0.3907
vn -0.0336 0.9274 -0.3725
vn -0.2894 0.5376 0.7920
vn -0.1557 0.9587 0.2381
vn -0.2869 0.9309 0.2259
vn 0.2620 0.6945 -0.6701
vn 0.2230 0.8249 -0.5194
vn 0.0735 0.5264 -0.8471
vn 0.1295 0.9372 -0.3238
vn 0.1061 0.9090 -0.4031
vn 0.1993 0.0089 -0.9799
vn -0.0214 0.7109 -0.7029
vn -0.0961 0.9826 -0.1587
vn 0.8297 -0.1920 0.5242
vn 0.4272 0.9001 -0.0854
vn 0.3154 0.9439 -0.0978
vn 0.5050 0.8544 -0.1221
vn 0.2762 -0.4250 -0.8620
vn -0.0183 0.0487 -0.9986
vn 0.2627 -0.9621 -0.0733
vn 0.2330 -0.3247 -0.9167
vn 0.0989 0.8587 0.5029
vn 0.8741 0.0976 0.4759
vn 0.4368 0.7466 0.5018
vn 0.0543 -0.7809 0.6223
vn 0.4806 0.1825 0.8577
vn 0.0793 0.9481 0.3079
vn 0.0181 0.9738 0.2267
vn 0.8455 -0.3358 0.4151
vn 0.3288 0.8981 -0.2922
vn -0.6713 0.6999 -0.2441
vn -0.2987 0.8912 -0.3414
vn -0.8754 0.1747 -0.4507
vn -0.1555 -0.9750 0.1586
vn -0.8227 -0.4018 0.4022
vn -0.0218 -0.9739 0.2259
vn 0.4789 -0.8432 0.2444
vn 0.3157 -0.9044 0.2872
vn -0.3785 -0.9067 0.1862
vn 0.9220 0.2565 -0.2900
vn 0.0305 -0.9791 0.2013
vn -0.4092 -0.6992 0.5862
vn 0.3356 -0.8573 0.3905
vn -0.1375 0.4034 -0.9046
vn -0.2225 0.6582 -0.7192
vn -0.3417 0.2380 -0.9092
vn -0.0521 0.2695 -0.9616
vn -0.2225 -0.5548 0.8017
vn -0.1163 -0.8343 0.5389
vn -0.1515 -0.6421 0.7515
vn 0.2839 0.8729 -0.3968
vn 0.0702 0.7084 -0.7023
vn 0.0918 0.9669 -0.2379
vn 0.5894 0.7564 -0.2836
vn 0.6652 0.7467 0.0050
vn 0.3797 -0.5364 0.7537
vn -0.2918 -0.6435 0.7076
vn 0.2019 -0.8925 0.4034
vn -0.1160 -0.4977 0.8595
vn -0.1555 0.1890 0.9696
vn 0.1498 -0.8374 0.5257
vn 0.0595 -0.5495 0.8334
vn 0.0259 0.0336 0.9991
vn 0.0396 -0.2012 0.9787
vn 0.1923 -0.9281 -0.3190
vn 0.3326 -0.6450 -0.6881
vn 0.5825 -0.7898 -0.1921
vn 0.2075 -0.7366 -0.6437
vn 0.7505 0.6604 0.0245
vn 0.9779 0.2076 0.0244
vn 0.7855 0.6159 0.0610
vn -0.3204 -0.9093 0.2655
vn -0.3880 -0.9135 0.1222
vn -0.8216 -0.5681 -0.0481
vn -0.5988 -0.7958 0.0901
vn -0.0579 -0.9392 0.3385
vn 0.0260 -0.9987 0.0428
vn -0.3727 -0.8219 -0.4308
vn -0.0351 -0.9103 -0.4124
vn 0.8068 0.5887 0.0488
vn -0.1420 0.8920 -0.4292
vn 0.0535 0.9288 -0.3666
vn -0.6696 0.6879 -0.2800
vn -0.4834 0.8107 -0.3304
vn 0.2654 -0.8815 -0.3904
vn 0.4117 0.2318 -0.8814
vn 0.3261 -0.9448 0.0305
vn 0.2716 -0.9215 -0.2777
vn 0.0863 -0.9895 -0.1161
vn 0.3168 -0.7359 0.5985
vn -0.1205 -0.9821 -0.1449
vn 0.2711 -0.0061 -0.9625
vn 0.3565 0.7618 -0.5409
vn -0.3945 0.8929 0.2171
vn -0.1767 0.9566 0.2315
vn 0.2438 -0.8824 -0.4023
vn 0.1524 -0.0332 -0.9878
vn 0.1830 -0.8029 -0.5673
vn 0.0855 -0.6474 0.7573
vn 0.0122 -0.9990 0.0427
vn 0.2397 -0.8528 -0.4641
vn 0.4499 -0.5632 -0.6931
vn -0.3871 0.9022 -0.1905
vn 0.4229 0.8397 0.3407
vn 0.2883 0.9114 0.2936
vn 0.4617 -0.8561 0.2324
vn 0.1870 -0.9548 0.2311
vn 0.9519 -0.1222 -0.2811
vn 0.1988 -0.8930 0.4037
vn -0.4682 -0.7199 -0.5124
vn -0.0763 -0.9274 0.3661
vn 0.0770 0.5685 -0.8191
vn 0.2354 0.3115 -0.9206
vn -0.2301 0.6529 -0.7217
vn -0.1492 0.9501 -0.2741
vn -0.0153 0.9587 -0.2840
vn 0.0365 0.9736 -0.2252
vn -0.4267 0.7803 -0.4572
vn -0.5688 0.7706 -0.2875
vn -0.3175 0.9038 -0.2870
vn -0.1281 0.9881 0.0854
vn 0.1393 0.9890 0.0488
vn -0.0122 0.9957 0.0916
vn 0.5233 -0.8513 0.0366
vn 0.5488 -0.8183 0.1710
vn 0.2288 -0.9716 -0.0610
vn 0.2974 -0.9319 0.2074
vn 0.0229 -0.9754 0.2195
vn 0.6088 -0.7689 0.1953
vn 0.8467 -0.5319 0.0122
vn 0.5496 -0.7185 0.4263
vn 0.0874 -0.9793 0.1825
vn -0.1267 -0.9377 0.3236
vn -0.4289 -0.8966 -0.1099
vn -0.5277 -0.8480 0.0488
vn -0.5431 -0.8307 -0.1221
vn -0.7371 -0.5243 -0.4264
vn 0.3532 -0.9094 -0.2197
vn -0.4487 -0.8629 0.2325
vn -0.0991 -0.9153 0.3905
vn -0.7277 -0.4819 -0.4880
vn 0.6959 0.6928 0.1892
vn 0.5978 0.7839 0.1678
vn -0.6480 -0.7119 -0.2708
vn -0.3025 -0.9229 0.2384
vn 0.0671 -0.9643 0.2563
vn -0.0274 -0.9204 0.3901
vn 0.0733 -0.9346 0.3482
vn 0.0824 -0.8546 0.5127
vn 0.5970 0.7920 0.1279
vn 0.6833 0.4881 0.5430
vn 0.6041 -0.3417 -0.7200
vn -0.2442 0.7816 -0.5740
vn -0.1280 -0.9843 0.1219
vn -0.7249 -0.6396 -0.2558
vn -0.8182 -0.5618 -0.1221
vn -0.8056 -0.5798 -0.1221
vn 0.2543 -0.4392 0.8617
vn -0.0808 -0.9698 0.2302
vn 0.1614 -0.9826 0.0916
vn 0.6442 -0.1862 0.7419
vn -0.2366 -0.7388 0.6311
vn -0.2686 -0.5959 0.7568
vn -0.2566 0.9637 0.0733
vn -0.0343 -0.9430 -0.3311
vn -0.1787 -0.9684 -0.1741
vn -0.7058 -0.5750 -0.4138
vn 0.2806 -0.9486 0.1464
vn -0.0244 -0.9994 -0.0244
vn -0.9413 -0.1138 -0.3178
vn 0.2014 -0.9703 0.1343
vn -0.9262 -0.3740 0.0487
vn -0.3950 -0.8143 0.4254
vn -0.5050 -0.3164 0.8031
vn -0.3038 -0.5832 0.7534
vn -0.4618 -0.4679 0.7535
vn -0.8883 0.3894 -0.2434
vn -0.5490 0.8182 -0.1708
vn -0.5619 0.8093 -0.1710
vn -0.1954 -0.9715 -0.1343
vn 0.0611 -0.9975 0.0366
vn 0.4152 -0.8952 0.1618
vn -0.3475 -0.9374 -0.0213
vn -0.3294 -0.9426 -0.0549
vn -0.4936 -0.7160 0.4936
vn -0.4344 -0.8977 -0.0733
vn -0.2974 -0.9180 0.2623
vn -0.2657 -0.8123 0.5192
vn -0.2775 -0.8448 0.4575
vn 0.7328 -0.4290 0.5282
vn 0.7410 -0.2371 0.6282
vn 0.2403 -0.9215 0.3051
vn 0.7681 -0.5420 0.3410
vn 0.1988 0.9724 0.1223
vn 0.0977 0.9432 0.3175
vn 0.4485 0.8817 0.1464
vn -0.7703 -0.6198 -0.1498
vn -0.6010 -0.7597 0.2483
vn 0.2105 -0.9702 0.1198
vn -0.8361 -0.5439 0.0717
vn 0.2663 0.8572 0.4408
vn 0.2741 0.9442 0.1827
vn 0.1830 0.8236 0.5369
vn -0.5305 0.2256 0.8171
vn -0.4965 0.8285 -0.2589
vn -0.8339 -0.5132 0.2031
vn -0.6766 0.6949 -0.2438
vn 0.9588 0.1344 0.2504
vn 0.9117 -0.1677 0.3751
vn 0.7847 0.6198 -0.0000
vn 0.9157 0.2961 -0.2717
vn 0.7074 0.6921 -0.1433
vn 0.7726 0.4489 -0.4489
vn 0.9130 -0.2076 0.3512
vn 0.7419 -0.5312 0.4091
vn 0.2321 -0.9665 0.1099
vn 0.5848 -0.7772 0.2321
vn 0.7774 -0.5239 0.3482
vn 0.8004 -0.4262 0.4216
vn 0.7077 0.6855 0.1710
vn 0.5887 0.7991 0.1220
vn 0.1205 0.9900 0.0732
vn 0.2516 0.9440 -0.2135
vn 0.3113 0.9300 0.1953
vn 0.0732 0.9856 -0.1526
vn -0.9863 0.0038 -0.1649
vn -0.8582 0.2840 -0.4276
vn -0.9311 0.0580 -0.3602
vn -0.9295 -0.0488 -0.3657
vn -0.3590 0.7728 0.5233
vn -0.2201 0.7398 0.6358
vn -0.1337 0.5650 0.8142
vn 0.0488 -0.9951 0.0855
vn 0.1463 -0.9817 0.1219
vn -0.8787 -0.4760 0.0366
vn -0.5930 -0.6969 -0.4035
vn -0.6224 0.7750 -0.1098
vn -0.6552 -0.7103 0.2572
vn -0.8907 -0.4453 -0.0915
vn 0.2626 -0.9436 0.2015
vn 0.2642 0.9567 0.1219
vn 0.3568 0.9322 0.0611
vn 0.2161 -0.8805 -0.4219
vn 0.2010 -0.7565 -0.6223
vn 0.1900 -0.7297 -0.6568
vn 0.3012 -0.7636 -0.5712
vn 0.2973 -0.8600 -0.4147
vn -0.0887 0.3883 -0.9173
vn 0.1429 0.2372 -0.9609
vn 0.1801 -0.9799 -0.0855
vn 0.1862 -0.9724 -0.1404
vn 0.8902 -0.4024 0.2134
vn 0.2724 0.8825 -0.3834
vn 0.7182 0.6954 -0.0244
vn -0.0915 -0.9353 0.3418
vn -0.0795 -0.9663 -0.2446
vn 0.0956 -0.3360 0.9370
vn -0.3920 -0.4041 0.8265
vn -0.2920 0.1201 0.9489
vn -0.1719 -0.8394 0.5156
vn -0.1092 -0.4003 0.9098
vn 0.0519 0.9468 0.3176
vn -0.4810 -0.0061 0.8767
vn 0.5031 0.7134 0.4878
vn 0.2713 -0.8566 0.4390
vn -0.0566 0.9356 -0.3486
vn -0.0168 -0.9938 0.1099
vn 0.0671 -0.9965 0.0488
vn 0.2421 -0.1230 -0.9624
vn -0.0382 -0.7504 -0.6599
vn 0.1235 0.5632 -0.8170
vn 0.1523 -0.6152 0.7735
vn 0.2403 -0.4584 0.8557
vn 0.4321 0.8886 -0.1542
vn 0.6414 0.7636 0.0743
vn 0.7638 0.6355 0.1130
vn 0.8425 0.5250 0.1206
vn 0.7511 -0.6595 0.0305
vn 0.2780 -0.9133 0.2978
vn -0.3354 0.9341 0.1221
vn -0.0839 -0.6471 0.7578
vn -0.3030 0.8427 0.4450
vn -0.3115 -0.3482 0.8842
vn 0.8723 0.3541 -0.3373
vn 0.5812 0.7414 -0.3356
vn 0.3924 0.7572 -0.5221
vn -0.2502 0.8499 -0.4638
vn -0.1099 0.9650 -0.2381
vn 0.2930 0.9413 -0.1679
vn -0.2686 0.9575 -0.1053
vn -0.1556 0.9631 -0.2197
vn 0.0244 0.9604 -0.2777
vn 0.2212 -0.9703 -0.0976
vn 0.0184 -0.9009 0.4337
vn 0.1342 -0.8408 0.5245
vn -0.4316 -0.8968 0.0976
vn -0.3053 -0.9136 0.2687
vn 0.0580 0.9956 -0.0733
vn 0.3205 0.9463 0.0427
vn 0.9795 0.0503 0.1953
vn 0.1708 0.9853 0.0031
vn -0.5751 0.7280 -0.3732
vn -0.5183 0.7744 -0.3628
vn -0.6048 0.7086 -0.3635
vn 0.8360 -0.1588 0.5253
vn 0.7774 -0.5743 0.2566
vn 0.8180 -0.4098 0.4037
vn -0.4397 -0.8550 0.2748
vn -0.7181 0.0548 -0.6938
vn -0.1767 -0.9504 0.2559
vn -0.9153 -0.0061 -0.4027
vn 0.8679 0.4937 0.0549
vn 0.9688 0.2443 0.0428
vn 0.8980 0.4398 0.0122
vn 0.3573 -0.8581 0.3687
vn -0.7977 -0.4628 -0.3867
vn -0.5128 -0.8486 0.1301
vn -0.8441 -0.5242 -0.1127
vn 0.3726 -0.8489 0.3748
vn -0.7636 0.6048 -0.2260
vn -0.9393 0.2531 -0.2318
vn 0.9308 -0.2925 0.2194
vn -0.0489 -0.9601 0.2752
vn -0.2904 -0.9354 0.2018
vn -0.0919 -0.9434 0.3186
vn -0.2134 0.9425 0.2571
vn -0.3830 0.8212 0.4229
vn -0.3712 0.8154 0.4442
vn -0.1038 -0.7945 0.5983
vn -0.5682 -0.3967 0.7209
vn 0.1616 0.4950 -0.8537
vn 0.1847 0.2757 -0.9433
vn 0.1205 -0.9406 -0.3174
vn 0.8249 -0.4675 0.3178
vn 0.8252 -0.5455 0.1467
vn 0.5503 -0.8277 0.1098
vn -0.0183 -0.9696 0.2439
vn 0.0458 -0.9914 0.1222
vn 0.5038 -0.8037 0.3166
vn -0.2319 0.5797 0.7811
vn -0.2376 0.8896 0.3900
vn -0.2990 0.8910 0.3417
vn 0.4579 -0.7601 -0.4610
vn 0.1709 -0.8240 0.5402
vn 0.0046 -0.9179 -0.3967
vn 0.1572 -0.8494 -0.5038
vn 0.0092 -0.8638 -0.5038
vn -0.0732 -0.9958 -0.0549
vn 0.4749 -0.8489 0.2319
vn 0.3716 -0.9177 0.1404
vn 0.6933 -0.6781 0.2441
vn 0.0921 -0.9746 0.2041
vn 0.7382 -0.6365 0.2234
vn 0.9555 -0.2686 0.1221
vn 0.6316 -0.7436 -0.2194
vn -0.2484 -0.9114 -0.3281
vn -0.3395 -0.7480 0.5702
vn -0.5956 -0.0854 0.7987
vn -0.2436 -0.4392 0.8647
vn -0.2260 -0.6813 0.6962
vn -0.1648 -0.9572 0.2380
vn 0.7125 0.1831 0.6774
vn 0.1166 0.6526 0.7487
vn 0.7133 0.3055 0.6308
vn 0.6368 -0.7251 0.2620
vn 0.6679 0.5124 0.5398
vn -0.8704 0.2815 -0.4039
vn -0.7199 0.5044 -0.4769
vn -0.8107 0.4472 -0.3779
vn -0.9621 0.1220 -0.2440
vn -0.3833 0.4563 0.8031
vn -0.0183 0.8859 0.4635
vn 0.0367 -0.9800 0.1957
vn -0.5892 0.1887 0.7856
vn -0.2475 0.3109 0.9176
vn 0.5673 0.8144 0.1220
vn 0.8041 0.5695 0.1706
vn -0.8708 0.4033 0.2811
vn -0.3774 -0.3896 0.8401
vn -0.4972 -0.5918 0.6345
vn -0.3602 -0.9193 -0.1588
vn -0.7443 -0.6516 -0.1464
vn -0.1629 0.9863 0.0274
vn -0.1924 0.9770 -0.0916
vn -0.3524 0.9356 -0.0213
vn 0.5955 -0.8000 0.0733
vn 0.3333 -0.9418 -0.0428
vn -0.7515 0.4430 -0.4888
vn -0.8152 0.3771 -0.4397
vn -0.9453 0.1662 -0.2806
vn -0.7077 0.5582 -0.4331
vn -0.5820 0.6597 -0.4754
vn -0.0488 0.9976 -0.0488
vn -0.4039 0.8017 0.4406
vn -0.6490 0.7592 0.0490
vn -0.1029 -0.0560 0.9931
vn -0.1775 0.9225 0.3427
vn 0.5373 0.8426 0.0366
vn 0.1981 0.9753 0.0975
vn -0.0306 0.9193 -0.3923
vn -0.8141 -0.3524 -0.4617
vn 0.2691 0.8501 -0.4526
vn -0.1997 -0.4696 0.8600
vn 0.4024 0.8902 -0.2134
vn 0.0672 0.9747 -0.2132
vn 0.2787 -0.8823 0.3792
vn 0.5187 -0.7936 0.3181
vn 0.4688 0.8615 -0.1952
vn 0.2657 0.7252 -0.6352
vn 0.3020 0.4759 -0.8260
vn 0.2578 0.2929 -0.9207
vn 0.0824 -0.9943 -0.0671
vn -0.1053 -0.9826 0.1533
vn -0.3534 0.9354 -0.0122
vn -0.5738 0.8058 -0.1465
vn -0.4460 0.8920 0.0733
vn -0.7856 0.5786 -0.2192
vn 0.2086 0.9660 0.1528
vn -0.8786 -0.4309 -0.2059
vn -0.9860 0.0897 -0.1404
vn -0.6932 0.6741 -0.2550
vn -0.1985 0.9717 -0.1284
vn -0.1773 0.9132 -0.3668
vn 0.1831 0.9523 -0.2442
vn -0.1832 0.5800 -0.7937
vn 0.1281 0.6824 -0.7197
vn 0.2440 -0.9546 0.1708
vn 0.4398 -0.8642 0.2443
vn -0.6239 0.7462 -0.2324
vn -0.7560 -0.6432 -0.1219
vn 0.9870 -0.0732 0.1434
vn -0.3238 0.8950 0.3070
vn -0.5561 0.8311 -0.0046
vn -0.4328 0.8777 -0.2057
vn -0.3144 0.9492 -0.0153
vn -0.1587 0.9764 0.1465
vn -0.2617 0.9007 0.3469
vn -0.1767 0.8408 0.5118
vn 0.3211 0.4526 -0.8319
vn -0.6168 0.7420 -0.2626
vn -0.5495 0.8151 -0.1832
vn 0.6361 -0.7086 0.3054
vn 0.9097 -0.3446 0.2318
vn -0.1078 0.9540 -0.2798
vn 0.1526 -0.9787 -0.1374
vn 0.1800 -0.8905 0.4180
vn -0.0915 -0.9897 -0.1098
vn -0.7378 0.4634 -0.4908
vn -0.7664 -0.5862 0.2626
vn -0.7519 0.4677 -0.4646
vn -0.8389 0.3661 -0.4027
vn 0.1518 0.8177 -0.5553
vn 0.7427 -0.3729 -0.5562
vn 0.7998 0.4758 0.3660
vn 0.1785 0.9644 -0.1953
vn 0.5070 0.8553 -0.1069
vn 0.5893 0.7816 -0.2046
vn 0.2837 0.9257 -0.2501
vn 0.5307 -0.8326 -0.1586
vn 0.3268 0.9438 -0.0489
vn 0.0091 0.9873 -0.1585
vn 0.1803 0.9288 -0.3239
vn 0.6280 -0.6920 0.3559
vn 0.3109 -0.7925 0.5246
vn 0.6287 -0.6958 0.3472
vn 0.0145 -0.9481 0.3178
vn -0.0274 -0.9304 -0.3655
vn -0.2289 -0.9734 -0.0122
vn -0.2579 -0.9612 -0.0977
vn 0.4545 0.8663 -0.2074
vn 0.5434 0.8243 -0.1588
vn 0.6703 0.7207 -0.1771
vn -0.6106 0.3419 -0.7144
vn -0.8426 0.4702 -0.2626
vn 0.2457 0.3951 -0.8852
vn 0.2543 0.4020 -0.8796
vn 0.2527 0.3109 -0.9162
vn 0.8379 -0.3358 0.4304
vn 0.3397 -0.8653 0.3687
vn 0.9451 -0.1160 0.3054
vn 0.9408 -0.2749 0.1985
vn -0.0487 -0.9771 0.2070
vn 0.0702 -0.9672 0.2441
vn -0.0611 -0.9233 0.3791
vn -0.2745 -0.9484 0.1586
vn 0.9552 0.0366 0.2937
vn 0.3631 -0.7078 0.6060
vn 0.3995 -0.8577 0.3236
vn -0.0870 -0.9216 0.3784
vn -0.8212 0.4762 -0.3144
vn -0.4612 -0.8797 0.1161
vn -0.1467 0.9843 0.0978
vn -0.0795 0.9599 0.2690
vn -0.8808 0.4312 -0.1957
vn 0.5065 -0.8338 0.2197
vn -0.8299 -0.4821 -0.2807
vn -0.7081 0.7020 -0.0763
vn -0.8006 0.2445 0.5470
vn -0.5625 0.8163 0.1315
vn 0.3790 -0.9199 0.1009
vn 0.2704 -0.9470 -0.1734
vn -0.2654 -0.7871 -0.5568
vn -0.3112 -0.9274 0.2075
vn -0.1097 -0.9266 0.3597
vn 0.2780 -0.8508 0.4460
vn -0.7422 -0.6689 -0.0428
vn -0.6371 -0.7667 0.0793
vn -0.7904 -0.6119 -0.0305
vn -0.1006 -0.1951 -0.9756
vn -0.1386 0.5423 -0.8287
vn -0.2407 0.7190 -0.6520
vn -0.0183 -0.9280 0.3722
vn -0.1251 -0.8458 0.5186
vn 0.0092 0.4920 -0.8706
vn 0.7216 0.6241 -0.2998
vn 0.4457 0.8793 -0.1679
vn 0.2023 0.9651 -0.1664
vn 0.7168 0.6857 -0.1270
vn 0.5684 -0.7028 0.4278
vn 0.1675 -0.2147 -0.9622
vn -0.1283 0.8559 -0.5009
vn 0.1377 0.7589 -0.6365
vn 0.1526 -0.4392 -0.8853
vn 0.1645 0.1051 -0.9808
vn 0.5344 -0.8324 0.1466
vn 0.8781 0.3473 0.3290
vn 0.8659 0.5000 0.0122
vn 0.7836 0.1277 0.6080
vn 0.4878 -0.5296 0.6940
vn -0.6357 -0.5818 0.5073
vn -0.8443 -0.5353 -0.0245
vn 0.6266 0.4696 0.6220
vn 0.5453 0.8310 0.1100
vn 0.6975 0.6593 0.2808
vn -0.2845 -0.8750 -0.3916
vn 0.1450 -0.9893 0.0122
vn 0.2381 -0.9708 0.0305
vn 0.3748 0.2803 -0.8837
vn 0.0397 -0.5897 -0.8066
vn -0.1482 -0.9656 0.2139
vn -0.2867 0.9517 0.1098
vn -0.4513 0.8294 0.3293
vn 0.1037 0.6161 0.7808
vn -0.7620 0.6279 0.1585
vn 0.6807 0.0946 -0.7265
vn 0.5511 0.1557 -0.8198
vn 0.6677 0.2073 -0.7150
vn 0.0426 0.9988 0.0244
vn -0.0252 0.9994 0.0244
vn 0.0172 0.9992 0.0366
vn -0.1144 0.8969 0.4271
vn -0.1780 0.6297 0.7562
vn -0.0915 -0.6618 0.7441
vn -0.0674 -0.4413 0.8948
vn -0.3934 0.8784 -0.2714
vn -0.3731 0.8869 -0.2722
vn -0.1651 0.8563 -0.4893
vn 0.5557 -0.7904 0.2580
vn 0.7473 -0.5498 0.3733
vn 0.3814 -0.9218 -0.0702
vn -0.4869 -0.8704 0.0730
vn -0.7368 -0.6481 0.1926
vn -0.3141 -0.8722 0.3751
vn -0.5919 -0.0305 -0.8054
vn -0.8841 -0.4634 0.0610
vn -0.1465 -0.9889 0.0244
vn -0.4824 -0.8674 -0.1221
vn -0.6718 -0.7306 0.1221
vn -0.2352 -0.9391 0.2504
vn -0.7069 -0.7069 -0.0213
vn -0.5092 -0.8354 0.2068
vn -0.7413 -0.6711 0.0126
vn -0.1681 -0.9535 0.2502
vn -0.8548 -0.5190 -0.0041
vn -0.2200 -0.9594 0.1765
vn 0.3779 -0.8168 -0.4358
vn 0.2691 -0.7817 -0.5626
vn 0.2995 -0.2172 -0.9291
vn 0.2959 0.3115 -0.9030
vn 0.1620 0.6864 -0.7089
vn 0.6806 0.1881 -0.7081
vn 0.7812 -0.4821 0.3967
vn -0.0295 0.2754 -0.9609
vn -0.6398 0.7434 -0.1950
vn -0.3784 0.9217 -0.0855
vn 0.0243 -0.2252 0.9740
vn 0.0365 -0.6416 0.7662
vn 0.0061 -0.6964 0.7177
vn 0.5961 -0.5961 0.5380
vn 0.8816 -0.3383 0.3292
vn 0.9327 -0.0701 0.3537
vn -0.0847 0.8360 -0.5421
vn -0.2432 0.7442 -0.6222
vn -0.0638 0.4334 -0.8989
vn -0.5241 -0.8494 -0.0609
vn -0.7260 -0.6768 -0.1220
vn 0.2682 -0.9020 0.3383
vn -0.0427 -0.8140 0.5793
vn -0.1555 -0.9176 0.3658
vn 0.3720 -0.7897 0.4878
vn 0.2479 0.3264 -0.9121
vn 0.4408 0.7144 -0.5434
vn 0.4685 0.6559 -0.5919
vn -0.2960 0.0977 -0.9502
vn 0.4917 0.7269 -0.4795
vn -0.9267 0.3414 -0.1570
vn -0.4118 -0.8054 0.4263
vn 0.8552 -0.0733 0.5131
vn 0.1397 0.9318 -0.3350
vn 0.3692 0.9196 -0.1340
vn 0.3395 0.8686 -0.3609
vn -0.3523 -0.8803 0.3179
vn -0.2430 -0.9356 0.2560
vn -0.0107 -0.1191 0.9928
vn -0.1084 -0.5128 0.8516
vn 0.4875 -0.8620 0.1391
vn -0.0198 -0.5311 -0.8471
vn 0.8593 0.0427 -0.5098
vn 0.4080 0.9012 -0.1461
vn 0.5518 0.8162 -0.1712
vn 0.8848 -0.3810 0.2683
vn -0.8853 -0.3152 -0.3419
vn -0.1951 -0.9658 0.1707
vn -0.2992 -0.9542 -0.0000
vn -0.9357 -0.3119 -0.1651
vn 0.0000 -0.9999 0.0137
vn -0.5794 -0.7502 -0.3187
vn -0.4270 -0.9028 0.0511
vn -0.0183 -0.9805 0.1955
vn -0.0518 0.7714 -0.6342
vn -0.0366 0.4457 -0.8944
vn -0.3115 0.5222 -0.7939
vn -0.7133 -0.6524 0.2561
vn -0.2016 -0.9223 0.3298
vn 0.4352 0.8840 -0.1707
vn 0.1341 0.9451 -0.2980
vn 0.4636 0.8708 -0.1637
vn 0.1693 0.9822 -0.0808
vn -0.4452 0.1403 0.8844
vn 0.1282 -0.3419 0.9310
vn -0.1588 -0.1191 0.9801
vn -0.2928 -0.6497 0.7015
vn -0.0917 -0.5622 0.8219
vn 0.7981 -0.5696 0.1965
vn 0.3476 -0.8659 0.3598
vn -0.8371 0.5469 -0.0092
vn -0.8602 0.5063 -0.0610
vn -0.7457 -0.6571 -0.1100
vn 0.1036 0.9814 0.1615
vn 0.3738 0.8980 0.2321
vn 0.2121 0.9766 0.0366
vn 0.1637 0.9860 0.0305
vn 0.7715 -0.6346 0.0464
vn 0.9261 -0.2993 -0.2299
vn -0.9122 -0.4027 -0.0763
vn -0.0412 0.9038 -0.4259
vn -0.0122 0.9416 -0.3365
vn 0.4450 0.8578 -0.2573
vn 0.4126 0.8753 -0.2523
vn 0.4320 0.8640 -0.2586
vn -0.6657 0.6535 -0.3603
vn -0.4640 0.8120 -0.3541
vn -0.6262 0.6781 -0.3849
vn 0.0700 0.9801 -0.1857
vn -0.1740 -0.0550 0.9832
vn -0.2145 0.9555 0.2024
vn 0.7620 0.6475 0.0122
vn 0.7139 0.7002 -0.0000
vn -0.3911 0.3070 0.8676
vn -0.1355 -0.5618 0.8161
vn -0.0082 0.7652 0.6437
vn -0.1588 -0.9836 0.0855
vn -0.8308 -0.5315 -0.1649
vn -0.4461 -0.8862 0.1253
vn -0.2753 -0.9481 0.1590
vn -0.8877 0.4088 -0.2120
vn -0.9807 0.1894 -0.0489
vn -0.9803 0.0611 -0.1880
vn -0.2136 -0.9519 0.2197
vn -0.8070 -0.5319 -0.2568
vn 0.3231 -0.9144 0.2438
vn 0.3923 0.9189 0.0427
vn 0.3663 -0.9225 0.1221
vn -0.1022 -0.7586 0.6435
vn 0.8411 -0.2564 0.4763
vn -0.2893 -0.2436 0.9257
vn -0.2958 0.7686 0.5673
vn -0.2159 0.6203 0.7541
vn 0.8177 0.5744 0.0367
vn 0.8406 0.5004 -0.2075
vn 0.6996 -0.6585 0.2774
vn 0.5762 -0.7682 0.2789
vn 0.8377 -0.5075 0.2018
vn -0.8368 0.5008 -0.2214
vn -0.8656 0.4527 -0.2141
vn -0.9965 0.0795 -0.0260
vn -0.4756 -0.8749 0.0915
vn 0.1106 -0.9769 -0.1831
vn -0.1754 -0.9380 -0.2989
vn -0.1548 -0.9788 -0.1342
vn 0.7432 -0.6579 -0.1218
vn 0.2141 -0.8687 0.4466
vn -0.0122 -0.1465 0.9891
vn 0.0092 0.8889 -0.4580
vn -0.7503 0.5097 -0.4209
vn 0.2288 0.9331 -0.2776
vn 0.8577 0.5128 0.0366
vn 0.7341 0.6777 0.0427
vn -0.0061 0.3235 -0.9462
vn -0.1895 -0.4814 0.8558
vn -0.0244 -0.9037 0.4274
vn -0.1708 0.8454 0.5062
vn -0.1524 -0.1600 0.9753
vn 0.0305 -0.9968 -0.0733
vn -0.0423 -0.4921 0.8695
vn 0.0244 0.9985 0.0488
vn 0.1410 0.4230 -0.8951
vn 0.4414 -0.4123 -0.7970
vn -0.1643 0.4974 -0.8518
vn 0.2350 -0.9245 -0.3000
vn 0.2345 -0.9009 -0.3652
vn -0.7746 0.5931 -0.2196
vn -0.6353 0.7239 -0.2688
vn -0.2529 0.9383 -0.2358
vn -0.1311 0.9388 -0.3185
vn 0.5527 -0.7207 0.4184
vn 0.3849 -0.8522 0.3543
vn 0.7196 -0.5428 0.4330
vn -0.0304 0.9959 -0.0850
vn -0.2287 0.9392 -0.2561
vn 0.2259 -0.9692 0.0977
vn 0.4714 -0.8734 0.1222
vn 0.2638 -0.9639 -0.0366
vn -0.4628 -0.8448 -0.2684
vn -0.5012 0.7671 -0.4004
vn -0.5457 0.6920 -0.4725
vn -0.9725 -0.1616 -0.1677
vn -0.0336 -0.4820 0.8755
vn 0.1950 -0.9567 0.2163
vn 0.2294 -0.9299 0.2875
vn -0.9623 -0.2619 -0.0731
vn 0.1370 -0.9436 0.3014
vn -0.8009 -0.4280 0.4188
vn 0.5188 -0.8545 0.0244
vn -0.3357 -0.6072 0.7201
vn -0.7565 0.6467 0.0976
vn -0.3900 0.9049 0.1706
vn -0.2689 0.7518 0.6021
vn 0.0061 0.9848 -0.1738
vn -0.1649 0.9861 0.0183
vn -0.0489 0.9931 0.1069
vn 0.2064 0.9599 -0.1895
vn -0.2809 -0.9559 -0.0855
vn -0.8604 -0.4599 -0.2197
vn -0.8035 -0.5581 -0.2070
vn 0.7716 -0.4026 0.4925
vn 0.1710 0.8093 -0.5619
vn 0.0427 0.9822 -0.1830
vn 0.0244 0.9040 -0.4268
vn 0.3016 0.5239 -0.7966
vn 0.1905 0.4427 -0.8762
vn 0.3295 0.4784 -0.8140
vn -0.5063 -0.6650 0.5490
vn -0.1283 -0.3145 0.9405
vn -0.1287 -0.6067 0.7844
vn -0.7162 -0.6979 -0.0000
vn 0.8712 0.4891 -0.0428
vn 0.9350 0.2078 0.2872
vn 0.6042 -0.3947 0.6922
vn -0.2374 0.9435 0.2313
vn 0.3155 0.9154 -0.2500
vn -0.2624 -0.9637 -0.0488
vn 0.0518 0.9195 0.3897
vn 0.0984 0.8299 0.5492
vn 0.2662 0.8634 0.4286
vn -0.4740 -0.8563 0.2049
vn -0.0367 -0.9748 0.2200
vn -0.0732 -0.4715 0.8788
vn 0.1710 -0.9850 0.0244
vn 0.0122 0.6940 -0.7199
vn 0.3786 -0.9216 0.0855
vn 0.7594 -0.5679 0.3175
vn 0.2690 -0.9230 0.2751
vn 0.7833 -0.5115 0.3532
vn 0.4657 -0.8306 0.3054
vn -0.3183 -0.9290 0.1888
vn -0.2013 -0.9546 0.2196
vn -0.0283 -0.9751 0.2201
vn 0.9830 0.0488 0.1769
vn 0.7856 -0.5194 0.3361
vn 0.0852 -0.9856 0.1460
vn -0.1841 -0.0491 0.9817
vn 0.2290 -0.9345 0.2726
vn -0.1759 -0.0853 0.9807
vn -0.6389 -0.7184 -0.2751
vn 0.3441 0.7081 0.6166
vn 0.6018 0.7100 0.3657
vn 0.6944 0.6502 0.3083
vn 0.7958 -0.6054 -0.0122
vn 0.8536 0.5065 -0.1220
vn 0.9394 0.3419 0.0244
vn -0.4635 0.8385 -0.2866
vn -0.7756 0.6076 -0.1710
vn 0.4247 -0.8682 -0.2567
vn -0.2709 0.8339 -0.4809
vn 0.2499 -0.9508 0.1829
vn 0.5892 0.2389 0.7718
vn 0.4630 0.5181 0.7192
vn -0.5750 0.0305 -0.8176
vn -0.7836 -0.5545 -0.2803
vn -0.8238 -0.3724 0.4274
vn -0.5955 -0.7836 0.1771
vn -0.4127 -0.8969 0.1587
vn -0.1915 -0.9368 0.2929
vn 0.3964 0.8751 -0.2775
vn 0.7745 0.0412 0.6312
vn 0.8977 0.4061 0.1710
vn 0.5615 0.8193 -0.1160
vn 0.3240 0.9413 -0.0947
vn 0.3762 0.9176 -0.1281
vn -0.3207 0.8323 -0.4521
vn -0.2752 0.9264 -0.2568
vn 0.4630 0.8259 -0.3218
vn 0.9095 0.0000 -0.4158
vn 0.9328 -0.3542 0.0672
vn 0.2353 0.9230 -0.3045
vn -0.4481 0.5487 -0.7057
vn 0.9026 -0.3278 0.2790
vn 0.6864 -0.6727 0.2761
vn -0.4336 0.8275 -0.3567
vn -0.6867 0.6653 -0.2930
vn 0.4934 -0.6832 0.5383
vn 0.1284 -0.7754 0.6182
vn 0.1357 -0.8997 -0.4148
vn 0.3911 -0.8839 -0.2564
vn 0.4762 -0.8412 -0.2562
vn -0.3826 -0.5265 0.7592
vn 0.1465 0.0122 0.9891
vn -0.1709 0.9841 0.0488
vn 0.0943 0.7970 -0.5965
vn 0.1220 0.9877 0.0976
vn -0.2353 0.8786 -0.4156
vn 0.7591 0.6494 0.0453
vn 0.1966 -0.9145 0.3536
vn 0.6385 -0.7445 0.1953
vn 0.5577 -0.7967 0.2329
vn 0.0061 -0.8869 0.4620
vn -0.0366 -0.6228 0.7815
vn -0.1799 -0.5474 0.8173
vn -0.8416 0.4879 -0.2317
vn -0.7418 0.6202 -0.2554
vn 0.4010 0.9149 0.0457
vn 0.5584 0.8269 0.0671
vn 0.3783 -0.9244 0.0488
vn -0.3176 -0.9482 -0.0000
vn -0.3727 -0.8952 -0.2444
vn 0.0884 -0.2012 0.9756
vn 0.2283 -0.9681 0.1035
vn -0.0611 -0.2016 0.9776
vn 0.2812 -0.6847 0.6724
vn 0.2991 -0.9539 -0.0244
vn 0.9019 -0.3562 0.2446
vn 0.4600 -0.8713 0.1706
vn 0.5210 -0.8180 0.2437
vn 0.1219 0.8902 0.4390
vn -0.1039 0.6847 0.7214
vn 0.1753 0.9696 0.1707
vn -0.0072 -0.9698 0.2440
vn -0.7714 -0.6191 -0.1469
vn -0.5252 -0.8488 0.0611
vn -0.9088 -0.2562 -0.3294
vn -0.2103 -0.9632 0.1676
vn -0.4970 -0.8476 0.1860
vn 0.1190 0.2716 -0.9550
vn -0.5644 -0.7658 0.3082
vn 0.1163 0.7351 -0.6680
vn 0.2259 0.6722 -0.7050
vn -0.8195 -0.5351 -0.2049
vn -0.8369 -0.5468 0.0244
vn -0.6048 0.7804 -0.1588
vn 0.6099 -0.7455 0.2689
vn 0.1802 -0.9103 0.3727
vn 0.6044 -0.7692 0.2076
vn -0.3594 -0.8471 -0.3915
vn 0.4840 0.0936 -0.8700
vn -0.3111 0.8296 -0.4636
vn -0.9831 -0.1465 -0.1099
vn -0.4644 -0.2506 -0.8494
vn -0.1469 -0.9184 0.3674
vn 0.7357 -0.5983 0.3175
vn -0.1527 0.5542 -0.8183
vn 0.7982 0.5453 0.2559
vn 0.8304 0.4579 0.3175
vn 0.4521 -0.8675 0.2077
vn -0.6773 0.5308 -0.5095
vn -0.8317 0.3608 -0.4220
vn -0.4209 0.3599 0.8327
vn 0.2962 -0.8244 0.4824
vn 0.4932 0.8402 -0.2253
vn 0.4792 0.8394 -0.2564
vn -0.0004 -0.9526 0.3042
vn 0.1838 -0.6405 0.7457
vn 0.4311 -0.6568 0.6186
vn -0.3429 0.6002 0.7226
vn 0.7839 -0.1463 0.6034
vn -0.0381 -0.9993 -0.0061
vn -0.3229 0.9261 -0.1950
vn -0.4389 0.8595 -0.2621
vn -0.7270 -0.6721 0.1405
vn -0.5978 -0.6496 -0.4697
vn -0.9478 0.2629 -0.1804
vn -0.2806 0.9515 0.1266
vn -0.2157 0.9242 0.3152
vn -0.3467 0.8290 0.4389
vn -0.3280 0.9092 0.2563
vn -0.3112 -0.9267 0.2105
vn -0.0488 -0.9937 0.1007
vn -0.3418 -0.9347 -0.0977
vn -0.4578 -0.7711 -0.4426
vn -0.4057 -0.8694 -0.2822
vn -0.3324 -0.8843 -0.3278
vn 0.0731 0.0876 -0.9935
vn 0.4179 -0.8923 -0.1708
vn 0.2614 -0.8590 0.4402
vn 0.4517 -0.8820 -0.1343
vn -0.0672 -0.9230 0.3790
vn 0.2995 -0.9458 -0.1253
vn -0.2258 -0.9725 0.0564
vn -0.5642 -0.8257 -0.0000
vn 0.9168 -0.3112 0.2502
vn 0.8607 -0.5058 0.0579
vn 0.0824 0.9488 -0.3051
vn 0.4580 0.8153 -0.3542
vn 0.2959 0.9457 -0.1342
vn -0.9199 0.3362 -0.2017
vn 0.1253 0.8456 0.5189
vn -0.0581 -0.4416 0.8953
vn -0.4397 -0.8976 0.0305
vn -0.6112 -0.7854 -0.0978
vn -0.8065 -0.5438 0.2322
vn -0.6487 0.7206 -0.2448
vn -0.4886 0.8444 -0.2199
vn -0.8319 -0.5413 -0.1223
vn -0.3846 0.8363 -0.3907
vn 0.0748 -0.9645 -0.2533
vn -0.3242 0.6116 0.7217
vn -0.5009 0.8186 -0.2810
vn -0.2193 0.9046 -0.3655
vn -0.3297 0.8823 -0.3358
vn -0.1160 0.7234 -0.6806
vn -0.5115 -0.3928 -0.7642
vn -0.2259 -0.9220 0.3145
vn -0.8234 -0.5276 -0.2089
vn -0.3706 0.8332 0.4105
vn 0.0824 0.0122 -0.9965
vn 0.5097 0.0000 -0.8603
vn -0.5190 -0.8381 0.1679
vn -0.0214 -0.8855 -0.4641
vn -0.3138 0.6056 0.7313
vn -0.2531 0.9500 0.1830
vn -0.9506 -0.2704 -0.1523
vn 0.0611 -0.9906 -0.1221
vn 0.5794 0.8134 -0.0520
vn 0.5663 0.7915 0.2298
vn 0.7505 -0.6471 -0.1343
vn 0.1984 -0.8698 -0.4517
vn 0.4307 0.8880 -0.1612
vn -0.8167 0.4937 -0.2987
vn -0.9929 0.0061 0.1191
vn -0.5182 0.8490 0.1036
vn -0.8660 0.4604 0.1952
vn -0.8417 0.4536 -0.2928
vn 0.9604 -0.2474 -0.1283
vn 0.4604 -0.8872 0.0305
vn 0.8161 -0.5492 -0.1800
vn 0.5627 -0.7168 0.4118
vn 0.1631 -0.9695 -0.1829
vn -0.6586 -0.7500 -0.0610
vn 0.7802 0.6168 0.1038
vn 0.7169 -0.3783 0.5857
vn 0.7138 0.6986 0.0488
vn 0.8406 0.5304 -0.1097
vn 0.3253 0.9377 -0.1222
vn 0.0838 0.9933 -0.0795
vn 0.9472 -0.2076 0.2442
vn -0.2808 -0.8226 0.4945
vn -0.2653 -0.9489 0.1708
vn -0.0183 -0.9971 -0.0732
vn -0.0519 -0.7945 0.6050
vn 0.0744 -0.4964 0.8649
vn -0.6707 0.6829 -0.2896
vn -0.9826 0.1099 -0.1495
vn -0.9445 0.0975 -0.3138
vn 0.0718 0.7613 -0.6444
vn -0.8209 0.5108 -0.2554
vn -0.0976 -0.9942 0.0457
vn 0.5437 -0.8369 -0.0641
vn 0.2747 -0.9033 0.3296
vn -0.2928 0.4239 -0.8571
vn -0.1009 0.9784 -0.1804
vn 0.4417 -0.8437 0.3051
vn 0.7784 0.5270 0.3412
vn 0.5776 0.7295 0.3663
vn -0.0518 -0.5391 0.8406
vn 0.6640 0.7174 0.2107
vn -0.0091 0.6696 -0.7427
vn 0.9329 -0.1707 -0.3171
vn 0.8908 -0.3524 0.2868
vn -0.7996 -0.4059 -0.4425
vn 0.8617 -0.5072 0.0122
vn -0.4942 -0.8419 -0.2166
vn -0.6591 -0.7491 0.0671
vn -0.8490 -0.5283 0.0061
vn -0.6801 -0.6526 0.3339
vn 0.6712 0.4210 -0.6102
vn 0.7147 -0.6697 0.2016
vn 0.8742 -0.1765 -0.4524
vn -0.1282 -0.0916 0.9875
vn -0.2764 -0.8487 0.4508
vn 0.2697 -0.8852 -0.3790
vn -0.2289 -0.6925 0.6841
vn 0.6810 -0.2223 -0.6978
vn 0.9104 0.3579 0.2076
vn 0.2178 -0.7721 0.5970
vn -0.2622 0.8750 -0.4070
vn -0.5681 0.7086 -0.4185
vn -0.6051 -0.6968 0.3851
vn 0.2449 -0.4164 0.8756
vn -0.3602 -0.9066 0.2198
vn -0.9792 -0.1775 -0.0979
vn -0.0244 0.9520 -0.3051
vn -0.4581 0.7505 -0.4764
vn -0.9528 0.2424 -0.1829
vn 0.9884 0.1510 -0.0177
vn 0.9148 -0.1342 0.3811
vn 0.5243 0.8505 0.0412
vn 0.4001 0.9162 -0.0229
vn -0.0641 0.9558 -0.2868
vn 0.1007 0.7315 -0.6743
vn -0.5559 0.8064 -0.2016
vn -0.4029 0.8607 -0.3113
vn 0.3905 0.8420 -0.3722
vn 0.2673 0.9592 -0.0916
vn 0.5741 0.7736 -0.2680
vn 0.5284 0.8247 -0.2016
vn 0.5856 0.7819 -0.2138
vn 0.5797 0.7933 -0.1861
vn 0.8620 -0.0853 0.4997
vn 0.2053 -0.6084 0.7666
vn 0.1286 -0.4654 0.8757
vn -0.3333 -0.9050 0.2645
vn -0.1008 -0.9832 0.1519
vn -0.5306 -0.6647 -0.5260
vn 0.0305 -0.6659 0.7454
vn 0.1530 0.1316 -0.9794
vn -0.0519 0.1344 -0.9896
vn -0.1603 -0.9463 -0.2808
vn -0.2106 -0.9769 0.0366
vn 0.1313 0.8974 -0.4212
vn 0.8641 0.4816 -0.1463
vn 0.8548 0.4701 0.2198
vn 0.8831 0.4457 0.1465
vn 0.7970 0.6035 0.0244
vn 0.6862 0.7274 0.0061
vn 0.9350 -0.2961 0.1954
vn 0.5893 -0.7775 0.2195
vn 0.5160 0.8524 -0.0852
vn 0.6165 0.7813 -0.0977
vn -0.0214 -0.9997 -0.0092
vn -0.2288 -0.9734 0.0153
vn 0.3326 0.9400 0.0763
vn 0.5644 0.3813 -0.7322
vn 0.3335 -0.4429 -0.8322
vn -0.9600 0.1768 -0.2171
vn -0.6667 -0.6973 0.2634
vn -0.5005 0.7630 -0.4090
vn -0.0015 0.9756 -0.2195
vn 0.0653 0.9931 -0.0978
vn 0.5656 0.8202 -0.0854
vn -0.8238 -0.4378 0.3600
vn 0.2669 -0.8481 0.4576
vn 0.7757 -0.2932 0.5589
vn 0.3721 -0.7550 0.5399
vn 0.7758 -0.4696 0.4215
vn 0.9996 0.0244 0.0160
vn -0.5566 0.7860 -0.2691
vn 0.7714 0.3670 0.5199
vn -0.0198 -0.7569 0.6532
vn -0.6983 -0.3419 -0.6289
vn -0.4424 -0.8955 -0.0491
vn 0.1514 0.0008 -0.9885
vn 0.2794 0.7916 -0.5435
vn -0.2867 0.7808 -0.5551
vn -0.0153 0.9992 -0.0367
vn 0.0918 0.3543 -0.9306
vn -0.8685 0.2022 -0.4526
vn -0.3298 0.0809 -0.9406
vn -0.3479 -0.9370 0.0305
vn -0.8958 -0.4273 -0.1219
vn -0.9017 -0.3183 -0.2925
vn -0.7199 0.6810 -0.1342
vn -0.7147 0.6811 -0.1588
vn -0.3725 0.9121 -0.1710
vn -0.5805 0.7707 -0.2628
vn -0.7494 -0.6268 0.2133
vn -0.4394 -0.8924 0.1026
vn -0.0183 -0.9654 0.2600
vn 0.2563 -0.9550 0.1495
vn 0.1587 -0.9501 0.2686
vn -0.9390 0.2424 -0.2439
vn -0.9434 -0.3260 0.0609
vn 0.1463 -0.9844 -0.0975
vn 0.1494 -0.9760 0.1586
vn 0.2382 0.8750 -0.4215
vn 0.2688 0.7345 -0.6231
vn 0.5618 0.8152 -0.1405
vn 0.4206 0.4526 -0.7863
vn -0.0061 0.0487 0.9988
vn 0.8018 0.4731 0.3651
vn 0.7123 -0.6741 -0.1956
vn 0.6287 0.5649 0.5345
vn 0.2608 0.8724 0.4133
vn 0.8752 -0.0794 0.4773
vn 0.8410 -0.3172 0.4384
vn -0.1160 -0.7234 0.6806
vn -0.2679 0.9255 -0.2679
vn -0.5377 0.8249 -0.1742
vn -0.8509 -0.5124 -0.1159
vn -0.8438 -0.5361 -0.0244
vn -0.2073 0.9771 0.0488
vn -0.2021 0.5528 0.8085
vn 0.5899 -0.7820 0.2012
vn 0.9422 -0.1517 0.2988
vn 0.6742 -0.7376 -0.0366
vn -0.5131 0.7911 0.3329
vn -0.2259 0.8976 -0.3786
vn -0.4287 0.8696 -0.2450
vn -0.4602 0.5768 -0.6749
vn 0.2383 0.9042 -0.3544
vn 0.6344 -0.5734 0.5185
vn -0.1525 0.6772 0.7199
vn -0.5075 0.8225 -0.2568
vn -0.7699 -0.6263 -0.1222
vn 0.6395 0.7535 0.1525
vn 0.9844 -0.0366 0.1719
vn 0.9875 0.0305 -0.1549
vn 0.7153 -0.2684 0.6452
vn 0.5626 -0.1832 0.8062
vn -0.1891 -0.9807 0.0489
vn 0.0176 -0.9417 -0.3359
vn 0.6870 0.7267 -0.0061
vn 0.8303 0.2992 0.4701
vn -0.5063 0.8602 0.0610
vn 0.3601 -0.8668 0.3449
vn 0.6716 -0.6975 0.2500
vn 0.6022 -0.3668 0.7091
vn 0.0015 -0.9853 0.1710
vn -0.4365 0.8578 -0.2715
vn -0.3755 0.9167 -0.1366
vn -0.9651 -0.2413 -0.1016
vn -0.5006 0.8357 -0.2259
vn 0.1837 -0.9602 -0.2103
vn 0.7339 -0.6516 -0.1918
vn 0.9925 -0.0733 0.0977
vn 0.9620 0.1619 0.2199
vn -0.1710 0.9284 -0.3298
vn -0.1280 0.9448 -0.3017
vn 0.1590 -0.5418 -0.8253
vn -0.1985 -0.9522 -0.2321
vn 0.8453 -0.4464 0.2935
vn 0.4033 -0.9131 0.0609
vn 0.8812 0.0549 0.4696
vn 0.8146 -0.5217 -0.2532
vn 0.7363 0.0458 0.6752
vn -0.2013 -0.8510 0.4850
vn 0.5586 0.8272 0.0610
vn 0.8493 0.4216 0.3177
vn -0.3676 0.7451 0.5565
vn -0.3808 -0.9207 -0.0854
vn -0.0389 -0.8243 0.5648
vn -0.9837 0.0305 -0.1772
vn -0.2473 -0.9344 0.2565
vn -0.9651 0.0519 -0.2566
vn -0.6419 0.7549 -0.1345
vn -0.6409 0.7355 -0.2197
vn 0.1465 -0.9554 0.2564
vn -0.3551 -0.8467 0.3963
vn -0.3720 -0.9231 -0.0976
vn 0.2674 0.9629 -0.0366
vn -0.3141 -0.9316 0.1830
vn -0.7779 -0.5765 -0.2501
vn -0.6349 0.6395 -0.4335
vn 0.1818 0.9026 0.3903
vn -0.2232 -0.5686 0.7918
vn 0.2118 -0.8851 0.4144
vn -0.5873 -0.7677 0.2563
vn 0.9670 0.0061 0.2547
vn 0.4204 0.8804 -0.2193
vn 0.1743 0.9418 -0.2874
vn 0.2196 0.9754 -0.0183
vn -0.2993 0.8468 -0.4398
vn 0.6823 -0.7311 0.0030
vn 0.9084 -0.2015 0.3664
vn 0.9473 -0.2441 0.2075
vn -0.7280 0.6638 -0.1713
vn 0.2135 -0.9609 0.1762
vn -0.0673 -0.4693 0.8805
vn 0.9971 0.0732 0.0214
vn 0.9672 -0.2260 0.1160
vn -0.1185 -0.8205 0.5592
vn -0.1838 -0.5760 0.7965
vn -0.5118 -0.8560 -0.0731
vn -0.8537 -0.5031 -0.1342
vn -0.3966 0.9167 -0.0488
vn -0.5914 0.7759 -0.2195
vn 0.3362 0.9168 -0.2155
vn -0.0871 -0.6323 -0.7698
vn -0.5309 0.7200 -0.4470
vn 0.9679 0.1902 -0.1644
vn 0.0367 0.6720 -0.7396
vn 0.9548 -0.2238 -0.1958
vn 0.2812 -0.9230 -0.2628
vn -0.2604 -0.9654 0.0122
vn -0.7625 -0.6428 -0.0732
vn 0.5855 -0.8074 -0.0732
vn -0.7566 -0.6399 -0.1342
vn 0.0977 -0.9804 0.1710
vn -0.2444 -0.9317 0.2688
vn -0.2382 -0.9610 -0.1405
vn -0.0366 -0.9368 0.3479
vn 0.0549 0.6103 -0.7903
vn -0.7508 0.5371 0.3845
vn -0.2811 0.9595 0.0183
vn -0.3966 -0.9121 0.1037
vn 0.3342 -0.9034 -0.2686
vn 0.2748 -0.7573 -0.5924
vn -0.4491 0.5193 -0.7271
vn 0.4079 0.7630 0.5015
vn -0.1229 0.7071 0.6964
vn -0.3407 -0.8372 0.4278
vn -0.5051 -0.8118 0.2930
vn -0.3332 -0.2854 0.8986
vn 0.0429 -0.6492 0.7594
vn -0.0731 -0.7494 0.6580
vn 0.5263 0.8396 -0.1343
vn -0.7839 0.6002 -0.1592
vn -0.2794 0.9235 0.2630
vn 0.5287 -0.7976 0.2903
vn 0.3216 -0.9116 0.2561
vn -0.0538 -0.3358 0.9404
vn 0.0851 0.4983 0.8628
vn 0.4272 -0.1467 0.8922
vn 0.0614 0.9892 -0.1328
vn -0.2080 -0.9631 0.1707
vn -0.1562 -0.9840 0.0856
vn -0.2564 -0.9655 -0.0458
vn -0.2962 -0.9498 -0.1008
vn -0.1858 0.7187 0.6700
vn 0.0793 0.8477 0.5245
vn 0.2108 0.9286 0.3055
vn -0.0365 0.9619 -0.2709
vn 0.1222 -0.9198 0.3728
vn 0.3664 -0.8579 0.3603
vn 0.2286 0.9512 -0.2073
vn -0.2076 -0.8885 0.4092
vn 0.6436 0.3447 0.6833
vn -0.0854 0.8063 0.5853
vn -0.0856 0.6535 0.7521
vn -0.9142 -0.3962 0.0853
vn 0.5973 -0.2682 0.7558
vn 0.0917 -0.7563 0.6478
vn 0.7531 -0.3398 -0.5633
vn -0.0076 -0.6823 -0.7310
vn -0.3053 -0.9099 0.2809
vn -0.4340 -0.8559 0.2812
vn 0.1990 0.9356 -0.2916
vn 0.2000 0.9316 -0.3034
vn 0.7245 0.0426 0.6880
vn -0.0427 -0.8719 0.4878
vn -0.2920 -0.9490 0.1186
vn 0.2628 -0.9350 0.2383
vn 0.3311 -0.9431 -0.0305
vn 0.5782 -0.7689 0.2731
vn -0.4035 -0.8376 -0.3683
vn 0.7316 0.0427 0.6804
vn 0.8971 -0.2472 0.3662
vn 0.7895 0.5858 -0.1831
vn 0.5251 -0.8152 0.2443
vn -0.0459 -0.6500 0.7586
vn 0.4992 0.8640 0.0656
vn 0.5124 0.7229 -0.4636
vn 0.6893 -0.6985 -0.1922
vn -0.2860 0.8642 0.4139
vn -0.8012 -0.5849 0.1264
vn 0.0457 -0.9443 0.3259
vn 0.5406 0.8369 0.0855
vn 0.3048 0.9521 0.0244
vn 0.4270 -0.7533 0.5002
vn -0.0763 0.5492 -0.8322
vn -0.1557 -0.2439 0.9572
vn -0.1715 0.7410 -0.6492
vn -0.2620 0.8956 -0.3595
vn 0.5626 0.6107 0.5573
vn -0.0670 -0.9501 0.3045
vn 0.9326 0.3474 0.0975
vn 0.1343 -0.9867 -0.0915
vn -0.0122 -0.9042 0.4269
vn -0.5385 0.8337 -0.1224
vn -0.4013 -0.7761 0.4865
vn 0.1022 0.6992 -0.7076
vn 0.2134 -0.0926 -0.9726
vn -0.0122 -0.9704 0.2411
vn 0.9255 -0.1161 -0.3604
vn -0.1586 0.8037 -0.5734
vn 0.1767 -0.2559 0.9504
vn 0.7514 0.6598 0.0122
vn 0.2135 -0.9769 -0.0122
vn -0.9500 0.2223 -0.2192
vn -0.9619 0.1857 -0.2009
vn -0.8333 0.3785 -0.4029
vn -0.4460 0.1050 -0.8889
vn -0.8107 0.5852 -0.0183
vn 0.4057 0.9074 0.1098
vn -0.5851 0.7938 -0.1661
vn -0.2951 0.4776 -0.8275
vn 0.6583 -0.6109 -0.4399
vn -0.6115 -0.2738 -0.7423
vn -0.5268 -0.2205 0.8209
vn -0.3883 -0.9215 0.0122
vn 0.4699 -0.5699 0.6741
vn -0.8693 0.2436 -0.4301
vn -0.0275 0.0325 -0.9991
vn 0.0000 0.9485 0.3167
vn -0.2112 0.9153 0.3429
vn -0.0428 -0.8623 -0.5045
vn 0.0466 -0.9230 -0.3820
vn -0.4817 -0.8484 -0.2195
vn -0.3722 -0.8847 0.2807
vn -0.2414 -0.9169 -0.3179
vn -0.5489 0.7258 -0.4147
vn -0.7032 0.6359 -0.3180
vn 0.0030 0.9940 0.1098
vn 0.6428 0.7634 0.0641
vn 0.7461 -0.6652 -0.0305
vn 0.7969 0.5829 0.1587
vn 0.0416 0.9985 -0.0366
vn -0.1890 -0.2317 0.9542
vn -0.0428 0.6260 0.7787
vn 0.1891 -0.8173 0.5443
vn 0.8362 -0.5132 0.1932
vn -0.1891 -0.8768 0.4422
vn 0.8920 -0.3637 0.2684
vn 0.7838 -0.5934 0.1832
vn 0.7728 -0.5426 0.3292
vn -0.6957 0.6896 -0.2014
vn -0.7317 0.6341 -0.2500
vn -0.8682 0.4586 -0.1895
vn 0.9510 -0.2933 0.0978
vn -0.6097 0.4756 -0.6341
vn -0.4399 -0.4758 0.7617
vn -0.9821 -0.0610 -0.1784
vn -0.9218 0.2137 -0.3235
vn -0.9878 0.1281 -0.0884
vn 0.1652 -0.7831 0.5996
vn 0.3080 -0.7897 0.5306
vn 0.9664 0.1863 0.1771
vn 0.0481 -0.8608 0.5067
vn -0.0665 0.8158 -0.5744
vn 0.7423 0.6629 0.0978
vn -0.6355 0.7142 -0.2933
vn -0.3902 0.9070 -0.1585
vn -0.1680 0.8491 0.5009
vn -0.2293 0.8742 0.4280
vn 0.1158 0.4875 0.8654
vn 0.0412 0.9822 -0.1830
vn 0.3840 0.6217 0.6827
vn 0.4093 0.0914 -0.9078
vn -0.1406 0.8312 0.5379
vn -0.9269 0.2683 -0.2622
vn -0.9045 0.3208 -0.2811
vn -0.4028 0.9003 -0.1648
vn -0.2381 0.9675 -0.0855
vn 0.7203 0.0977 0.6867
vn -0.2137 -0.8547 0.4731
vn -0.9632 -0.0122 -0.2686
vn 0.6789 -0.7078 0.1953
vn 0.6363 0.7690 -0.0610
vn -0.3973 -0.9016 0.1711
vn -0.8573 -0.3861 -0.3405
vn -0.4941 0.6588 -0.5673
vn 0.1954 -0.9769 -0.0870
vn 0.1663 -0.9584 -0.2320
vn 0.6755 0.7338 0.0719
vn 0.8444 -0.3848 0.3726
vn 0.9856 0.0366 0.1648
vn 0.5964 -0.6790 0.4282
vn 0.0717 -0.9895 -0.1251
vn 0.1243 -0.9618 -0.2441
vn 0.0884 -0.9265 0.3657
vn 0.4030 0.0855 -0.9112
vn -0.8034 -0.5953 0.0122
vn -0.0122 0.9111 -0.4120
vn -0.6914 0.7220 -0.0245
vn 0.5728 0.6764 0.4631
vn 0.0191 -0.9138 0.4058
vn -0.1693 0.9807 0.0976
vn -0.8291 0.5060 -0.2378
vn 0.4560 -0.7004 -0.5491
vn 0.7335 -0.6663 0.1343
vn 0.3678 0.9218 0.1221
vn 0.1892 -0.8299 0.5248
vn 0.6157 0.4328 0.6584
vn -0.4778 0.7979 0.3675
vn -0.8361 0.5096 0.2029
vn -0.5611 0.7776 -0.2836
vn 0.1847 0.9496 0.2534
vn 0.4733 -0.7390 0.4794
vn -0.4033 -0.8738 0.2719
vn 0.4566 0.2107 -0.8643
vn 0.1803 0.8464 -0.5011
vn -0.2872 -0.9119 0.2933
vn 0.1235 -0.9014 0.4149
vn 0.7723 0.6350 0.0183
vn -0.7166 -0.6953 0.0549
vn 0.0061 -0.8865 0.4627
vn -0.9318 0.3136 -0.1827
vn -0.0306 -0.9868 0.1589
vn -0.5933 -0.7982 0.1040
vn 0.4149 -0.8329 0.3661
vn 0.9769 0.2137 0.0061
vn -0.1207 0.8740 -0.4706
vn 0.5881 -0.7358 0.3358
vn 0.6731 -0.6552 0.3429
vn -0.2108 -0.9202 0.3299
vn -0.9689 -0.1523 -0.1950
vn -0.6832 0.6527 -0.3275
vn 0.3961 0.9176 0.0321
vn -0.6228 0.7755 -0.1038
vn 0.0145 0.9768 -0.2136
vn -0.4287 0.7894 -0.4393
vn 0.3767 -0.8054 -0.4576
vn 0.1481 -0.9790 -0.1404
vn 0.4216 0.8706 -0.2536
vn -0.3174 0.3480 -0.8821
vn 0.0732 0.7803 -0.6211
vn 0.1159 -0.8236 -0.5552
vn 0.1750 -0.9736 -0.1465
vn -0.1313 -0.9865 -0.0977
vn -0.4122 -0.9037 0.1160
vn 0.6573 0.7437 -0.1219
vn -0.5316 0.8433 -0.0794
vn 0.2264 0.4282 -0.8749
vn 0.0488 0.9141 -0.4025
vn 0.6009 0.7880 -0.1344
vn 0.0965 0.4604 -0.8825
vn -0.7558 -0.6125 0.2316
vn -0.2774 0.9601 0.0351
vn -0.7816 -0.5404 -0.3114
vn 0.4882 -0.8422 0.2289
vn 0.4827 -0.8722 0.0794
vn 0.2561 -0.9480 -0.1890
vn 0.0030 0.9783 -0.2072
vn -0.6977 0.4988 -0.5141
vn 0.4817 -0.8018 0.3537
vn -0.2081 -0.6458 0.7346
vn 0.3373 0.9300 0.1464
vn 0.3530 0.9317 0.0854
vn -0.5232 0.6288 -0.5752
vn -0.3937 -0.9186 -0.0359
vn -0.3050 -0.9155 -0.2623
vn 0.7790 0.6232 -0.0695
vn 0.6496 0.7564 -0.0770
vn 0.2167 -0.3040 -0.9277
vn 0.3320 0.5219 -0.7857
vn 0.8537 -0.1775 0.4896
vn 0.7028 -0.1436 0.6967
vn 0.3115 -0.2520 -0.9162
vn 0.6832 -0.6847 -0.2537
vn 0.8546 0.1763 0.4884
vn 0.2197 0.4707 -0.8545
vn -0.0344 -0.9964 -0.0779
vn -0.9893 -0.1084 -0.0977
vn 0.7206 0.6611 0.2092
vn 0.3908 -0.2042 -0.8976
vn 0.2978 -0.7135 0.6342
vn 0.2333 -0.8357 0.4972
vn -0.4524 -0.6560 -0.6042
vn -0.0562 0.6686 0.7415
vn 0.2868 -0.8590 0.4241
vn -0.5035 -0.8515 -0.1465
vn 0.0886 -0.9960 -0.0061
vn -0.1463 -0.5303 0.8351
vn 0.5940 -0.7391 0.3176
vn -0.3789 0.9045 -0.1956
vn -0.6849 -0.5611 -0.4648
vn -0.2746 0.9615 0.0122
vn -0.0121 -0.8602 0.5098
vn 0.0580 -0.9875 0.1465
vn 0.3103 0.3941 -0.8651
vn -0.8561 -0.3975 -0.3302
vn -0.9545 0.2257 -0.1952
vn -0.2608 0.0557 -0.9638
vn -0.3642 -0.4177 -0.8324
vn -0.9517 0.1373 -0.2745
vn -0.2838 -0.9551 -0.0854
vn -0.1650 0.3928 0.9047
vn 0.3942 0.6724 -0.6265
vn -0.6742 -0.6982 0.2406
vn 0.2711 -0.0076 -0.9625
vn 0.8593 -0.4194 0.2928
vn -0.8107 -0.5851 -0.0213
vn -0.0275 0.3362 -0.9414
vn 0.7847 0.6198 -0.0046
vn -0.9129 -0.3679 -0.1771
vn -0.3607 0.9109 0.2002
vn 0.1893 -0.8825 0.4306
vn 0.7757 -0.4031 -0.4856
vn -0.3908 -0.9159 -0.0916
vn -0.4983 0.7856 -0.3668
vn 0.4333 -0.8972 0.0854
vn -0.5860 -0.8055 -0.0885
vn 0.7110 0.7019 0.0427
vn 0.7891 -0.4204 -0.4479
vn 0.7398 0.6610 -0.1255
vn -0.2169 0.3361 0.9165
vn -0.1597 0.7071 -0.6888
vn 0.5983 -0.7998 -0.0488
vn -0.9677 -0.1225 -0.2205
vn -0.2239 0.9564 0.1873
vn -0.1658 0.1780 0.9700
vn 0.2021 -0.9362 -0.2876
vn 0.7469 -0.6472 -0.1526
vn -0.1527 -0.9591 0.2383
vn 0.8091 0.5877 -0.0000
vn -0.6937 -0.7151 0.0856
vn -0.7155 0.6054 -0.3486
vn 0.9248 0.0397 0.3785
vn 0.0031 -0.4211 0.9070
vn -0.6279 -0.7467 -0.2195
vn -0.4891 0.8636 -0.1223
vn 0.8333 0.5525 -0.0183
vn -0.3934 0.9050 -0.1616
vn 0.0520 0.8563 -0.5138
vn -0.3117 -0.9182 0.2444
vn -0.7451 0.6405 -0.1863
vn -0.8964 -0.4406 -0.0488
vn 0.8188 0.5667 0.0917
vn -0.5308 -0.8114 0.2448
vn 0.6929 0.3052 0.6532
vn 0.7140 -0.6789 0.1712
vn -0.2503 0.8515 -0.4608
vn -0.2351 0.8489 -0.4733
vn -0.2450 0.9188 -0.3093
vn 0.1645 -0.9489 0.2694
vn 0.6899 0.7113 0.1343
vn 0.7038 0.7069 -0.0701
vn -0.7663 -0.6350 -0.0977
vn -0.2226 0.8294 -0.5123
vn 0.6992 0.6985 0.1525
vn 0.7490 0.6544 0.1037
vn 0.7525 -0.6579 -0.0305
vn -0.6648 0.7258 -0.1769
vn 0.0700 -0.4751 0.8771
vn 0.1236 0.9922 -0.0183
vn -0.7363 -0.6721 0.0787
vn 0.2152 -0.9065 0.3632
vn 0.7146 0.5802 0.3909
vn 0.4582 -0.5372 0.7081
vn 0.9039 -0.0733 0.4214
vn -0.2335 -0.9723 0.0092
vn 0.3590 -0.7210 -0.5927
vn 0.3366 -0.8506 0.4039
vn -0.3074 -0.9131 0.2678
vn -0.1084 -0.6717 0.7328
vn -0.4817 -0.8678 -0.1220
vn -0.1793 -0.9642 0.1953
vn 0.7416 0.6379 0.2075
vn 0.4605 -0.8873 0.0244
vn -0.0579 -0.8746 -0.4815
vn 0.1802 -0.9299 0.3207
vn -0.7500 -0.6281 0.2073
vn -0.4080 -0.6333 0.6576
vn -0.2551 0.5405 0.8017
vn 0.0548 -0.7181 0.6938
vn 0.7743 -0.4009 0.4897
vn 0.2676 -0.5613 0.7831
vn -0.3064 -0.6190 0.7232
vn 0.9588 0.1801 0.2198
vn -0.2442 0.8516 -0.4639
vn -0.7037 -0.6472 -0.2931
vn -0.5133 0.8066 0.2933
vn 0.1738 0.9847 -0.0122
vn -0.9642 -0.1793 -0.1953
vn -0.0735 0.6739 -0.7352
vn -0.6829 -0.7222 -0.1098
vn 0.3539 0.9091 0.2197
vn -0.7275 0.6411 -0.2445
vn 0.7295 -0.6654 0.1587
vn 0.1402 -0.8750 0.4634
vn -0.1002 -0.6500 0.7533
vn -0.1695 -0.9787 0.1159
vn 0.2756 0.9563 -0.0975
vn -0.6533 0.7281 -0.2076
vn -0.4027 -0.8969 0.1830
vn 0.2596 0.3986 -0.8796
vn 0.5397 -0.8415 -0.0244
vn 0.1465 -0.8322 -0.5347
vn 0.6091 -0.7916 0.0489
vn 0.6315 0.6681 0.3935
vn -0.8714 0.3961 -0.2894
vn -0.3901 -0.9205 0.0213
vn -0.2111 -0.9632 -0.1661
vn 0.0610 -0.8595 0.5075
vn -0.4944 -0.8546 0.1587
vn 0.3073 0.9172 -0.2538
vn 0.7686 -0.6008 -0.2197
vn 0.0578 -0.9983 -0.0000
vn 0.9861 -0.0183 0.1649
vn -0.9010 0.4337 -0.0061
vn 0.3111 -0.9349 0.1708
vn 0.5057 -0.7945 0.3361
vn 0.4460 -0.8858 -0.1283
vn -0.0853 -0.9873 0.1341
vn 0.3429 0.1539 -0.9267
vn 0.9593 0.1772 0.2200
vn 0.1143 0.5282 -0.8414
vn 0.0442 0.1254 -0.9911
vn -0.3544 -0.8653 -0.3544
vn 0.3174 -0.9000 0.2987
vn 0.5841 0.4449 -0.6789
vn 0.0000 -0.7066 -0.7076
vn -0.5841 -0.4449 0.6789
vn -0.8079 0.5559 -0.1955
vn -0.6967 0.6967 0.1711
vn 0.8079 -0.5559 0.1955
# 3033 vertex normals

vt 0.7807 0.3525 0.0000
vt 0.8109 0.3429 0.0000
vt 0.8381 0.3536 0.0000
vt 0.4112 0.2847 0.0000
vt 0.4156 0.2665 0.0000
vt 0.4363 0.2786 0.0000
vt 0.1416 0.3328 0.0000
vt 0.1559 0.2912 0.0000
vt 0.1853 0.3420 0.0000
vt 0.1392 0.0993 0.0000
vt 0.1541 0.0804 0.0000
vt 0.1842 0.0861 0.0000
vt 0.0511 0.4437 0.0000
vt 0.0812 0.4400 0.0000
vt 0.0891 0.4577 0.0000
vt 0.7645 0.8618 0.0000
vt 0.7515 0.8898 0.0000
vt 0.7415 0.8647 0.0000
vt 0.5817 0.4737 0.0000
vt 0.5100 0.4809 0.0000
vt 0.5744 0.4629 0.0000
vt 0.7448 0.5182 0.0000
vt 0.7821 0.5197 0.0000
vt 0.7628 0.5340 0.0000
vt 0.9199 0.4915 0.0000
vt 0.9412 0.4664 0.0000
vt 0.9584 0.4654 0.0000
vt 0.4217 0.5537 0.0000
vt 0.4218 0.5312 0.0000
vt 0.4446 0.5249 0.0000
vt 0.3818 0.7381 0.0000
vt 0.3968 0.7085 0.0000
vt 0.4042 0.7273 0.0000
vt 0.8596 0.6516 0.0000
vt 0.8858 0.6461 0.0000
vt 0.9057 0.6575 0.0000
vt 0.7949 0.7308 0.0000
vt 0.7968 0.7066 0.0000
vt 0.8471 0.7403 0.0000
vt 0.6078 0.7054 0.0000
vt 0.5452 0.6599 0.0000
vt 0.5907 0.6814 0.0000
vt 0.5141 0.2769 0.0000
vt 0.5119 0.2602 0.0000
vt 0.5506 0.2631 0.0000
vt 0.9370 0.3298 0.0000
vt 0.9083 0.2753 0.0000
vt 0.9317 0.2794 0.0000
vt 0.9011 0.0440 0.0000
vt 0.8699 0.0617 0.0000
vt 0.8445 0.0514 0.0000
vt 0.1601 0.8485 0.0000
vt 0.1234 0.9179 0.0000
vt 0.0469 0.8426 0.0000
vt 0.7945 0.1198 0.0000
vt 0.7923 0.1339 0.0000
vt 0.7577 0.1201 0.0000
vt 0.1874 0.9406 0.0000
vt 0.0801 0.7140 0.0000
vt 0.0935 0.6936 0.0000
vt 0.1241 0.7012 0.0000
vt 0.6050 0.1471 0.0000
vt 0.5096 0.1531 0.0000
vt 0.5901 0.0657 0.0000
vt 0.1802 0.3514 0.0000
vt 0.1273 0.3504 0.0000
vt 0.2912 0.1625 0.0000
vt 0.2697 0.1603 0.0000
vt 0.2693 0.1410 0.0000
vt 0.1885 0.6517 0.0000
vt 0.1427 0.6590 0.0000
vt 0.2466 0.6364 0.0000
vt 0.4856 0.0518 0.0000
vt 0.8210 0.8387 0.0000
vt 0.8676 0.8396 0.0000
vt 0.8370 0.8543 0.0000
vt 0.0877 0.4886 0.0000
vt 0.0160 0.5335 0.0000
vt 0.0272 0.4774 0.0000
vt 0.4815 0.7623 0.0000
vt 0.4616 0.7666 0.0000
vt 0.4583 0.7496 0.0000
vt 0.6429 0.6818 0.0000
vt 0.6409 0.6682 0.0000
vt 0.6539 0.6668 0.0000
vt 0.4015 0.4930 0.0000
vt 0.3843 0.4836 0.0000
vt 0.4010 0.4594 0.0000
vt 0.4767 0.4021 0.0000
vt 0.4856 0.4110 0.0000
vt 0.4649 0.4106 0.0000
vt 0.5066 0.3618 0.0000
vt 0.5063 0.3862 0.0000
vt 0.4814 0.3648 0.0000
vt 0.5947 0.2563 0.0000
vt 0.6000 0.2731 0.0000
vt 0.5605 0.2747 0.0000
vt 0.1569 0.2408 0.0000
vt 0.1835 0.2494 0.0000
vt 0.1214 0.2540 0.0000
vt 0.2226 0.0525 0.0000
vt 0.2257 0.0313 0.0000
vt 0.2523 0.0525 0.0000
vt 0.8361 0.4308 0.0000
vt 0.8324 0.4632 0.0000
vt 0.8175 0.4490 0.0000
vt 0.6979 0.4505 0.0000
vt 0.6859 0.4612 0.0000
vt 0.6857 0.4469 0.0000
vt 0.8347 0.9771 0.0000
vt 0.7715 0.9695 0.0000
vt 0.7996 0.9650 0.0000
vt 0.2420 0.5551 0.0000
vt 0.2910 0.5361 0.0000
vt 0.2681 0.5599 0.0000
vt 0.0265 0.2632 0.0000
vt 0.0374 0.2817 0.0000
vt 0.0149 0.2776 0.0000
vt 0.0603 0.2386 0.0000
vt 0.0803 0.2110 0.0000
vt 0.0934 0.2291 0.0000
vt 0.5346 0.6405 0.0000
vt 0.5483 0.6129 0.0000
vt 0.5533 0.6291 0.0000
vt 0.3750 0.6856 0.0000
vt 0.1753 0.1752 0.0000
vt 0.1468 0.1576 0.0000
vt 0.1922 0.1511 0.0000
vt 0.0347 0.1416 0.0000
vt 0.0685 0.1288 0.0000
vt 0.0536 0.1480 0.0000
vt 0.8025 0.2300 0.0000
vt 0.8218 0.2121 0.0000
vt 0.8282 0.2352 0.0000
vt 0.7773 0.2518 0.0000
vt 0.7642 0.2631 0.0000
vt 0.7445 0.2481 0.0000
vt 0.2422 0.4671 0.0000
vt 0.2426 0.5031 0.0000
vt 0.2163 0.4847 0.0000
vt 0.7310 0.8425 0.0000
vt 0.7651 0.8459 0.0000
vt 0.8743 0.1735 0.0000
vt 0.8484 0.1864 0.0000
vt 0.8173 0.1725 0.0000
vt 0.9768 0.1468 0.0000
vt 0.9612 0.1556 0.0000
vt 0.9485 0.1052 0.0000
vt 0.9230 0.8823 0.0000
vt 0.9347 0.9108 0.0000
vt 0.8912 0.8719 0.0000
vt 0.7599 0.9512 0.0000
vt 0.7653 0.9241 0.0000
vt 0.0833 0.0302 0.0000
vt 0.0678 0.0144 0.0000
vt 0.0821 0.0163 0.0000
vt 0.0359 0.1203 0.0000
vt 0.0146 0.1176 0.0000
vt 0.0131 0.0946 0.0000
vt 0.7764 0.5615 0.0000
vt 0.8122 0.5473 0.0000
vt 0.7986 0.5705 0.0000
vt 0.9380 0.5008 0.0000
vt 0.9601 0.4932 0.0000
vt 0.9496 0.5256 0.0000
vt 0.6276 0.3137 0.0000
vt 0.5826 0.3310 0.0000
vt 0.5878 0.2976 0.0000
vt 0.6939 0.2797 0.0000
vt 0.7164 0.2491 0.0000
vt 0.7291 0.2824 0.0000
vt 0.9541 0.6862 0.0000
vt 0.9621 0.6825 0.0000
vt 0.9632 0.7320 0.0000
vt 0.8616 0.7562 0.0000
vt 0.8049 0.7434 0.0000
vt 0.6328 0.4805 0.0000
vt 0.6411 0.5000 0.0000
vt 0.6294 0.5133 0.0000
vt 0.5198 0.5780 0.0000
vt 0.5273 0.5882 0.0000
vt 0.4998 0.5868 0.0000
vt 0.6121 0.7831 0.0000
vt 0.6233 0.7584 0.0000
vt 0.6296 0.7765 0.0000
vt 0.7511 0.7235 0.0000
vt 0.7248 0.6871 0.0000
vt 0.7539 0.6851 0.0000
vt 0.7314 0.0474 0.0000
vt 0.7224 0.0674 0.0000
vt 0.7037 0.0309 0.0000
vt 0.7870 0.0280 0.0000
vt 0.7822 0.0113 0.0000
vt 0.8254 0.0211 0.0000
vt 0.3126 0.7159 0.0000
vt 0.2969 0.6954 0.0000
vt 0.3099 0.6949 0.0000
vt 0.2519 0.7658 0.0000
vt 0.2845 0.7621 0.0000
vt 0.2660 0.7727 0.0000
vt 0.3178 0.0764 0.0000
vt 0.3174 0.0888 0.0000
vt 0.3000 0.0936 0.0000
vt 0.2188 0.0684 0.0000
vt 0.2514 0.0738 0.0000
vt 0.4164 0.3548 0.0000
vt 0.4660 0.3377 0.0000
vt 0.4725 0.3515 0.0000
vt 0.9476 0.3397 0.0000
vt 0.9487 0.3070 0.0000
vt 0.9628 0.3440 0.0000
vt 0.1722 0.7594 0.0000
vt 0.2110 0.7525 0.0000
vt 0.5162 0.1634 0.0000
vt 0.5579 0.1656 0.0000
vt 0.5300 0.1876 0.0000
vt 0.9539 0.6453 0.0000
vt 0.9313 0.6621 0.0000
vt 0.9314 0.6426 0.0000
vt 0.3761 0.6314 0.0000
vt 0.3854 0.6134 0.0000
vt 0.3938 0.6093 0.0000
vt 0.3639 0.2345 0.0000
vt 0.3776 0.2334 0.0000
vt 0.3749 0.2573 0.0000
vt 0.8745 0.2380 0.0000
vt 0.8963 0.2452 0.0000
vt 0.8597 0.2512 0.0000
vt 0.9384 0.5868 0.0000
vt 0.9238 0.5865 0.0000
vt 0.9369 0.5605 0.0000
vt 0.4284 0.5744 0.0000
vt 0.4136 0.5761 0.0000
vt 0.2520 0.9273 0.0000
vt 0.2627 0.8651 0.0000
vt 0.2847 0.8854 0.0000
vt 0.7604 0.1689 0.0000
vt 0.7617 0.1862 0.0000
vt 0.7416 0.1867 0.0000
vt 0.4574 0.7142 0.0000
vt 0.4642 0.6996 0.0000
vt 0.4992 0.7140 0.0000
vt 0.5477 0.7470 0.0000
vt 0.5049 0.7558 0.0000
vt 0.0228 0.3549 0.0000
vt 0.0322 0.3282 0.0000
vt 0.0561 0.3602 0.0000
vt 0.2514 0.1855 0.0000
vt 0.2664 0.1864 0.0000
vt 0.0754 0.5771 0.0000
vt 0.0520 0.5755 0.0000
vt 0.0883 0.5644 0.0000
vt 0.1414 0.4430 0.0000
vt 0.1690 0.4737 0.0000
vt 0.1494 0.5305 0.0000
vt 0.9337 0.4308 0.0000
vt 0.9222 0.4614 0.0000
vt 0.9199 0.4416 0.0000
vt 0.4228 0.4169 0.0000
vt 0.4305 0.4293 0.0000
vt 0.4119 0.4299 0.0000
vt 0.8157 0.5198 0.0000
vt 0.7989 0.5052 0.0000
vt 0.8403 0.5107 0.0000
vt 0.7804 0.4630 0.0000
vt 0.6402 0.5618 0.0000
vt 0.6228 0.5453 0.0000
vt 0.6529 0.5390 0.0000
vt 0.7242 0.5289 0.0000
vt 0.7273 0.5457 0.0000
vt 0.6730 0.9336 0.0000
vt 0.6582 0.9372 0.0000
vt 0.6639 0.9061 0.0000
vt 0.7418 0.9853 0.0000
vt 0.7311 0.9646 0.0000
vt 0.7586 0.9750 0.0000
vt 0.3058 0.3321 0.0000
vt 0.2973 0.3433 0.0000
vt 0.3080 0.3104 0.0000
vt 0.1536 0.3582 0.0000
vt 0.7179 0.6528 0.0000
vt 0.7660 0.6337 0.0000
vt 0.7738 0.6021 0.0000
vt 0.7986 0.6021 0.0000
vt 0.7870 0.6086 0.0000
vt 0.7331 0.3644 0.0000
vt 0.7213 0.3722 0.0000
vt 0.7084 0.3643 0.0000
vt 0.7970 0.3862 0.0000
vt 0.7869 0.3723 0.0000
vt 0.8197 0.3859 0.0000
vt 0.0443 0.6908 0.0000
vt 0.0379 0.6589 0.0000
vt 0.0596 0.6867 0.0000
vt 0.2052 0.6246 0.0000
vt 0.1465 0.6293 0.0000
vt 0.1515 0.6127 0.0000
vt 0.3491 0.2960 0.0000
vt 0.3706 0.2856 0.0000
vt 0.3754 0.2998 0.0000
vt 0.4141 0.3688 0.0000
vt 0.4342 0.3855 0.0000
vt 0.4122 0.3879 0.0000
vt 0.1871 0.2104 0.0000
vt 0.2036 0.2351 0.0000
vt 0.1756 0.2321 0.0000
vt 0.1406 0.0263 0.0000
vt 0.1384 0.0475 0.0000
vt 0.1283 0.0259 0.0000
vt 0.1854 0.4632 0.0000
vt 0.2292 0.4696 0.0000
vt 0.1278 0.4117 0.0000
vt 0.1288 0.4021 0.0000
vt 0.1513 0.4122 0.0000
vt 0.4392 0.4762 0.0000
vt 0.4097 0.4541 0.0000
vt 0.4387 0.4623 0.0000
vt 0.5331 0.4536 0.0000
vt 0.5602 0.4579 0.0000
vt 0.5243 0.4654 0.0000
vt 0.8103 0.1037 0.0000
vt 0.8614 0.1012 0.0000
vt 0.8122 0.1293 0.0000
vt 0.9582 0.1682 0.0000
vt 0.9242 0.1638 0.0000
vt 0.9329 0.1484 0.0000
vt 0.0630 0.7212 0.0000
vt 0.0460 0.7130 0.0000
vt 0.6133 0.1019 0.0000
vt 0.3707 0.7696 0.0000
vt 0.3904 0.7770 0.0000
vt 0.3750 0.7856 0.0000
vt 0.9584 0.7496 0.0000
vt 0.9714 0.7618 0.0000
vt 0.9466 0.7612 0.0000
vt 0.2880 0.8538 0.0000
vt 0.2740 0.8598 0.0000
vt 0.1709 0.8245 0.0000
vt 0.1757 0.8387 0.0000
vt 0.1157 0.8315 0.0000
vt 0.7345 0.4168 0.0000
vt 0.7506 0.4172 0.0000
vt 0.7316 0.4389 0.0000
vt 0.5373 0.4376 0.0000
vt 0.5849 0.4407 0.0000
vt 0.8958 0.3557 0.0000
vt 0.8681 0.3699 0.0000
vt 0.8168 0.3661 0.0000
vt 0.9156 0.3847 0.0000
vt 0.9009 0.3712 0.0000
vt 0.9232 0.3574 0.0000
vt 0.2938 0.3710 0.0000
vt 0.3040 0.3589 0.0000
vt 0.3013 0.3838 0.0000
vt 0.0453 0.1749 0.0000
vt 0.0330 0.1688 0.0000
vt 0.0608 0.1600 0.0000
vt 0.9762 0.1664 0.0000
vt 0.0792 0.9699 0.0000
vt 0.0395 0.9713 0.0000
vt 0.1793 0.1029 0.0000
vt 0.1528 0.1372 0.0000
vt 0.1080 0.1514 0.0000
vt 0.1055 0.1375 0.0000
vt 0.7380 0.2315 0.0000
vt 0.7591 0.2352 0.0000
vt 0.6219 0.2432 0.0000
vt 0.6235 0.2642 0.0000
vt 0.4596 0.6529 0.0000
vt 0.4170 0.6476 0.0000
vt 0.4511 0.6399 0.0000
vt 0.4309 0.6877 0.0000
vt 0.4331 0.7089 0.0000
vt 0.1354 0.2757 0.0000
vt 0.1105 0.2935 0.0000
vt 0.1006 0.2731 0.0000
vt 0.1028 0.3306 0.0000
vt 0.0844 0.3463 0.0000
vt 0.2636 0.2122 0.0000
vt 0.2780 0.2085 0.0000
vt 0.2794 0.2282 0.0000
vt 0.2808 0.2792 0.0000
vt 0.2943 0.3046 0.0000
vt 0.2733 0.3413 0.0000
vt 0.1129 0.8208 0.0000
vt 0.9309 0.0440 0.0000
vt 0.9048 0.0625 0.0000
vt 0.6290 0.7406 0.0000
vt 0.6401 0.7702 0.0000
vt 0.7051 0.7029 0.0000
vt 0.7147 0.7238 0.0000
vt 0.7553 0.1567 0.0000
vt 0.7294 0.1649 0.0000
vt 0.7439 0.1394 0.0000
vt 0.6857 0.1085 0.0000
vt 0.6845 0.0780 0.0000
vt 0.7004 0.0701 0.0000
vt 0.4068 0.2115 0.0000
vt 0.3975 0.2419 0.0000
vt 0.3979 0.2224 0.0000
vt 0.5105 0.2403 0.0000
vt 0.4836 0.2207 0.0000
vt 0.4989 0.2261 0.0000
vt 0.7219 0.8527 0.0000
vt 0.6905 0.8756 0.0000
vt 0.6809 0.8337 0.0000
vt 0.2855 0.4306 0.0000
vt 0.2837 0.4180 0.0000
vt 0.2995 0.4409 0.0000
vt 0.1673 0.4302 0.0000
vt 0.1839 0.4219 0.0000
vt 0.2130 0.4369 0.0000
vt 0.2421 0.4021 0.0000
vt 0.2487 0.4120 0.0000
vt 0.2345 0.4102 0.0000
vt 0.3731 0.4586 0.0000
vt 0.3836 0.4441 0.0000
vt 0.9516 0.4368 0.0000
vt 0.9704 0.4392 0.0000
vt 0.6883 0.2801 0.0000
vt 0.7066 0.2962 0.0000
vt 0.6884 0.2950 0.0000
vt 0.6525 0.3546 0.0000
vt 0.6364 0.3725 0.0000
vt 0.6392 0.3408 0.0000
vt 0.2912 0.6438 0.0000
vt 0.2692 0.6491 0.0000
vt 0.2746 0.6314 0.0000
vt 0.4518 0.0087 0.0000
vt 0.4850 0.0105 0.0000
vt 0.4703 0.0201 0.0000
vt 0.8039 0.7622 0.0000
vt 0.8224 0.7726 0.0000
vt 0.8062 0.7877 0.0000
vt 0.7206 0.7675 0.0000
vt 0.7466 0.7723 0.0000
vt 0.7390 0.7891 0.0000
vt 0.6354 0.0325 0.0000
vt 0.6204 0.0560 0.0000
vt 0.5962 0.0500 0.0000
vt 0.0617 0.6086 0.0000
vt 0.0748 0.6105 0.0000
vt 0.0607 0.6339 0.0000
vt 0.1436 0.5574 0.0000
vt 0.1591 0.5663 0.0000
vt 0.1491 0.5716 0.0000
vt 0.1934 0.5679 0.0000
vt 0.2073 0.5755 0.0000
vt 0.0441 0.7611 0.0000
vt 0.0274 0.7695 0.0000
vt 0.0360 0.7507 0.0000
vt 0.0483 0.7880 0.0000
vt 0.0412 0.7788 0.0000
vt 0.0612 0.7588 0.0000
vt 0.1034 0.0811 0.0000
vt 0.1196 0.0577 0.0000
vt 0.1255 0.0872 0.0000
vt 0.1131 0.0299 0.0000
vt 0.0931 0.0474 0.0000
vt 0.4346 0.1933 0.0000
vt 0.4565 0.1978 0.0000
vt 0.4346 0.1978 0.0000
vt 0.3796 0.0600 0.0000
vt 0.4128 0.1529 0.0000
vt 0.3775 0.1595 0.0000
vt 0.2537 0.8358 0.0000
vt 0.2826 0.8336 0.0000
vt 0.2793 0.8464 0.0000
vt 0.7524 0.0123 0.0000
vt 0.7541 0.0257 0.0000
vt 0.0386 0.4310 0.0000
vt 0.0552 0.4182 0.0000
vt 0.0577 0.4330 0.0000
vt 0.8938 0.8346 0.0000
vt 0.8704 0.8504 0.0000
vt 0.6246 0.5797 0.0000
vt 0.6086 0.5606 0.0000
vt 0.6345 0.5635 0.0000
vt 0.7763 0.5457 0.0000
vt 0.5495 0.5289 0.0000
vt 0.5750 0.5347 0.0000
vt 0.5493 0.5459 0.0000
vt 0.5503 0.5605 0.0000
vt 0.5814 0.5551 0.0000
vt 0.5772 0.5718 0.0000
vt 0.9706 0.3267 0.0000
vt 0.9562 0.3015 0.0000
vt 0.3935 0.3507 0.0000
vt 0.3656 0.3703 0.0000
vt 0.3713 0.3500 0.0000
vt 0.0288 0.3774 0.0000
vt 0.0481 0.3775 0.0000
vt 0.3005 0.1572 0.0000
vt 0.2803 0.1344 0.0000
vt 0.3013 0.1355 0.0000
vt 0.7675 0.3237 0.0000
vt 0.7831 0.3096 0.0000
vt 0.7886 0.3381 0.0000
vt 0.8266 0.2614 0.0000
vt 0.9088 0.2577 0.0000
vt 0.2338 0.5659 0.0000
vt 0.2592 0.5735 0.0000
vt 0.6834 0.9904 0.0000
vt 0.6709 0.9866 0.0000
vt 0.6719 0.9710 0.0000
vt 0.9283 0.2291 0.0000
vt 0.9530 0.2377 0.0000
vt 0.9279 0.2501 0.0000
vt 0.9875 0.2738 0.0000
vt 0.9894 0.2854 0.0000
vt 0.9643 0.2636 0.0000
vt 0.8942 0.6372 0.0000
vt 0.8375 0.6356 0.0000
vt 0.8681 0.6293 0.0000
vt 0.4117 0.6332 0.0000
vt 0.4221 0.6130 0.0000
vt 0.4329 0.6299 0.0000
vt 0.4004 0.5565 0.0000
vt 0.3859 0.5684 0.0000
vt 0.9561 0.5571 0.0000
vt 0.9288 0.5344 0.0000
vt 0.1680 0.7393 0.0000
vt 0.1522 0.7451 0.0000
vt 0.6106 0.7206 0.0000
vt 0.5850 0.7184 0.0000
vt 0.5338 0.7222 0.0000
vt 0.5123 0.7038 0.0000
vt 0.3065 0.2642 0.0000
vt 0.3207 0.2825 0.0000
vt 0.3086 0.2777 0.0000
vt 0.0205 0.0300 0.0000
vt 0.0334 0.0368 0.0000
vt 0.0187 0.0427 0.0000
vt 0.7325 0.4671 0.0000
vt 0.7299 0.4891 0.0000
vt 0.7138 0.4481 0.0000
vt 0.7832 0.4749 0.0000
vt 0.8385 0.4863 0.0000
vt 0.8028 0.4868 0.0000
vt 0.7427 0.6191 0.0000
vt 0.7404 0.6108 0.0000
vt 0.7556 0.6122 0.0000
vt 0.6346 0.6602 0.0000
vt 0.6241 0.6322 0.0000
vt 0.6383 0.6285 0.0000
vt 0.0956 0.5432 0.0000
vt 0.0609 0.5697 0.0000
vt 0.0160 0.5485 0.0000
vt 0.8487 0.9503 0.0000
vt 0.8334 0.9112 0.0000
vt 0.8932 0.9092 0.0000
vt 0.5346 0.3481 0.0000
vt 0.7687 0.3744 0.0000
vt 0.7677 0.3864 0.0000
vt 0.7421 0.3689 0.0000
vt 0.3273 0.8851 0.0000
vt 0.3177 0.8870 0.0000
vt 0.3171 0.8662 0.0000
vt 0.7056 0.1655 0.0000
vt 0.7027 0.1542 0.0000
vt 0.7121 0.1357 0.0000
vt 0.0672 0.2804 0.0000
vt 0.0821 0.2962 0.0000
vt 0.0515 0.2476 0.0000
vt 0.0741 0.2607 0.0000
vt 0.1397 0.3717 0.0000
vt 0.1261 0.3654 0.0000
vt 0.2276 0.1861 0.0000
vt 0.2027 0.1853 0.0000
vt 0.2216 0.1679 0.0000
vt 0.9730 0.6890 0.0000
vt 0.9892 0.7078 0.0000
vt 0.9764 0.7319 0.0000
vt 0.3681 0.6580 0.0000
vt 0.3615 0.6413 0.0000
vt 0.3776 0.6437 0.0000
vt 0.7263 0.8233 0.0000
vt 0.7245 0.8134 0.0000
vt 0.7452 0.8290 0.0000
vt 0.8427 0.8266 0.0000
vt 0.8192 0.8114 0.0000
vt 0.3823 0.0020 0.0000
vt 0.3951 0.0068 0.0000
vt 0.3965 0.0187 0.0000
vt 0.3636 0.0828 0.0000
vt 0.3508 0.1116 0.0000
vt 0.3501 0.0904 0.0000
vt 0.1734 0.0390 0.0000
vt 0.1888 0.0118 0.0000
vt 0.1972 0.0396 0.0000
vt 0.1193 0.2299 0.0000
vt 0.1053 0.2429 0.0000
vt 0.1138 0.2092 0.0000
vt 0.5081 0.1883 0.0000
vt 0.4976 0.1863 0.0000
vt 0.5029 0.1734 0.0000
vt 0.2015 0.7699 0.0000
vt 0.1646 0.7697 0.0000
vt 0.6639 0.9533 0.0000
vt 0.6956 0.9425 0.0000
vt 0.6901 0.9607 0.0000
vt 0.7239 0.9388 0.0000
vt 0.7213 0.9230 0.0000
vt 0.3273 0.5120 0.0000
vt 0.3180 0.5017 0.0000
vt 0.3273 0.4837 0.0000
vt 0.2794 0.4494 0.0000
vt 0.8731 0.7469 0.0000
vt 0.9180 0.7595 0.0000
vt 0.4350 0.7859 0.0000
vt 0.4158 0.7871 0.0000
vt 0.4204 0.7679 0.0000
vt 0.1230 0.4414 0.0000
vt 0.1157 0.4960 0.0000
vt 0.1070 0.4627 0.0000
vt 0.9197 0.1717 0.0000
vt 0.8717 0.1857 0.0000
vt 0.8865 0.1660 0.0000
vt 0.0545 0.9778 0.0000
vt 0.6105 0.4675 0.0000
vt 0.6086 0.4463 0.0000
vt 0.6259 0.4414 0.0000
vt 0.7069 0.4213 0.0000
vt 0.6972 0.4088 0.0000
vt 0.7085 0.4090 0.0000
vt 0.5513 0.0303 0.0000
vt 0.5878 0.0411 0.0000
vt 0.4664 0.0365 0.0000
vt 0.6317 0.0198 0.0000
vt 0.6163 0.0323 0.0000
vt 0.6122 0.0178 0.0000
vt 0.5463 0.2422 0.0000
vt 0.5893 0.2484 0.0000
vt 0.5924 0.2291 0.0000
vt 0.1436 0.9872 0.0000
vt 0.1657 0.9793 0.0000
vt 0.1784 0.9876 0.0000
vt 0.2492 0.9554 0.0000
vt 0.2740 0.9651 0.0000
vt 0.2385 0.9693 0.0000
vt 0.6531 0.0559 0.0000
vt 0.6532 0.0841 0.0000
vt 0.6304 0.0741 0.0000
vt 0.6427 0.1299 0.0000
vt 0.6542 0.1199 0.0000
vt 0.6534 0.1393 0.0000
vt 0.8896 0.4606 0.0000
vt 0.8885 0.4318 0.0000
vt 0.9014 0.4368 0.0000
vt 0.4373 0.4021 0.0000
vt 0.4618 0.4021 0.0000
vt 0.4489 0.4100 0.0000
vt 0.7401 0.0665 0.0000
vt 0.8376 0.0771 0.0000
vt 0.3923 0.3329 0.0000
vt 0.4534 0.3031 0.0000
vt 0.4335 0.3247 0.0000
vt 0.4167 0.3112 0.0000
vt 0.9673 0.0879 0.0000
vt 0.9830 0.1018 0.0000
vt 0.9510 0.0390 0.0000
vt 0.9434 0.0296 0.0000
vt 0.9644 0.0288 0.0000
vt 0.8546 0.5243 0.0000
vt 0.8975 0.5197 0.0000
vt 0.8907 0.5451 0.0000
vt 0.9125 0.5600 0.0000
vt 0.8970 0.5683 0.0000
vt 0.2837 0.3506 0.0000
vt 0.2758 0.3593 0.0000
vt 0.2483 0.3581 0.0000
vt 0.0795 0.1705 0.0000
vt 0.0214 0.2459 0.0000
vt 0.0304 0.2336 0.0000
vt 0.0446 0.2574 0.0000
vt 0.2918 0.0430 0.0000
vt 0.2899 0.0615 0.0000
vt 0.2743 0.0606 0.0000
vt 0.6538 0.2952 0.0000
vt 0.6547 0.3155 0.0000
vt 0.6344 0.2960 0.0000
vt 0.6379 0.2418 0.0000
vt 0.6516 0.2609 0.0000
vt 0.6312 0.2687 0.0000
vt 0.7201 0.0293 0.0000
vt 0.7023 0.0121 0.0000
vt 0.3058 0.8960 0.0000
vt 0.2934 0.8716 0.0000
vt 0.3043 0.8596 0.0000
vt 0.6415 0.5191 0.0000
vt 0.6416 0.5377 0.0000
vt 0.7114 0.4630 0.0000
vt 0.7127 0.4824 0.0000
vt 0.6876 0.4739 0.0000
vt 0.2928 0.7223 0.0000
vt 0.3046 0.7310 0.0000
vt 0.2927 0.7543 0.0000
vt 0.4169 0.1693 0.0000
vt 0.3953 0.1766 0.0000
vt 0.7787 0.8774 0.0000
vt 0.7996 0.8632 0.0000
vt 0.8573 0.8761 0.0000
vt 0.9501 0.8962 0.0000
vt 0.9415 0.8766 0.0000
vt 0.9511 0.8700 0.0000
vt 0.9085 0.8212 0.0000
vt 0.9208 0.8222 0.0000
vt 0.9156 0.8397 0.0000
vt 0.7838 0.7817 0.0000
vt 0.7960 0.7859 0.0000
vt 0.7736 0.7870 0.0000
vt 0.5567 0.7648 0.0000
vt 0.5290 0.7607 0.0000
vt 0.5838 0.7563 0.0000
vt 0.4477 0.5616 0.0000
vt 0.8637 0.5631 0.0000
vt 0.8648 0.5864 0.0000
vt 0.8459 0.5865 0.0000
vt 0.3273 0.9811 0.0000
vt 0.3186 0.9615 0.0000
vt 0.3273 0.9603 0.0000
vt 0.2317 0.9858 0.0000
vt 0.2685 0.9779 0.0000
vt 0.9239 0.2369 0.0000
vt 0.9109 0.2410 0.0000
vt 0.9083 0.2128 0.0000
vt 0.4349 0.2140 0.0000
vt 0.4480 0.2292 0.0000
vt 0.4335 0.2347 0.0000
vt 0.7303 0.5590 0.0000
vt 0.7401 0.5853 0.0000
vt 0.7283 0.5858 0.0000
vt 0.7097 0.5678 0.0000
vt 0.6997 0.5698 0.0000
vt 0.7093 0.5457 0.0000
vt 0.7884 0.7217 0.0000
vt 0.7755 0.7361 0.0000
vt 0.7855 0.6751 0.0000
vt 0.3501 0.2564 0.0000
vt 0.3597 0.2441 0.0000
vt 0.9658 0.2470 0.0000
vt 0.9688 0.2336 0.0000
vt 0.9803 0.2454 0.0000
vt 0.3971 0.3730 0.0000
vt 0.3873 0.3847 0.0000
vt 0.9616 0.3687 0.0000
vt 0.9481 0.3771 0.0000
vt 0.9449 0.3585 0.0000
vt 0.7187 0.6068 0.0000
vt 0.7056 0.6133 0.0000
vt 0.7070 0.6021 0.0000
vt 0.6768 0.6503 0.0000
vt 0.6899 0.6355 0.0000
vt 0.6862 0.6534 0.0000
vt 0.4654 0.3234 0.0000
vt 0.4771 0.3049 0.0000
vt 0.5113 0.3382 0.0000
vt 0.5443 0.2943 0.0000
vt 0.7229 0.3497 0.0000
vt 0.7420 0.3233 0.0000
vt 0.7493 0.3499 0.0000
vt 0.2466 0.2381 0.0000
vt 0.2622 0.2559 0.0000
vt 0.2389 0.2371 0.0000
vt 0.1975 0.2575 0.0000
vt 0.2599 0.2663 0.0000
vt 0.1971 0.2967 0.0000
vt 0.9892 0.4417 0.0000
vt 0.9888 0.4528 0.0000
vt 0.9789 0.4469 0.0000
vt 0.9881 0.5025 0.0000
vt 0.9669 0.5131 0.0000
vt 0.9195 0.9772 0.0000
vt 0.9366 0.9649 0.0000
vt 0.9324 0.9779 0.0000
vt 0.0592 0.5868 0.0000
vt 0.2733 0.0947 0.0000
vt 0.2326 0.1057 0.0000
vt 0.2039 0.1093 0.0000
vt 0.2171 0.0874 0.0000
vt 0.9473 0.2624 0.0000
vt 0.3046 0.6695 0.0000
vt 0.3549 0.0366 0.0000
vt 0.3573 0.0212 0.0000
vt 0.3708 0.0352 0.0000
vt 0.3639 0.7859 0.0000
vt 0.8353 0.1616 0.0000
vt 0.7870 0.1637 0.0000
vt 0.3797 0.6681 0.0000
vt 0.4460 0.6703 0.0000
vt 0.4219 0.6707 0.0000
vt 0.1323 0.9758 0.0000
vt 0.1183 0.9674 0.0000
vt 0.1711 0.9634 0.0000
vt 0.0902 0.9868 0.0000
vt 0.1024 0.9789 0.0000
vt 0.1064 0.9853 0.0000
vt 0.7286 0.7855 0.0000
vt 0.7143 0.7868 0.0000
vt 0.6857 0.7562 0.0000
vt 0.6845 0.7394 0.0000
vt 0.7037 0.7601 0.0000
vt 0.4647 0.4730 0.0000
vt 0.5030 0.4742 0.0000
vt 0.4782 0.4919 0.0000
vt 0.4787 0.5365 0.0000
vt 0.4711 0.5166 0.0000
vt 0.4998 0.5140 0.0000
vt 0.6217 0.3696 0.0000
vt 0.7141 0.3832 0.0000
vt 0.7292 0.3930 0.0000
vt 0.7133 0.3979 0.0000
vt 0.3513 0.5403 0.0000
vt 0.3436 0.5387 0.0000
vt 0.3491 0.5231 0.0000
vt 0.9888 0.5597 0.0000
vt 0.9980 0.5624 0.0000
vt 0.9862 0.5732 0.0000
vt 0.4290 0.0505 0.0000
vt 0.4347 0.0371 0.0000
vt 0.3976 0.0316 0.0000
vt 0.4244 0.0253 0.0000
vt 0.6606 0.9849 0.0000
vt 0.6573 0.9668 0.0000
vt 0.3029 0.5427 0.0000
vt 0.2960 0.5602 0.0000
vt 0.4961 0.6133 0.0000
vt 0.5124 0.6127 0.0000
vt 0.4873 0.6358 0.0000
vt 0.8391 0.6125 0.0000
vt 0.8251 0.6112 0.0000
vt 0.8316 0.6021 0.0000
vt 0.3027 0.4181 0.0000
vt 0.2910 0.4143 0.0000
vt 0.3064 0.4082 0.0000
vt 0.6765 0.8220 0.0000
vt 0.6998 0.8283 0.0000
vt 0.7060 0.8430 0.0000
vt 0.9009 0.4798 0.0000
vt 0.2110 0.1273 0.0000
vt 0.2468 0.1235 0.0000
vt 0.2504 0.1467 0.0000
vt 0.1265 0.5819 0.0000
vt 0.1043 0.5866 0.0000
vt 0.1254 0.5646 0.0000
vt 0.7928 0.9865 0.0000
vt 0.7611 0.9866 0.0000
vt 0.0685 0.0465 0.0000
vt 0.0821 0.0928 0.0000
vt 0.0567 0.0657 0.0000
vt 0.0912 0.0677 0.0000
vt 0.6057 0.1857 0.0000
vt 0.6085 0.1610 0.0000
vt 0.6347 0.1699 0.0000
vt 0.6217 0.1387 0.0000
vt 0.6184 0.4251 0.0000
vt 0.5857 0.4265 0.0000
vt 0.5703 0.4116 0.0000
vt 0.5869 0.4106 0.0000
vt 0.7261 0.2173 0.0000
vt 0.7095 0.2310 0.0000
vt 0.7105 0.2132 0.0000
vt 0.6796 0.2333 0.0000
vt 0.6753 0.2532 0.0000
vt 0.6727 0.2236 0.0000
vt 0.0256 0.6227 0.0000
vt 0.0451 0.6320 0.0000
vt 0.0402 0.6409 0.0000
vt 0.1590 0.6692 0.0000
vt 0.1129 0.6780 0.0000
vt 0.1000 0.3872 0.0000
vt 0.1181 0.3883 0.0000
vt 0.1049 0.3979 0.0000
vt 0.0689 0.3979 0.0000
vt 0.0546 0.3979 0.0000
vt 0.0593 0.3892 0.0000
vt 0.2444 0.5338 0.0000
vt 0.2183 0.5104 0.0000
vt 0.1843 0.5255 0.0000
vt 0.7803 0.2340 0.0000
vt 0.5823 0.2277 0.0000
vt 0.5782 0.2365 0.0000
vt 0.5653 0.2128 0.0000
vt 0.8989 0.0277 0.0000
vt 0.0803 0.8253 0.0000
vt 0.0686 0.8202 0.0000
vt 0.0906 0.8102 0.0000
vt 0.0572 0.8328 0.0000
vt 0.0967 0.8388 0.0000
vt 0.0343 0.8101 0.0000
vt 0.0274 0.8022 0.0000
vt 0.0395 0.8022 0.0000
vt 0.4331 0.4478 0.0000
vt 0.4952 0.4303 0.0000
vt 0.5081 0.4183 0.0000
vt 0.5064 0.4463 0.0000
vt 0.0289 0.6423 0.0000
vt 0.6627 0.0638 0.0000
vt 0.0212 0.1260 0.0000
vt 0.3178 0.3382 0.0000
vt 0.3198 0.3518 0.0000
vt 0.6864 0.7197 0.0000
vt 0.6921 0.7289 0.0000
vt 0.6529 0.7020 0.0000
vt 0.6541 0.6842 0.0000
vt 0.6627 0.6972 0.0000
vt 0.0147 0.3206 0.0000
vt 0.0142 0.3372 0.0000
vt 0.3193 0.1129 0.0000
vt 0.2953 0.1241 0.0000
vt 0.2934 0.1085 0.0000
vt 0.2028 0.4272 0.0000
vt 0.1857 0.4112 0.0000
vt 0.1982 0.4122 0.0000
vt 0.7864 0.8350 0.0000
vt 0.7707 0.8271 0.0000
vt 0.7904 0.8164 0.0000
vt 0.8199 0.6752 0.0000
vt 0.8633 0.7003 0.0000
vt 0.2167 0.7133 0.0000
vt 0.2778 0.7475 0.0000
vt 0.7201 0.0124 0.0000
vt 0.2450 0.8022 0.0000
vt 0.2624 0.8113 0.0000
vt 0.2315 0.8106 0.0000
vt 0.6947 0.5582 0.0000
vt 0.6860 0.5014 0.0000
vt 0.7078 0.5069 0.0000
vt 0.6832 0.5185 0.0000
vt 0.5287 0.4113 0.0000
vt 0.5142 0.4021 0.0000
vt 0.5362 0.4021 0.0000
vt 0.5724 0.4021 0.0000
vt 0.5852 0.4021 0.0000
vt 0.3498 0.6320 0.0000
vt 0.3471 0.6146 0.0000
vt 0.3572 0.6224 0.0000
vt 0.9795 0.6451 0.0000
vt 0.9893 0.6643 0.0000
vt 0.9677 0.6463 0.0000
vt 0.9980 0.5760 0.0000
vt 0.9921 0.5844 0.0000
vt 0.8750 0.5943 0.0000
vt 0.8538 0.5919 0.0000
vt 0.8088 0.5905 0.0000
vt 0.8243 0.5979 0.0000
vt 0.8047 0.5979 0.0000
vt 0.1661 0.1152 0.0000
vt 0.1357 0.1280 0.0000
vt 0.1178 0.1175 0.0000
vt 0.1007 0.1085 0.0000
vt 0.0752 0.1420 0.0000
vt 0.0551 0.4116 0.0000
vt 0.0411 0.4131 0.0000
vt 0.0056 0.4763 0.0000
vt 0.0062 0.4556 0.0000
vt 0.0138 0.4757 0.0000
vt 0.2528 0.0251 0.0000
vt 0.2573 0.0131 0.0000
vt 0.2664 0.0371 0.0000
vt 0.3061 0.0262 0.0000
vt 0.3073 0.0107 0.0000
vt 0.3191 0.0261 0.0000
vt 0.1477 0.4223 0.0000
vt 0.1446 0.4303 0.0000
vt 0.1165 0.4302 0.0000
vt 0.0959 0.4479 0.0000
vt 0.2565 0.3167 0.0000
vt 0.2440 0.3466 0.0000
vt 0.9349 0.0672 0.0000
vt 0.8997 0.1027 0.0000
vt 0.8768 0.1212 0.0000
vt 0.3652 0.4399 0.0000
vt 0.3557 0.4481 0.0000
vt 0.3491 0.4911 0.0000
vt 0.3417 0.5062 0.0000
vt 0.3373 0.4973 0.0000
vt 0.0785 0.7778 0.0000
vt 0.1040 0.7627 0.0000
vt 0.1003 0.7858 0.0000
vt 0.5959 0.5178 0.0000
vt 0.5435 0.4973 0.0000
vt 0.5996 0.5401 0.0000
vt 0.6778 0.3903 0.0000
vt 0.6727 0.3757 0.0000
vt 0.6842 0.3731 0.0000
vt 0.6727 0.3229 0.0000
vt 0.6768 0.2946 0.0000
vt 0.6824 0.3070 0.0000
vt 0.3492 0.7478 0.0000
vt 0.3426 0.7326 0.0000
vt 0.3489 0.7201 0.0000
vt 0.3373 0.7788 0.0000
vt 0.3373 0.7666 0.0000
vt 0.3513 0.7685 0.0000
vt 0.7458 0.4583 0.0000
vt 0.7110 0.4323 0.0000
vt 0.7162 0.4205 0.0000
vt 0.3046 0.2307 0.0000
vt 0.0676 0.0347 0.0000
vt 0.0385 0.0244 0.0000
vt 0.0524 0.0220 0.0000
vt 0.6059 0.5782 0.0000
vt 0.5870 0.5769 0.0000
vt 0.7549 0.5858 0.0000
vt 0.7489 0.5621 0.0000
vt 0.0958 0.1727 0.0000
vt 0.1067 0.1603 0.0000
vt 0.1071 0.1859 0.0000
vt 0.1308 0.1978 0.0000
vt 0.1399 0.1913 0.0000
vt 0.1499 0.1978 0.0000
vt 0.6875 0.1685 0.0000
vt 0.6856 0.1851 0.0000
vt 0.6772 0.1781 0.0000
vt 0.7411 0.1978 0.0000
vt 0.7255 0.1978 0.0000
vt 0.7354 0.1929 0.0000
vt 0.6377 0.9214 0.0000
vt 0.6384 0.8969 0.0000
vt 0.6472 0.9043 0.0000
vt 0.6523 0.8444 0.0000
vt 0.6656 0.8645 0.0000
vt 0.4871 0.7360 0.0000
vt 0.3955 0.7599 0.0000
vt 0.3961 0.7487 0.0000
vt 0.3150 0.7336 0.0000
vt 0.3161 0.7552 0.0000
vt 0.3044 0.7533 0.0000
vt 0.3611 0.1229 0.0000
vt 0.3686 0.0891 0.0000
vt 0.3668 0.1447 0.0000
vt 0.9666 0.4229 0.0000
vt 0.9923 0.4202 0.0000
vt 0.3858 0.4162 0.0000
vt 0.3748 0.4308 0.0000
vt 0.3748 0.4134 0.0000
vt 0.1221 0.2020 0.0000
vt 0.1312 0.2056 0.0000
vt 0.0578 0.2094 0.0000
vt 0.0502 0.2020 0.0000
vt 0.0695 0.2020 0.0000
vt 0.9572 0.6311 0.0000
vt 0.9695 0.6345 0.0000
vt 0.9444 0.1731 0.0000
vt 0.0822 0.9757 0.0000
vt 0.8213 0.2943 0.0000
vt 0.8622 0.3175 0.0000
vt 0.7705 0.6100 0.0000
vt 0.7718 0.6276 0.0000
vt 0.7524 0.6268 0.0000
vt 0.8243 0.6295 0.0000
vt 0.2827 0.5678 0.0000
vt 0.2669 0.5852 0.0000
vt 0.7205 0.9863 0.0000
vt 0.7102 0.9758 0.0000
vt 0.8331 0.2020 0.0000
vt 0.8127 0.2020 0.0000
vt 0.8793 0.2105 0.0000
vt 0.8715 0.2020 0.0000
vt 0.8954 0.2020 0.0000
vt 0.6979 0.2155 0.0000
vt 0.6897 0.2241 0.0000
vt 0.6839 0.2125 0.0000
vt 0.9238 0.7866 0.0000
vt 0.9309 0.7933 0.0000
vt 0.9151 0.7980 0.0000
vt 0.9628 0.7758 0.0000
vt 0.8891 0.3774 0.0000
vt 0.8262 0.3931 0.0000
vt 0.8496 0.3979 0.0000
vt 0.8224 0.3979 0.0000
vt 0.3085 0.9661 0.0000
vt 0.3197 0.9731 0.0000
vt 0.2941 0.9095 0.0000
vt 0.0885 0.3586 0.0000
vt 0.1059 0.3740 0.0000
vt 0.5958 0.7336 0.0000
vt 0.5640 0.7328 0.0000
vt 0.8609 0.7822 0.0000
vt 0.8762 0.7873 0.0000
vt 0.8527 0.7895 0.0000
vt 0.8381 0.7872 0.0000
vt 0.8190 0.7866 0.0000
vt 0.2445 0.8210 0.0000
vt 0.1480 0.8117 0.0000
vt 0.1176 0.6110 0.0000
vt 0.1207 0.6324 0.0000
vt 0.5019 0.0300 0.0000
vt 0.3637 0.5400 0.0000
vt 0.1359 0.2635 0.0000
vt 0.5716 0.3979 0.0000
vt 0.5899 0.3929 0.0000
vt 0.5843 0.3979 0.0000
vt 0.4926 0.3935 0.0000
vt 0.5129 0.3979 0.0000
vt 0.0144 0.5115 0.0000
vt 0.9410 0.9299 0.0000
vt 0.9663 0.2020 0.0000
vt 0.9695 0.2094 0.0000
vt 0.9575 0.2124 0.0000
vt 0.1623 0.2020 0.0000
vt 0.1514 0.2114 0.0000
vt 0.1397 0.2020 0.0000
vt 0.1794 0.2020 0.0000
vt 0.1657 0.2109 0.0000
vt 0.2967 0.7754 0.0000
vt 0.2826 0.7908 0.0000
vt 0.3763 0.1791 0.0000
vt 0.3823 0.1874 0.0000
vt 0.3696 0.1911 0.0000
vt 0.4576 0.1880 0.0000
vt 0.4460 0.1802 0.0000
vt 0.4622 0.1678 0.0000
vt 0.4596 0.1477 0.0000
vt 0.1171 0.7241 0.0000
vt 0.1402 0.7252 0.0000
vt 0.5309 0.5462 0.0000
vt 0.5076 0.5417 0.0000
vt 0.5282 0.5147 0.0000
vt 0.4910 0.5608 0.0000
vt 0.5200 0.5594 0.0000
vt 0.4947 0.5764 0.0000
vt 0.2727 0.4943 0.0000
vt 0.2628 0.4696 0.0000
vt 0.2296 0.4354 0.0000
vt 0.2154 0.4294 0.0000
vt 0.2134 0.4206 0.0000
vt 0.5768 0.6263 0.0000
vt 0.5660 0.6131 0.0000
vt 0.5793 0.6125 0.0000
vt 0.6173 0.6509 0.0000
vt 0.5934 0.6553 0.0000
vt 0.6113 0.6237 0.0000
vt 0.9819 0.0482 0.0000
vt 0.9655 0.0448 0.0000
vt 0.9777 0.0255 0.0000
vt 0.0145 0.8309 0.0000
vt 0.0116 0.8148 0.0000
vt 0.0218 0.8161 0.0000
vt 0.9898 0.3070 0.0000
vt 0.9671 0.3020 0.0000
vt 0.3844 0.3209 0.0000
vt 0.3608 0.3461 0.0000
vt 0.3614 0.3266 0.0000
vt 0.8883 0.9748 0.0000
vt 0.8882 0.9671 0.0000
vt 0.9091 0.9648 0.0000
vt 0.8688 0.9732 0.0000
vt 0.3273 0.6271 0.0000
vt 0.3273 0.6477 0.0000
vt 0.3146 0.6417 0.0000
vt 0.2972 0.6248 0.0000
vt 0.2843 0.6217 0.0000
vt 0.9360 0.6110 0.0000
vt 0.9314 0.6299 0.0000
vt 0.8806 0.6103 0.0000
vt 0.8966 0.6091 0.0000
vt 0.8735 0.4020 0.0000
vt 0.8981 0.4020 0.0000
vt 0.8901 0.4098 0.0000
vt 0.8560 0.4304 0.0000
vt 0.8542 0.4522 0.0000
vt 0.0229 0.0962 0.0000
vt 0.3063 0.2492 0.0000
vt 0.3211 0.2485 0.0000
vt 0.3176 0.2589 0.0000
vt 0.2831 0.1746 0.0000
vt 0.3273 0.1746 0.0000
vt 0.3183 0.1629 0.0000
vt 0.3273 0.1570 0.0000
vt 0.1165 0.3979 0.0000
vt 0.1351 0.3979 0.0000
vt 0.1985 0.3979 0.0000
vt 0.1795 0.3979 0.0000
vt 0.1847 0.3938 0.0000
vt 0.0931 0.0284 0.0000
vt 0.0888 0.0122 0.0000
vt 0.1073 0.0203 0.0000
vt 0.2222 0.2130 0.0000
vt 0.2371 0.2229 0.0000
vt 0.6378 0.4332 0.0000
vt 0.6542 0.4639 0.0000
vt 0.6378 0.4503 0.0000
vt 0.6456 0.4455 0.0000
vt 0.0292 0.9734 0.0000
vt 0.0301 0.9857 0.0000
vt 0.0130 0.9836 0.0000
vt 0.0020 0.8713 0.0000
vt 0.0059 0.9135 0.0000
vt 0.0020 0.9113 0.0000
vt 0.9388 0.8260 0.0000
vt 0.9505 0.8341 0.0000
vt 0.9356 0.8461 0.0000
vt 0.0279 0.4120 0.0000
vt 0.0374 0.4244 0.0000
vt 0.0281 0.4367 0.0000
vt 0.8489 0.5359 0.0000
vt 0.9215 0.5412 0.0000
vt 0.6436 0.7579 0.0000
vt 0.6390 0.7333 0.0000
vt 0.6528 0.7397 0.0000
vt 0.6409 0.6965 0.0000
vt 0.0689 0.4021 0.0000
vt 0.1007 0.4021 0.0000
vt 0.0868 0.4056 0.0000
vt 0.8730 0.8270 0.0000
vt 0.8833 0.8128 0.0000
vt 0.3518 0.3666 0.0000
vt 0.3528 0.3811 0.0000
vt 0.3373 0.3787 0.0000
vt 0.9572 0.3859 0.0000
vt 0.9745 0.3697 0.0000
vt 0.9720 0.3844 0.0000
vt 0.0131 0.2176 0.0000
vt 0.0294 0.2081 0.0000
vt 0.0277 0.2158 0.0000
vt 0.0406 0.2287 0.0000
vt 0.0453 0.2086 0.0000
vt 0.1827 0.9678 0.0000
vt 0.2407 0.9550 0.0000
vt 0.2237 0.9672 0.0000
vt 0.7095 0.5843 0.0000
vt 0.6790 0.6323 0.0000
vt 0.6727 0.6252 0.0000
vt 0.6794 0.6186 0.0000
vt 0.6517 0.6428 0.0000
vt 0.6397 0.6567 0.0000
vt 0.4619 0.2717 0.0000
vt 0.9512 0.0209 0.0000
vt 0.8919 0.0122 0.0000
vt 0.9276 0.0123 0.0000
vt 0.2830 0.8022 0.0000
vt 0.2728 0.8092 0.0000
vt 0.2679 0.8022 0.0000
vt 0.3273 0.8292 0.0000
vt 0.3173 0.8138 0.0000
vt 0.3272 0.8092 0.0000
vt 0.6222 0.3814 0.0000
vt 0.6305 0.3926 0.0000
vt 0.6154 0.3886 0.0000
vt 0.6017 0.3870 0.0000
vt 0.5893 0.3863 0.0000
vt 0.6004 0.3716 0.0000
vt 0.1834 0.9752 0.0000
vt 0.7788 0.1798 0.0000
vt 0.7850 0.1867 0.0000
vt 0.9645 0.5939 0.0000
vt 0.9527 0.5979 0.0000
vt 0.9505 0.5866 0.0000
vt 0.6943 0.1227 0.0000
vt 0.3273 0.9330 0.0000
vt 0.3197 0.9277 0.0000
vt 0.3273 0.9138 0.0000
vt 0.5811 0.5980 0.0000
vt 0.5683 0.5980 0.0000
vt 0.5622 0.5927 0.0000
vt 0.5306 0.5980 0.0000
vt 0.5110 0.5980 0.0000
vt 0.5202 0.5936 0.0000
vt 0.9072 0.1316 0.0000
vt 0.9045 0.1500 0.0000
vt 0.8605 0.1376 0.0000
vt 0.8073 0.1491 0.0000
vt 0.8660 0.1546 0.0000
vt 0.3373 0.6601 0.0000
vt 0.3421 0.6709 0.0000
vt 0.3373 0.6765 0.0000
vt 0.3405 0.7231 0.0000
vt 0.3421 0.6985 0.0000
vt 0.0138 0.7055 0.0000
vt 0.0142 0.6861 0.0000
vt 0.0132 0.7246 0.0000
vt 0.0370 0.7280 0.0000
vt 0.0157 0.7371 0.0000
vt 0.4792 0.3860 0.0000
vt 0.4257 0.3979 0.0000
vt 0.4359 0.3915 0.0000
vt 0.4464 0.3979 0.0000
vt 0.5504 0.7980 0.0000
vt 0.5551 0.7916 0.0000
vt 0.5702 0.7980 0.0000
vt 0.4910 0.7931 0.0000
vt 0.5135 0.7865 0.0000
vt 0.5141 0.7940 0.0000
vt 0.2744 0.9980 0.0000
vt 0.2588 0.9980 0.0000
vt 0.2586 0.9929 0.0000
vt 0.3044 0.9882 0.0000
vt 0.2866 0.9872 0.0000
vt 0.2960 0.9657 0.0000
vt 0.5039 0.5914 0.0000
vt 0.4585 0.5883 0.0000
vt 0.4599 0.5980 0.0000
vt 0.4500 0.5927 0.0000
vt 0.7411 0.7578 0.0000
vt 0.7730 0.7479 0.0000
vt 0.7518 0.7625 0.0000
vt 0.7852 0.7639 0.0000
vt 0.7948 0.7487 0.0000
vt 0.6728 0.0090 0.0000
vt 0.6774 0.0152 0.0000
vt 0.6727 0.0290 0.0000
vt 0.6727 0.0849 0.0000
vt 0.6768 0.0612 0.0000
vt 0.0020 0.2434 0.0000
vt 0.0048 0.2347 0.0000
vt 0.0113 0.2477 0.0000
vt 0.0049 0.2593 0.0000
vt 0.0131 0.2584 0.0000
vt 0.2829 0.1037 0.0000
vt 0.2508 0.0927 0.0000
vt 0.2593 0.1107 0.0000
vt 0.7216 0.7937 0.0000
vt 0.6024 0.7853 0.0000
vt 0.5846 0.7870 0.0000
vt 0.6039 0.7626 0.0000
vt 0.1796 0.0679 0.0000
vt 0.1888 0.0546 0.0000
vt 0.6842 0.3242 0.0000
vt 0.7045 0.3446 0.0000
vt 0.6849 0.3362 0.0000
vt 0.7027 0.3361 0.0000
vt 0.9262 0.5166 0.0000
vt 0.8763 0.5053 0.0000
vt 0.2367 0.3879 0.0000
vt 0.2560 0.3868 0.0000
vt 0.2495 0.3979 0.0000
vt 0.2889 0.3932 0.0000
vt 0.2907 0.3979 0.0000
vt 0.2759 0.3979 0.0000
vt 0.2054 0.3874 0.0000
vt 0.1880 0.3855 0.0000
vt 0.2109 0.3629 0.0000
vt 0.2435 0.3811 0.0000
vt 0.2641 0.3721 0.0000
vt 0.0364 0.1877 0.0000
vt 0.3072 0.3728 0.0000
vt 0.9724 0.7843 0.0000
vt 0.9980 0.7788 0.0000
vt 0.9877 0.7799 0.0000
vt 0.9980 0.7666 0.0000
vt 0.4061 0.0444 0.0000
vt 0.3690 0.0545 0.0000
vt 0.7152 0.7980 0.0000
vt 0.6995 0.7980 0.0000
vt 0.7016 0.7911 0.0000
vt 0.6835 0.7680 0.0000
vt 0.6727 0.7618 0.0000
vt 0.6767 0.7489 0.0000
vt 0.7881 0.4532 0.0000
vt 0.7695 0.4346 0.0000
vt 0.7992 0.4020 0.0000
vt 0.8211 0.4020 0.0000
vt 0.8085 0.4065 0.0000
vt 0.8575 0.3449 0.0000
vt 0.9170 0.3392 0.0000
vt 0.9899 0.5183 0.0000
vt 0.9980 0.4972 0.0000
vt 0.9980 0.5161 0.0000
vt 0.9980 0.4472 0.0000
vt 0.9980 0.4721 0.0000
vt 0.6494 0.8264 0.0000
vt 0.6348 0.8330 0.0000
vt 0.6394 0.8258 0.0000
vt 0.6846 0.8138 0.0000
vt 0.6752 0.8101 0.0000
vt 0.2693 0.6021 0.0000
vt 0.2732 0.6125 0.0000
vt 0.2394 0.6081 0.0000
vt 0.1600 0.6021 0.0000
vt 0.1862 0.6021 0.0000
vt 0.1839 0.6092 0.0000
vt 0.6525 0.5271 0.0000
vt 0.6525 0.5035 0.0000
vt 0.6627 0.5112 0.0000
vt 0.6627 0.4747 0.0000
vt 0.6627 0.4617 0.0000
vt 0.2823 0.4990 0.0000
vt 0.2760 0.4796 0.0000
vt 0.2865 0.4808 0.0000
vt 0.3096 0.5088 0.0000
vt 0.2982 0.5188 0.0000
vt 0.3138 0.2112 0.0000
vt 0.3189 0.2207 0.0000
vt 0.3075 0.2188 0.0000
vt 0.3172 0.2382 0.0000
vt 0.3273 0.2254 0.0000
vt 0.3273 0.2492 0.0000
vt 0.1000 0.2020 0.0000
vt 0.2080 0.0252 0.0000
vt 0.2197 0.0131 0.0000
vt 0.9330 0.4128 0.0000
vt 0.9294 0.4020 0.0000
vt 0.9486 0.4106 0.0000
vt 0.9008 0.4137 0.0000
vt 0.8039 0.2108 0.0000
vt 0.8033 0.2020 0.0000
vt 0.7920 0.2020 0.0000
vt 0.7855 0.2102 0.0000
vt 0.7702 0.2102 0.0000
vt 0.7053 0.6325 0.0000
vt 0.7075 0.6448 0.0000
vt 0.7228 0.6283 0.0000
vt 0.7147 0.6169 0.0000
vt 0.7294 0.6118 0.0000
vt 0.3516 0.4405 0.0000
vt 0.3608 0.4233 0.0000
vt 0.3650 0.4338 0.0000
vt 0.4542 0.4958 0.0000
vt 0.4315 0.5096 0.0000
vt 0.8101 0.9932 0.0000
vt 0.8246 0.9980 0.0000
vt 0.7875 0.9934 0.0000
vt 0.8833 0.9867 0.0000
vt 0.8598 0.9917 0.0000
vt 0.8650 0.9858 0.0000
vt 0.7008 0.1039 0.0000
vt 0.7398 0.0941 0.0000
vt 0.7306 0.1337 0.0000
vt 0.9186 0.8570 0.0000
vt 0.8996 0.8588 0.0000
vt 0.9401 0.9501 0.0000
vt 0.9502 0.9370 0.0000
vt 0.9522 0.9597 0.0000
vt 0.9602 0.9775 0.0000
vt 0.9436 0.9703 0.0000
vt 0.5367 0.6021 0.0000
vt 0.5615 0.6021 0.0000
vt 0.5508 0.6078 0.0000
vt 0.5037 0.6021 0.0000
vt 0.4875 0.6021 0.0000
vt 0.4754 0.6126 0.0000
vt 0.4663 0.6063 0.0000
vt 0.4477 0.6118 0.0000
vt 0.0020 0.2855 0.0000
vt 0.0020 0.2652 0.0000
vt 0.0057 0.2743 0.0000
vt 0.0020 0.3266 0.0000
vt 0.6845 0.4335 0.0000
vt 0.6800 0.4170 0.0000
vt 0.6961 0.4233 0.0000
vt 0.6519 0.4407 0.0000
vt 0.6627 0.4507 0.0000
vt 0.6982 0.8907 0.0000
vt 0.7276 0.8768 0.0000
vt 0.0363 0.2184 0.0000
vt 0.2970 0.0137 0.0000
vt 0.2812 0.1866 0.0000
vt 0.2918 0.1846 0.0000
vt 0.3021 0.1978 0.0000
vt 0.0438 0.3880 0.0000
vt 0.0432 0.3979 0.0000
vt 0.7920 0.2540 0.0000
vt 0.7937 0.2409 0.0000
vt 0.8330 0.2487 0.0000
vt 0.2875 0.5819 0.0000
vt 0.2963 0.5723 0.0000
vt 0.3060 0.5764 0.0000
vt 0.3039 0.5650 0.0000
vt 0.3205 0.5668 0.0000
vt 0.9700 0.5388 0.0000
vt 0.9879 0.5415 0.0000
vt 0.9766 0.5608 0.0000
vt 0.9873 0.5292 0.0000
vt 0.3183 0.5205 0.0000
vt 0.6538 0.1044 0.0000
vt 0.6297 0.1077 0.0000
vt 0.6305 0.6713 0.0000
vt 0.6332 0.7004 0.0000
vt 0.8659 0.4777 0.0000
vt 0.8837 0.4489 0.0000
vt 0.8623 0.4407 0.0000
vt 0.2967 0.8367 0.0000
vt 0.3216 0.8304 0.0000
vt 0.3116 0.8242 0.0000
vt 0.3190 0.3272 0.0000
vt 0.3153 0.3070 0.0000
vt 0.3193 0.3093 0.0000
vt 0.3171 0.2957 0.0000
vt 0.3031 0.2954 0.0000
vt 0.3008 0.2772 0.0000
vt 0.0294 0.8584 0.0000
vt 0.0216 0.8560 0.0000
vt 0.0288 0.8276 0.0000
vt 0.0214 0.8823 0.0000
vt 0.4287 0.2549 0.0000
vt 0.4127 0.2261 0.0000
vt 0.4129 0.2477 0.0000
vt 0.1849 0.5870 0.0000
vt 0.2039 0.5862 0.0000
vt 0.1994 0.5980 0.0000
vt 0.1755 0.5980 0.0000
vt 0.1376 0.5980 0.0000
vt 0.1525 0.5933 0.0000
vt 0.7331 0.2373 0.0000
vt 0.6958 0.2546 0.0000
vt 0.7013 0.2372 0.0000
vt 0.0420 0.6084 0.0000
vt 0.7948 0.8916 0.0000
vt 0.8195 0.8691 0.0000
vt 0.4799 0.7863 0.0000
vt 0.4354 0.7917 0.0000
vt 0.4203 0.7980 0.0000
vt 0.7003 0.6739 0.0000
vt 0.6727 0.7239 0.0000
vt 0.6727 0.6972 0.0000
vt 0.6769 0.6961 0.0000
vt 0.2628 0.4220 0.0000
vt 0.2596 0.4362 0.0000
vt 0.2528 0.4525 0.0000
vt 0.2329 0.4468 0.0000
vt 0.6450 0.2924 0.0000
vt 0.6157 0.2860 0.0000
vt 0.0520 0.0865 0.0000
vt 0.0643 0.1152 0.0000
vt 0.3473 0.1407 0.0000
vt 0.3561 0.1404 0.0000
vt 0.3560 0.1646 0.0000
vt 0.3491 0.1853 0.0000
vt 0.3569 0.1744 0.0000
vt 0.0431 0.2987 0.0000
vt 0.0209 0.2953 0.0000
vt 0.7067 0.9535 0.0000
vt 0.3922 0.2547 0.0000
vt 0.3931 0.2742 0.0000
vt 0.9575 0.6125 0.0000
vt 0.9482 0.6089 0.0000
vt 0.9551 0.6021 0.0000
vt 0.9796 0.6290 0.0000
vt 0.9885 0.6175 0.0000
vt 0.9887 0.6335 0.0000
vt 0.3169 0.1373 0.0000
vt 0.3273 0.1265 0.0000
vt 0.3273 0.1416 0.0000
vt 0.3192 0.1523 0.0000
vt 0.5415 0.3856 0.0000
vt 0.5602 0.3858 0.0000
vt 0.5439 0.3924 0.0000
vt 0.5199 0.3625 0.0000
vt 0.5451 0.3758 0.0000
vt 0.5221 0.3855 0.0000
vt 0.7644 0.1029 0.0000
vt 0.7799 0.0624 0.0000
vt 0.7655 0.0823 0.0000
vt 0.7822 0.6409 0.0000
vt 0.8019 0.6486 0.0000
vt 0.7991 0.6713 0.0000
vt 0.8176 0.6581 0.0000
vt 0.9354 0.2108 0.0000
vt 0.9359 0.2020 0.0000
vt 0.9551 0.2020 0.0000
vt 0.9224 0.2020 0.0000
vt 0.9224 0.2118 0.0000
vt 0.0137 0.5703 0.0000
vt 0.0263 0.5811 0.0000
vt 0.0159 0.5877 0.0000
vt 0.0416 0.5870 0.0000
vt 0.0272 0.5927 0.0000
vt 0.9804 0.2020 0.0000
vt 0.9875 0.2339 0.0000
vt 0.9804 0.2283 0.0000
vt 0.9900 0.2221 0.0000
vt 0.6975 0.8108 0.0000
vt 0.7201 0.8021 0.0000
vt 0.7076 0.8133 0.0000
vt 0.3783 0.5782 0.0000
vt 0.3928 0.5848 0.0000
vt 0.3786 0.5885 0.0000
vt 0.3643 0.5747 0.0000
vt 0.3688 0.5878 0.0000
vt 0.3499 0.5819 0.0000
vt 0.9470 0.4203 0.0000
vt 0.9668 0.4020 0.0000
vt 0.9854 0.4020 0.0000
vt 0.9779 0.4073 0.0000
vt 0.9446 0.7879 0.0000
vt 0.9400 0.7740 0.0000
vt 0.8611 0.7694 0.0000
vt 0.8950 0.7679 0.0000
vt 0.3005 0.2540 0.0000
vt 0.2941 0.2699 0.0000
vt 0.2848 0.2492 0.0000
vt 0.2564 0.2575 0.0000
vt 0.6320 0.1466 0.0000
vt 0.6479 0.1623 0.0000
vt 0.0300 0.7861 0.0000
vt 0.7141 0.3102 0.0000
vt 0.7493 0.2807 0.0000
vt 0.6117 0.1978 0.0000
vt 0.6083 0.1914 0.0000
vt 0.6250 0.1908 0.0000
vt 0.5568 0.1978 0.0000
vt 0.5496 0.1938 0.0000
vt 0.5737 0.1978 0.0000
vt 0.9875 0.3801 0.0000
vt 0.9747 0.3583 0.0000
vt 0.9885 0.3428 0.0000
vt 0.9859 0.3666 0.0000
vt 0.2296 0.7756 0.0000
vt 0.2471 0.7863 0.0000
vt 0.1999 0.7863 0.0000
vt 0.2535 0.9867 0.0000
vt 0.2450 0.9929 0.0000
vt 0.1964 0.9924 0.0000
vt 0.2055 0.9870 0.0000
vt 0.2190 0.9980 0.0000
vt 0.3200 0.4334 0.0000
vt 0.3085 0.4294 0.0000
vt 0.3149 0.4208 0.0000
vt 0.3182 0.4632 0.0000
vt 0.3188 0.4844 0.0000
vt 0.0657 0.4147 0.0000
vt 0.0784 0.4222 0.0000
vt 0.8656 0.2115 0.0000
vt 0.8853 0.2233 0.0000
vt 0.0857 0.6641 0.0000
vt 0.0594 0.6593 0.0000
vt 0.0739 0.6449 0.0000
vt 0.1328 0.9980 0.0000
vt 0.1003 0.9980 0.0000
vt 0.1182 0.9926 0.0000
vt 0.1568 0.9980 0.0000
vt 0.3499 0.3337 0.0000
vt 0.3493 0.3510 0.0000
vt 0.3407 0.3523 0.0000
vt 0.3373 0.3664 0.0000
vt 0.8941 0.5909 0.0000
vt 0.9031 0.5979 0.0000
vt 0.8754 0.5979 0.0000
vt 0.9098 0.5874 0.0000
vt 0.5954 0.2020 0.0000
vt 0.6139 0.2020 0.0000
vt 0.6130 0.2134 0.0000
vt 0.6365 0.2263 0.0000
vt 0.6290 0.2105 0.0000
vt 0.6443 0.2151 0.0000
vt 0.1343 0.8022 0.0000
vt 0.1790 0.8022 0.0000
vt 0.1525 0.8052 0.0000
vt 0.2145 0.8113 0.0000
vt 0.2003 0.8022 0.0000
vt 0.2310 0.8022 0.0000
vt 0.2468 0.6191 0.0000
vt 0.1430 0.6451 0.0000
vt 0.9195 0.9860 0.0000
vt 0.9382 0.9847 0.0000
vt 0.9224 0.9923 0.0000
vt 0.8964 0.9919 0.0000
vt 0.8801 0.9980 0.0000
vt 0.1282 0.1858 0.0000
vt 0.1194 0.1684 0.0000
vt 0.1459 0.1736 0.0000
vt 0.3682 0.7488 0.0000
vt 0.3721 0.7224 0.0000
vt 0.3560 0.7292 0.0000
vt 0.6237 0.5892 0.0000
vt 0.6390 0.5868 0.0000
vt 0.6352 0.5980 0.0000
vt 0.6862 0.5979 0.0000
vt 0.6852 0.5839 0.0000
vt 0.7001 0.5979 0.0000
vt 0.7342 0.7980 0.0000
vt 0.7511 0.7980 0.0000
vt 0.7637 0.7936 0.0000
vt 0.7849 0.7980 0.0000
vt 0.7651 0.7980 0.0000
vt 0.7443 0.0433 0.0000
vt 0.7777 0.0451 0.0000
vt 0.3518 0.4783 0.0000
vt 0.3653 0.4798 0.0000
vt 0.3621 0.5137 0.0000
vt 0.3695 0.4884 0.0000
vt 0.3773 0.5184 0.0000
vt 0.3182 0.0661 0.0000
vt 0.3273 0.0651 0.0000
vt 0.3273 0.0854 0.0000
vt 0.3012 0.0447 0.0000
vt 0.0150 0.4568 0.0000
vt 0.0343 0.4473 0.0000
vt 0.5433 0.2020 0.0000
vt 0.5652 0.2020 0.0000
vt 0.5510 0.2079 0.0000
vt 0.5294 0.2123 0.0000
vt 0.6501 0.0271 0.0000
vt 0.6370 0.0097 0.0000
vt 0.6627 0.0116 0.0000
vt 0.6627 0.0283 0.0000
vt 0.6627 0.0488 0.0000
vt 0.6546 0.0430 0.0000
vt 0.3373 0.3028 0.0000
vt 0.3498 0.2748 0.0000
vt 0.3373 0.3180 0.0000
vt 0.3428 0.3019 0.0000
vt 0.7701 0.2020 0.0000
vt 0.7268 0.2096 0.0000
vt 0.7215 0.2020 0.0000
vt 0.7400 0.2020 0.0000
vt 0.6006 0.3399 0.0000
vt 0.3488 0.0732 0.0000
vt 0.3507 0.0529 0.0000
vt 0.3582 0.0697 0.0000
vt 0.3273 0.6795 0.0000
vt 0.3190 0.6583 0.0000
vt 0.6218 0.4801 0.0000
vt 0.6230 0.4631 0.0000
vt 0.8020 0.8495 0.0000
vt 0.7626 0.8371 0.0000
vt 0.7447 0.8091 0.0000
vt 0.7616 0.8092 0.0000
vt 0.2264 0.4021 0.0000
vt 0.2211 0.4117 0.0000
vt 0.0142 0.0555 0.0000
vt 0.0020 0.0747 0.0000
vt 0.0066 0.0717 0.0000
vt 0.0020 0.0925 0.0000
vt 0.6627 0.2868 0.0000
vt 0.6565 0.2445 0.0000
vt 0.6627 0.2669 0.0000
vt 0.9635 0.1840 0.0000
vt 0.9763 0.1844 0.0000
vt 0.9704 0.1907 0.0000
vt 0.9366 0.1918 0.0000
vt 0.9528 0.1858 0.0000
vt 0.9582 0.1936 0.0000
vt 0.0574 0.3003 0.0000
vt 0.1233 0.3216 0.0000
vt 0.1303 0.3001 0.0000
vt 0.0676 0.3667 0.0000
vt 0.0816 0.3861 0.0000
vt 0.8657 0.0020 0.0000
vt 0.8611 0.0071 0.0000
vt 0.8405 0.0063 0.0000
vt 0.9030 0.0020 0.0000
vt 0.8781 0.0059 0.0000
vt 0.7671 0.5979 0.0000
vt 0.7552 0.5944 0.0000
vt 0.7785 0.5924 0.0000
vt 0.7886 0.5876 0.0000
vt 0.8837 0.6021 0.0000
vt 0.9072 0.6021 0.0000
vt 0.9359 0.6021 0.0000
vt 0.8965 0.3880 0.0000
vt 0.9096 0.3979 0.0000
vt 0.9295 0.3979 0.0000
vt 0.9295 0.3927 0.0000
vt 0.9468 0.3979 0.0000
vt 0.4865 0.2520 0.0000
vt 0.4751 0.2358 0.0000
vt 0.4400 0.2020 0.0000
vt 0.4638 0.2020 0.0000
vt 0.4499 0.2110 0.0000
vt 0.2439 0.5903 0.0000
vt 0.2596 0.5980 0.0000
vt 0.2352 0.5980 0.0000
vt 0.2231 0.5980 0.0000
vt 0.2158 0.5935 0.0000
vt 0.5564 0.7846 0.0000
vt 0.4989 0.7718 0.0000
vt 0.6089 0.4309 0.0000
vt 0.8741 0.3921 0.0000
vt 0.8533 0.3928 0.0000
vt 0.8890 0.3979 0.0000
vt 0.8969 0.3940 0.0000
vt 0.6773 0.4561 0.0000
vt 0.6767 0.4741 0.0000
vt 0.6727 0.4616 0.0000
vt 0.6770 0.4970 0.0000
vt 0.0071 0.4171 0.0000
vt 0.0131 0.4208 0.0000
vt 0.0020 0.9756 0.0000
vt 0.0020 0.9502 0.0000
vt 0.0052 0.9525 0.0000
vt 0.5175 0.0020 0.0000
vt 0.5581 0.0020 0.0000
vt 0.5455 0.0116 0.0000
vt 0.6158 0.0098 0.0000
vt 0.6000 0.0020 0.0000
vt 0.6172 0.0020 0.0000
vt 0.3675 0.7007 0.0000
vt 0.3491 0.7024 0.0000
vt 0.3495 0.6829 0.0000
vt 0.6727 0.7772 0.0000
vt 0.6846 0.7813 0.0000
vt 0.0232 0.9583 0.0000
vt 0.0214 0.9276 0.0000
vt 0.0050 0.9751 0.0000
vt 0.0184 0.9669 0.0000
vt 0.2555 0.8468 0.0000
vt 0.2224 0.8480 0.0000
vt 0.2278 0.8391 0.0000
vt 0.5395 0.4061 0.0000
vt 0.5549 0.4115 0.0000
vt 0.6311 0.4021 0.0000
vt 0.6450 0.4021 0.0000
vt 0.6361 0.4114 0.0000
vt 0.6627 0.4253 0.0000
vt 0.6627 0.4393 0.0000
vt 0.3020 0.9291 0.0000
vt 0.3002 0.9528 0.0000
vt 0.2904 0.9479 0.0000
vt 0.0020 0.0254 0.0000
vt 0.0131 0.0164 0.0000
vt 0.0091 0.0352 0.0000
vt 0.0236 0.0116 0.0000
vt 0.0120 0.0052 0.0000
vt 0.0345 0.0051 0.0000
vt 0.2235 0.1513 0.0000
vt 0.2157 0.1397 0.0000
vt 0.2378 0.1887 0.0000
vt 0.2287 0.1666 0.0000
vt 0.0252 0.6795 0.0000
vt 0.0020 0.6490 0.0000
vt 0.0020 0.6284 0.0000
vt 0.0064 0.6314 0.0000
vt 0.6587 0.1309 0.0000
vt 0.6627 0.0771 0.0000
vt 0.6627 0.0894 0.0000
vt 0.1001 0.6447 0.0000
vt 0.0951 0.6268 0.0000
vt 0.9980 0.2890 0.0000
vt 0.9980 0.2714 0.0000
vt 0.9980 0.2479 0.0000
vt 0.4273 0.1594 0.0000
vt 0.4366 0.1723 0.0000
vt 0.7494 0.4834 0.0000
vt 0.7831 0.4927 0.0000
vt 0.7640 0.5066 0.0000
vt 0.3414 0.5591 0.0000
vt 0.3522 0.5593 0.0000
vt 0.1502 0.1857 0.0000
vt 0.1721 0.1856 0.0000
vt 0.1573 0.1936 0.0000
vt 0.1909 0.1930 0.0000
vt 0.2045 0.1925 0.0000
vt 0.2128 0.1978 0.0000
vt 0.0116 0.7730 0.0000
vt 0.0193 0.7709 0.0000
vt 0.0166 0.7870 0.0000
vt 0.0020 0.7589 0.0000
vt 0.0131 0.7546 0.0000
vt 0.3945 0.6372 0.0000
vt 0.3994 0.6554 0.0000
vt 0.3669 0.3932 0.0000
vt 0.3510 0.3979 0.0000
vt 0.3995 0.3928 0.0000
vt 0.3886 0.3979 0.0000
vt 0.3487 0.4198 0.0000
vt 0.1532 0.0541 0.0000
vt 0.1285 0.0666 0.0000
vt 0.3653 0.0128 0.0000
vt 0.3788 0.0216 0.0000
vt 0.2928 0.6113 0.0000
vt 0.3144 0.6093 0.0000
vt 0.6511 0.3345 0.0000
vt 0.6413 0.3290 0.0000
vt 0.6762 0.3607 0.0000
vt 0.6856 0.3529 0.0000
vt 0.0904 0.7309 0.0000
vt 0.1028 0.7473 0.0000
vt 0.0685 0.7445 0.0000
vt 0.0777 0.7632 0.0000
vt 0.5913 0.6247 0.0000
vt 0.9333 0.1978 0.0000
vt 0.9517 0.1978 0.0000
vt 0.8782 0.1932 0.0000
vt 0.8974 0.1914 0.0000
vt 0.8997 0.1978 0.0000
vt 0.3029 0.7879 0.0000
vt 0.3182 0.7896 0.0000
vt 0.3079 0.7754 0.0000
vt 0.3208 0.7727 0.0000
vt 0.8980 0.7922 0.0000
vt 0.8724 0.7926 0.0000
vt 0.4574 0.7928 0.0000
vt 0.4464 0.7980 0.0000
vt 0.4523 0.4277 0.0000
vt 0.0049 0.1560 0.0000
vt 0.0169 0.1704 0.0000
vt 0.0111 0.1762 0.0000
vt 0.0144 0.1501 0.0000
vt 0.6776 0.5320 0.0000
vt 0.6868 0.5388 0.0000
vt 0.6765 0.5521 0.0000
vt 0.6747 0.5233 0.0000
vt 0.7083 0.1850 0.0000
vt 0.7209 0.1864 0.0000
vt 0.8542 0.6094 0.0000
vt 0.8478 0.6021 0.0000
vt 0.8693 0.6021 0.0000
vt 0.7634 0.9016 0.0000
vt 0.0114 0.8790 0.0000
vt 0.0060 0.8192 0.0000
vt 0.0055 0.8330 0.0000
vt 0.0514 0.1859 0.0000
vt 0.0534 0.1978 0.0000
vt 0.0965 0.1978 0.0000
vt 0.0841 0.1938 0.0000
vt 0.0944 0.1874 0.0000
vt 0.6627 0.6253 0.0000
vt 0.6461 0.6139 0.0000
vt 0.6624 0.6065 0.0000
vt 0.6137 0.6021 0.0000
vt 0.6283 0.6021 0.0000
vt 0.6282 0.6105 0.0000
vt 0.8366 0.8063 0.0000
vt 0.8479 0.8126 0.0000
vt 0.8614 0.8021 0.0000
vt 0.8933 0.8021 0.0000
vt 0.8654 0.8064 0.0000
vt 0.7024 0.7493 0.0000
vt 0.2434 0.0122 0.0000
vt 0.2528 0.0059 0.0000
vt 0.2246 0.0067 0.0000
vt 0.2072 0.0020 0.0000
vt 0.1647 0.4021 0.0000
vt 0.1799 0.4021 0.0000
vt 0.2002 0.4021 0.0000
vt 0.0095 0.3678 0.0000
vt 0.0205 0.3730 0.0000
vt 0.0156 0.3840 0.0000
vt 0.0272 0.3979 0.0000
vt 0.0314 0.3891 0.0000
vt 0.1670 0.0020 0.0000
vt 0.1897 0.0020 0.0000
vt 0.1756 0.0120 0.0000
vt 0.1652 0.0139 0.0000
vt 0.1509 0.0360 0.0000
vt 0.9749 0.5722 0.0000
vt 0.9641 0.5755 0.0000
vt 0.9602 0.9007 0.0000
vt 0.9602 0.9498 0.0000
vt 0.9602 0.9251 0.0000
vt 0.2653 0.2020 0.0000
vt 0.2322 0.2097 0.0000
vt 0.2233 0.2020 0.0000
vt 0.2361 0.2020 0.0000
vt 0.9166 0.7400 0.0000
vt 0.8936 0.6861 0.0000
vt 0.9457 0.7341 0.0000
vt 0.9237 0.7492 0.0000
vt 0.9251 0.0020 0.0000
vt 0.0489 0.8022 0.0000
vt 0.0574 0.8100 0.0000
vt 0.9217 0.2662 0.0000
vt 0.7377 0.3979 0.0000
vt 0.7638 0.3979 0.0000
vt 0.7511 0.3979 0.0000
vt 0.7625 0.3929 0.0000
vt 0.4082 0.7000 0.0000
vt 0.3908 0.6724 0.0000
vt 0.1269 0.7743 0.0000
vt 0.5073 0.1931 0.0000
vt 0.5367 0.1978 0.0000
vt 0.6474 0.9821 0.0000
vt 0.6379 0.9833 0.0000
vt 0.6397 0.9745 0.0000
vt 0.2989 0.5899 0.0000
vt 0.6940 0.3453 0.0000
vt 0.7001 0.3574 0.0000
vt 0.1474 0.3867 0.0000
vt 0.1678 0.3886 0.0000
vt 0.1613 0.3939 0.0000
vt 0.1589 0.3710 0.0000
vt 0.1800 0.3633 0.0000
vt 0.1792 0.3763 0.0000
vt 0.9980 0.4865 0.0000
vt 0.9886 0.4903 0.0000
vt 0.9903 0.4812 0.0000
vt 0.0954 0.4783 0.0000
vt 0.1128 0.5366 0.0000
vt 0.3170 0.1251 0.0000
vt 0.7830 0.4258 0.0000
vt 0.7990 0.4103 0.0000
vt 0.8207 0.4119 0.0000
vt 0.8110 0.4391 0.0000
vt 0.1345 0.2114 0.0000
vt 0.3273 0.7292 0.0000
vt 0.3229 0.7503 0.0000
vt 0.3189 0.7111 0.0000
vt 0.3273 0.6995 0.0000
vt 0.3273 0.7184 0.0000
vt 0.4860 0.0445 0.0000
vt 0.3691 0.2207 0.0000
vt 0.3847 0.2139 0.0000
vt 0.3601 0.2110 0.0000
vt 0.3506 0.2072 0.0000
vt 0.3691 0.2020 0.0000
vt 0.6814 0.1948 0.0000
vt 0.2999 0.9980 0.0000
vt 0.3595 0.6112 0.0000
vt 0.3751 0.6126 0.0000
vt 0.3694 0.6206 0.0000
vt 0.9703 0.6090 0.0000
vt 0.9759 0.6205 0.0000
vt 0.6845 0.6894 0.0000
vt 0.6727 0.6865 0.0000
vt 0.6758 0.6740 0.0000
vt 0.6855 0.6652 0.0000
vt 0.6835 0.5524 0.0000
vt 0.6876 0.5670 0.0000
vt 0.6727 0.5763 0.0000
vt 0.6773 0.5854 0.0000
vt 0.6446 0.2297 0.0000
vt 0.6627 0.2438 0.0000
vt 0.6525 0.2321 0.0000
vt 0.6627 0.2236 0.0000
vt 0.6841 0.0280 0.0000
vt 0.6841 0.0444 0.0000
vt 0.6762 0.0359 0.0000
vt 0.7067 0.0501 0.0000
vt 0.6974 0.0417 0.0000
vt 0.9980 0.6601 0.0000
vt 0.9980 0.6764 0.0000
vt 0.9899 0.7244 0.0000
vt 0.9980 0.7070 0.0000
vt 0.5792 0.3746 0.0000
vt 0.5511 0.3662 0.0000
vt 0.5749 0.3565 0.0000
vt 0.0382 0.8264 0.0000
vt 0.0556 0.8193 0.0000
vt 0.0384 0.8385 0.0000
vt 0.8054 0.3931 0.0000
vt 0.7832 0.3882 0.0000
vt 0.7784 0.3940 0.0000
vt 0.9623 0.7980 0.0000
vt 0.9471 0.7980 0.0000
vt 0.9573 0.7886 0.0000
vt 0.0649 0.5927 0.0000
vt 0.0862 0.5858 0.0000
vt 0.0820 0.5980 0.0000
vt 0.1225 0.5903 0.0000
vt 0.4681 0.5666 0.0000
vt 0.4777 0.5477 0.0000
vt 0.4837 0.5666 0.0000
vt 0.4807 0.5884 0.0000
vt 0.4874 0.5980 0.0000
vt 0.4676 0.5881 0.0000
vt 0.3727 0.5280 0.0000
vt 0.9602 0.8232 0.0000
vt 0.9602 0.8389 0.0000
vt 0.9602 0.8741 0.0000
vt 0.9517 0.8596 0.0000
vt 0.9602 0.8519 0.0000
vt 0.0954 0.2558 0.0000
vt 0.9792 0.4630 0.0000
vt 0.4348 0.7451 0.0000
vt 0.4267 0.7263 0.0000
vt 0.9980 0.7351 0.0000
vt 0.9880 0.7510 0.0000
vt 0.9890 0.7367 0.0000
vt 0.0985 0.2110 0.0000
vt 0.8048 0.6299 0.0000
vt 0.7860 0.6182 0.0000
vt 0.9190 0.9251 0.0000
vt 0.9186 0.9535 0.0000
vt 0.9346 0.9410 0.0000
vt 0.4732 0.1854 0.0000
vt 0.4875 0.1678 0.0000
vt 0.2865 0.3873 0.0000
vt 0.2422 0.3347 0.0000
vt 0.2281 0.3463 0.0000
vt 0.2328 0.3979 0.0000
vt 0.2060 0.3940 0.0000
vt 0.6627 0.6865 0.0000
vt 0.6627 0.6577 0.0000
vt 0.6545 0.6304 0.0000
vt 0.6456 0.6257 0.0000
vt 0.6627 0.3757 0.0000
vt 0.6624 0.3974 0.0000
vt 0.6532 0.3840 0.0000
vt 0.6960 0.3979 0.0000
vt 0.6847 0.3819 0.0000
vt 0.2024 0.2020 0.0000
vt 0.5207 0.2975 0.0000
vt 0.4693 0.2871 0.0000
vt 0.5790 0.2858 0.0000
vt 0.3074 0.4672 0.0000
vt 0.2988 0.4721 0.0000
vt 0.3024 0.4907 0.0000
vt 0.2978 0.4998 0.0000
vt 0.2989 0.2020 0.0000
vt 0.3177 0.2020 0.0000
vt 0.2840 0.2020 0.0000
vt 0.4926 0.6419 0.0000
vt 0.5241 0.6321 0.0000
vt 0.4784 0.0020 0.0000
vt 0.4417 0.0198 0.0000
vt 0.4124 0.1978 0.0000
vt 0.3978 0.1867 0.0000
vt 0.4161 0.1893 0.0000
vt 0.2732 0.5980 0.0000
vt 0.2814 0.5869 0.0000
vt 0.2882 0.5980 0.0000
vt 0.2508 0.5856 0.0000
vt 0.2607 0.5933 0.0000
vt 0.6552 0.7238 0.0000
vt 0.6627 0.7240 0.0000
vt 0.6627 0.7407 0.0000
vt 0.6539 0.7593 0.0000
vt 0.0929 0.3979 0.0000
vt 0.0922 0.3890 0.0000
vt 0.8361 0.4144 0.0000
vt 0.8413 0.4064 0.0000
vt 0.8501 0.4128 0.0000
vt 0.8242 0.4067 0.0000
vt 0.3273 0.5603 0.0000
vt 0.3273 0.5792 0.0000
vt 0.3273 0.5373 0.0000
vt 0.3138 0.5521 0.0000
vt 0.3156 0.3654 0.0000
vt 0.3214 0.3846 0.0000
vt 0.3106 0.3853 0.0000
vt 0.0217 0.1896 0.0000
vt 0.0269 0.1757 0.0000
vt 0.4706 0.1978 0.0000
vt 0.7074 0.9196 0.0000
vt 0.6697 0.8686 0.0000
vt 0.6465 0.8839 0.0000
vt 0.6492 0.8644 0.0000
vt 0.4698 0.4634 0.0000
vt 0.4759 0.4455 0.0000
vt 0.7775 0.3621 0.0000
vt 0.9417 0.1301 0.0000
vt 0.9192 0.1053 0.0000
vt 0.7424 0.4095 0.0000
vt 0.7621 0.4072 0.0000
vt 0.7708 0.4136 0.0000
vt 0.4636 0.3681 0.0000
vt 0.4511 0.3855 0.0000
vt 0.4397 0.3616 0.0000
vt 0.0067 0.1329 0.0000
vt 0.0020 0.1207 0.0000
vt 0.0075 0.1018 0.0000
vt 0.4569 0.6174 0.0000
vt 0.4702 0.6333 0.0000
vt 0.3273 0.8605 0.0000
vt 0.3167 0.8414 0.0000
vt 0.6930 0.4394 0.0000
vt 0.6101 0.5863 0.0000
vt 0.6106 0.5980 0.0000
vt 0.5958 0.5980 0.0000
vt 0.5788 0.5866 0.0000
vt 0.8608 0.5482 0.0000
vt 0.8235 0.5625 0.0000
vt 0.8482 0.5710 0.0000
vt 0.8462 0.7980 0.0000
vt 0.8276 0.7980 0.0000
vt 0.8318 0.7939 0.0000
vt 0.7753 0.0059 0.0000
vt 0.7170 0.0020 0.0000
vt 0.7320 0.0020 0.0000
vt 0.5503 0.0506 0.0000
vt 0.1301 0.5370 0.0000
vt 0.2172 0.2413 0.0000
vt 0.9660 0.2826 0.0000
vt 0.7116 0.5292 0.0000
vt 0.6939 0.5278 0.0000
vt 0.4517 0.2536 0.0000
vt 0.3946 0.4021 0.0000
vt 0.3937 0.4091 0.0000
vt 0.4354 0.4098 0.0000
vt 0.4166 0.4114 0.0000
vt 0.8292 0.5850 0.0000
vt 0.8141 0.5831 0.0000
vt 0.8267 0.5933 0.0000
vt 0.7759 0.7615 0.0000
vt 0.0020 0.5250 0.0000
vt 0.0073 0.5216 0.0000
vt 0.0020 0.5498 0.0000
vt 0.0312 0.5674 0.0000
vt 0.0175 0.5609 0.0000
vt 0.6492 0.5920 0.0000
vt 0.6491 0.5980 0.0000
vt 0.6488 0.5800 0.0000
vt 0.6627 0.5870 0.0000
vt 0.9980 0.1753 0.0000
vt 0.9902 0.1661 0.0000
vt 0.9980 0.1500 0.0000
vt 0.9714 0.1978 0.0000
vt 0.9910 0.1938 0.0000
vt 0.5023 0.2020 0.0000
vt 0.5226 0.2020 0.0000
vt 0.5102 0.2112 0.0000
vt 0.5312 0.2066 0.0000
vt 0.9980 0.5416 0.0000
vt 0.3273 0.9481 0.0000
vt 0.3175 0.9510 0.0000
vt 0.6853 0.1326 0.0000
vt 0.6627 0.1330 0.0000
vt 0.6582 0.1126 0.0000
vt 0.6627 0.1015 0.0000
vt 0.0073 0.7325 0.0000
vt 0.3273 0.0434 0.0000
vt 0.3173 0.0368 0.0000
vt 0.3273 0.0240 0.0000
vt 0.3199 0.0552 0.0000
vt 0.3494 0.4566 0.0000
vt 0.3420 0.4707 0.0000
vt 0.3373 0.4472 0.0000
vt 0.3373 0.4865 0.0000
vt 0.8672 0.1978 0.0000
vt 0.8431 0.1978 0.0000
vt 0.8216 0.1918 0.0000
vt 0.8292 0.1867 0.0000
vt 0.8400 0.4997 0.0000
vt 0.8788 0.4903 0.0000
vt 0.7380 0.2118 0.0000
vt 0.7525 0.2107 0.0000
vt 0.7589 0.2220 0.0000
vt 0.4115 0.3342 0.0000
vt 0.4162 0.3470 0.0000
vt 0.2821 0.8097 0.0000
vt 0.2965 0.8171 0.0000
vt 0.2971 0.8022 0.0000
vt 0.3062 0.8089 0.0000
vt 0.8166 0.9863 0.0000
vt 0.8381 0.9854 0.0000
vt 0.8439 0.9980 0.0000
vt 0.3273 0.2926 0.0000
vt 0.3273 0.2747 0.0000
vt 0.3273 0.3041 0.0000
vt 0.3273 0.3208 0.0000
vt 0.4088 0.5918 0.0000
vt 0.4301 0.5937 0.0000
vt 0.4139 0.5980 0.0000
vt 0.3926 0.5934 0.0000
vt 0.3976 0.5980 0.0000
vt 0.3827 0.5980 0.0000
vt 0.9828 0.7880 0.0000
vt 0.9980 0.7914 0.0000
vt 0.3462 0.7853 0.0000
vt 0.3542 0.7789 0.0000
vt 0.6372 0.9499 0.0000
vt 0.6395 0.9322 0.0000
vt 0.6464 0.9470 0.0000
vt 0.6485 0.9329 0.0000
vt 0.9605 0.4106 0.0000
vt 0.5640 0.1586 0.0000
vt 0.5873 0.1764 0.0000
vt 0.5698 0.1683 0.0000
vt 0.2441 0.4273 0.0000
vt 0.2887 0.6641 0.0000
vt 0.1912 0.6606 0.0000
vt 0.2895 0.6838 0.0000
vt 0.3095 0.6246 0.0000
vt 0.3176 0.6311 0.0000
vt 0.3022 0.6580 0.0000
vt 0.9768 0.7714 0.0000
vt 0.9785 0.7564 0.0000
vt 0.9661 0.7475 0.0000
vt 0.5647 0.5731 0.0000
vt 0.6235 0.2326 0.0000
vt 0.6001 0.2213 0.0000
vt 0.9980 0.6282 0.0000
vt 0.3494 0.6588 0.0000
vt 0.9484 0.9804 0.0000
vt 0.0053 0.5777 0.0000
vt 0.3410 0.2708 0.0000
vt 0.3373 0.2890 0.0000
vt 0.3413 0.2543 0.0000
vt 0.3493 0.2384 0.0000
vt 0.4183 0.5854 0.0000
vt 0.6543 0.1743 0.0000
vt 0.6627 0.1588 0.0000
vt 0.6627 0.1815 0.0000
vt 0.6428 0.1859 0.0000
vt 0.3065 0.7660 0.0000
vt 0.3412 0.1534 0.0000
vt 0.8452 0.2271 0.0000
vt 0.8410 0.2111 0.0000
vt 0.8614 0.2239 0.0000
vt 0.8546 0.2020 0.0000
vt 0.8316 0.2937 0.0000
vt 0.8763 0.2741 0.0000
vt 0.8524 0.2653 0.0000
vt 0.5782 0.4283 0.0000
vt 0.5923 0.4477 0.0000
vt 0.9980 0.3664 0.0000
vt 0.9803 0.3878 0.0000
vt 0.9980 0.3869 0.0000
vt 0.2132 0.5395 0.0000
vt 0.3273 0.4219 0.0000
vt 0.3187 0.4124 0.0000
vt 0.6563 0.8290 0.0000
vt 0.6522 0.8138 0.0000
vt 0.6628 0.8091 0.0000
vt 0.9071 0.2020 0.0000
vt 0.4198 0.2136 0.0000
vt 0.4211 0.2368 0.0000
vt 0.5843 0.7980 0.0000
vt 0.5922 0.7936 0.0000
vt 0.6011 0.7980 0.0000
vt 0.5711 0.7933 0.0000
vt 0.0491 0.2810 0.0000
vt 0.5001 0.3449 0.0000
vt 0.0156 0.2329 0.0000
vt 0.3569 0.2212 0.0000
vt 0.3518 0.2275 0.0000
vt 0.9851 0.2091 0.0000
vt 0.9977 0.2034 0.0000
vt 0.9980 0.2190 0.0000
vt 0.1180 0.3569 0.0000
vt 0.1027 0.3506 0.0000
vt 0.1124 0.3325 0.0000
vt 0.8723 0.8117 0.0000
vt 0.9036 0.8021 0.0000
vt 0.9151 0.8021 0.0000
vt 0.9102 0.8107 0.0000
vt 0.8669 0.4068 0.0000
vt 0.8656 0.4134 0.0000
vt 0.8806 0.9603 0.0000
vt 0.2354 0.7486 0.0000
vt 0.7502 0.4020 0.0000
vt 0.7249 0.4114 0.0000
vt 0.7150 0.4020 0.0000
vt 0.7329 0.4020 0.0000
vt 0.6393 0.3979 0.0000
vt 0.6493 0.3929 0.0000
vt 0.6313 0.3979 0.0000
vt 0.0970 0.8022 0.0000
vt 0.1167 0.8022 0.0000
vt 0.1184 0.8109 0.0000
vt 0.7356 0.9511 0.0000
vt 0.6959 0.9673 0.0000
vt 0.2916 0.2390 0.0000
vt 0.3089 0.2434 0.0000
vt 0.0163 0.3580 0.0000
vt 0.0052 0.3552 0.0000
vt 0.0102 0.3417 0.0000
vt 0.9980 0.3180 0.0000
vt 0.9896 0.3254 0.0000
vt 0.9980 0.3400 0.0000
vt 0.0074 0.6580 0.0000
vt 0.0020 0.6896 0.0000
vt 0.0020 0.6772 0.0000
vt 0.3161 0.1723 0.0000
vt 0.3135 0.1888 0.0000
vt 0.3038 0.1739 0.0000
vt 0.7771 0.8103 0.0000
vt 0.7974 0.8021 0.0000
vt 0.8334 0.8021 0.0000
vt 0.6204 0.4021 0.0000
vt 0.6131 0.4087 0.0000
vt 0.6009 0.4120 0.0000
vt 0.6226 0.4129 0.0000
vt 0.6191 0.0814 0.0000
vt 0.3180 0.9066 0.0000
vt 0.3143 0.9390 0.0000
vt 0.4422 0.7593 0.0000
vt 0.4132 0.7542 0.0000
vt 0.8522 0.0122 0.0000
vt 0.8114 0.0118 0.0000
vt 0.7997 0.0020 0.0000
vt 0.5748 0.1916 0.0000
vt 0.5510 0.1864 0.0000
vt 0.5806 0.1868 0.0000
vt 0.6627 0.5351 0.0000
vt 0.6577 0.5285 0.0000
vt 0.6627 0.5621 0.0000
vt 0.6532 0.5511 0.0000
vt 0.5883 0.0105 0.0000
vt 0.5844 0.0278 0.0000
vt 0.5725 0.0127 0.0000
vt 0.5821 0.0020 0.0000
vt 0.3878 0.2934 0.0000
vt 0.3627 0.2737 0.0000
vt 0.4031 0.3019 0.0000
vt 0.6951 0.6211 0.0000
vt 0.6346 0.1978 0.0000
vt 0.9436 0.3881 0.0000
vt 0.9384 0.3758 0.0000
vt 0.4573 0.5358 0.0000
vt 0.4585 0.5457 0.0000
vt 0.6433 0.7142 0.0000
vt 0.2911 0.3660 0.0000
vt 0.9898 0.0989 0.0000
vt 0.9980 0.0710 0.0000
vt 0.9980 0.1111 0.0000
vt 0.9897 0.0367 0.0000
vt 0.8222 0.1978 0.0000
vt 0.8000 0.1978 0.0000
vt 0.8064 0.1916 0.0000
vt 0.9492 0.2252 0.0000
vt 0.1628 0.4366 0.0000
vt 0.5047 0.0020 0.0000
vt 0.5072 0.0105 0.0000
vt 0.0070 0.3903 0.0000
vt 0.3273 0.1807 0.0000
vt 0.9850 0.5941 0.0000
vt 0.9701 0.5979 0.0000
vt 0.3653 0.5980 0.0000
vt 0.3389 0.5967 0.0000
vt 0.3562 0.5916 0.0000
vt 0.8041 0.6114 0.0000
vt 0.3177 0.0136 0.0000
vt 0.0141 0.2020 0.0000
vt 0.0306 0.2020 0.0000
vt 0.9211 0.6106 0.0000
vt 0.0658 0.1840 0.0000
vt 0.0827 0.1855 0.0000
vt 0.3685 0.4021 0.0000
vt 0.3825 0.4021 0.0000
vt 0.3500 0.4021 0.0000
vt 0.3607 0.4113 0.0000
vt 0.1269 0.0020 0.0000
vt 0.1499 0.0020 0.0000
vt 0.1376 0.0064 0.0000
vt 0.1517 0.0106 0.0000
vt 0.1877 0.4961 0.0000
vt 0.2894 0.2769 0.0000
vt 0.2781 0.2609 0.0000
vt 0.3566 0.7573 0.0000
vt 0.6345 0.4240 0.0000
vt 0.6476 0.4242 0.0000
vt 0.4855 0.7243 0.0000
vt 0.5239 0.7330 0.0000
vt 0.5403 0.5648 0.0000
vt 0.6475 0.9980 0.0000
vt 0.6608 0.9937 0.0000
vt 0.0143 0.0761 0.0000
vt 0.0297 0.0853 0.0000
vt 0.0221 0.0735 0.0000
vt 0.0578 0.0815 0.0000
vt 0.0483 0.9980 0.0000
vt 0.0426 0.9869 0.0000
vt 0.0707 0.9923 0.0000
vt 0.0192 0.9908 0.0000
vt 0.0262 0.9934 0.0000
vt 0.6727 0.2868 0.0000
vt 0.6856 0.2467 0.0000
vt 0.6854 0.2625 0.0000
vt 0.3599 0.1498 0.0000
vt 0.0148 0.3094 0.0000
vt 0.0070 0.2950 0.0000
vt 0.0154 0.2901 0.0000
vt 0.6989 0.7790 0.0000
vt 0.6917 0.7674 0.0000
vt 0.0539 0.9869 0.0000
vt 0.0695 0.9856 0.0000
vt 0.4020 0.4134 0.0000
vt 0.3930 0.4385 0.0000
vt 0.2880 0.0100 0.0000
vt 0.2872 0.0348 0.0000
vt 0.2764 0.0137 0.0000
vt 0.2599 0.0020 0.0000
vt 0.2791 0.0020 0.0000
vt 0.0482 0.5980 0.0000
vt 0.6348 0.8838 0.0000
vt 0.6379 0.8565 0.0000
vt 0.3273 0.4525 0.0000
vt 0.2306 0.3627 0.0000
vt 0.2211 0.3803 0.0000
vt 0.2120 0.3732 0.0000
vt 0.0646 0.7853 0.0000
vt 0.0909 0.7980 0.0000
vt 0.0529 0.7980 0.0000
vt 0.0301 0.7980 0.0000
vt 0.0504 0.7934 0.0000
vt 0.4057 0.7980 0.0000
vt 0.4000 0.7926 0.0000
vt 0.3882 0.7980 0.0000
vt 0.3730 0.7980 0.0000
vt 0.0258 0.8934 0.0000
vt 0.3586 0.6693 0.0000
vt 0.6171 0.7870 0.0000
vt 0.6313 0.7871 0.0000
vt 0.6350 0.7942 0.0000
vt 0.6469 0.7854 0.0000
vt 0.6627 0.7773 0.0000
vt 0.6610 0.7956 0.0000
vt 0.2182 0.5854 0.0000
vt 0.2294 0.5762 0.0000
vt 0.6873 0.4881 0.0000
vt 0.6627 0.3562 0.0000
vt 0.6627 0.3369 0.0000
vt 0.6627 0.3229 0.0000
vt 0.1503 0.5860 0.0000
vt 0.3690 0.5569 0.0000
vt 0.6759 0.1213 0.0000
vt 0.6765 0.1021 0.0000
vt 0.2332 0.9980 0.0000
vt 0.2314 0.9945 0.0000
vt 0.0640 0.0020 0.0000
vt 0.0572 0.0105 0.0000
vt 0.0454 0.0020 0.0000
vt 0.0430 0.0127 0.0000
vt 0.7319 0.6276 0.0000
vt 0.6984 0.2280 0.0000
vt 0.7523 0.4489 0.0000
vt 0.5292 0.3979 0.0000
vt 0.8061 0.3979 0.0000
vt 0.7819 0.3979 0.0000
vt 0.6956 0.1781 0.0000
vt 0.7093 0.1740 0.0000
vt 0.7338 0.1819 0.0000
vt 0.2827 0.4021 0.0000
vt 0.2962 0.4021 0.0000
vt 0.2582 0.4021 0.0000
vt 0.2706 0.4021 0.0000
vt 0.2673 0.4114 0.0000
vt 0.8279 0.7611 0.0000
vt 0.5775 0.2124 0.0000
vt 0.5781 0.2020 0.0000
vt 0.5953 0.2133 0.0000
vt 0.5961 0.6021 0.0000
vt 0.6128 0.6156 0.0000
vt 0.5934 0.6140 0.0000
vt 0.7571 0.6021 0.0000
vt 0.0151 0.4292 0.0000
vt 0.0058 0.4346 0.0000
vt 0.0145 0.4452 0.0000
vt 0.3161 0.4419 0.0000
vt 0.3113 0.4464 0.0000
vt 0.7699 0.5856 0.0000
vt 0.7794 0.5789 0.0000
vt 0.7714 0.5719 0.0000
vt 0.9872 0.1501 0.0000
vt 0.4590 0.7857 0.0000
vt 0.3147 0.5980 0.0000
vt 0.2994 0.5980 0.0000
vt 0.3094 0.5879 0.0000
vt 0.3178 0.5788 0.0000
vt 0.6627 0.7619 0.0000
vt 0.6532 0.7739 0.0000
vt 0.5734 0.3869 0.0000
vt 0.3176 0.8022 0.0000
vt 0.6824 0.0020 0.0000
vt 0.6956 0.0070 0.0000
vt 0.6889 0.0135 0.0000
vt 0.9647 0.6657 0.0000
vt 0.7382 0.8136 0.0000
vt 0.9817 0.4128 0.0000
vt 0.9974 0.4049 0.0000
vt 0.2219 0.8295 0.0000
vt 0.2989 0.3979 0.0000
vt 0.3142 0.3922 0.0000
vt 0.3110 0.3979 0.0000
vt 0.7606 0.7659 0.0000
vt 0.7733 0.7731 0.0000
vt 0.6781 0.2205 0.0000
vt 0.6538 0.2182 0.0000
vt 0.3248 0.9980 0.0000
vt 0.3158 0.9904 0.0000
vt 0.3273 0.3341 0.0000
vt 0.3423 0.0371 0.0000
vt 0.3373 0.0121 0.0000
vt 0.3482 0.0209 0.0000
vt 0.3399 0.0030 0.0000
vt 0.3661 0.0020 0.0000
vt 0.3484 0.0083 0.0000
vt 0.7026 0.9980 0.0000
vt 0.6981 0.9924 0.0000
vt 0.7164 0.9940 0.0000
vt 0.6890 0.9980 0.0000
vt 0.6740 0.9980 0.0000
vt 0.3471 0.5937 0.0000
vt 0.3373 0.5760 0.0000
vt 0.3495 0.5697 0.0000
vt 0.1043 0.5583 0.0000
vt 0.4662 0.3979 0.0000
vt 0.4746 0.3913 0.0000
vt 0.4858 0.3979 0.0000
vt 0.2608 0.1920 0.0000
vt 0.2477 0.1676 0.0000
vt 0.9314 0.0020 0.0000
vt 0.9405 0.0020 0.0000
vt 0.9469 0.0105 0.0000
vt 0.9640 0.0126 0.0000
vt 0.9825 0.0125 0.0000
vt 0.9912 0.0237 0.0000
vt 0.7050 0.5915 0.0000
vt 0.7364 0.5921 0.0000
vt 0.7248 0.5979 0.0000
vt 0.5803 0.6494 0.0000
vt 0.5852 0.6385 0.0000
vt 0.9980 0.3028 0.0000
vt 0.1148 0.0099 0.0000
vt 0.1285 0.0108 0.0000
vt 0.1215 0.0361 0.0000
vt 0.1034 0.0109 0.0000
vt 0.5231 0.6021 0.0000
vt 0.8122 0.6021 0.0000
vt 0.6540 0.4846 0.0000
vt 0.6627 0.4976 0.0000
vt 0.6931 0.3842 0.0000
vt 0.6932 0.3696 0.0000
vt 0.7020 0.3718 0.0000
vt 0.6562 0.5742 0.0000
vt 0.6627 0.5764 0.0000
vt 0.6512 0.5648 0.0000
vt 0.2969 0.0732 0.0000
vt 0.2925 0.0874 0.0000
vt 0.7344 0.3046 0.0000
vt 0.7639 0.2891 0.0000
vt 0.8632 0.8637 0.0000
vt 0.3994 0.2020 0.0000
vt 0.3932 0.2107 0.0000
vt 0.3802 0.2020 0.0000
vt 0.3747 0.2123 0.0000
vt 0.4622 0.2107 0.0000
vt 0.4732 0.2062 0.0000
vt 0.4886 0.2067 0.0000
vt 0.2306 0.6021 0.0000
vt 0.4341 0.0020 0.0000
vt 0.4265 0.0109 0.0000
vt 0.4283 0.6063 0.0000
vt 0.4055 0.6124 0.0000
vt 0.1221 0.9384 0.0000
vt 0.1664 0.9583 0.0000
vt 0.9178 0.4108 0.0000
vt 0.0020 0.3125 0.0000
vt 0.3273 0.0956 0.0000
vt 0.3273 0.1125 0.0000
vt 0.7627 0.9980 0.0000
vt 0.7466 0.9941 0.0000
vt 0.7867 0.9980 0.0000
vt 0.4718 0.5980 0.0000
vt 0.8636 0.5979 0.0000
vt 0.8480 0.5979 0.0000
vt 0.5923 0.7444 0.0000
vt 0.5280 0.6120 0.0000
vt 0.5304 0.6068 0.0000
vt 0.5343 0.6187 0.0000
vt 0.1011 0.5980 0.0000
vt 0.2156 0.4482 0.0000
vt 0.0863 0.4183 0.0000
vt 0.0985 0.4096 0.0000
vt 0.1018 0.4326 0.0000
vt 0.4977 0.4021 0.0000
vt 0.8587 0.4020 0.0000
vt 0.6108 0.7934 0.0000
vt 0.6201 0.7980 0.0000
vt 0.6883 0.4127 0.0000
vt 0.6627 0.4167 0.0000
vt 0.6490 0.4096 0.0000
vt 0.6621 0.4029 0.0000
vt 0.3097 0.1472 0.0000
vt 0.9528 0.9933 0.0000
vt 0.9357 0.9980 0.0000
vt 0.7990 0.0886 0.0000
vt 0.3195 0.6808 0.0000
vt 0.3019 0.7980 0.0000
vt 0.3628 0.1978 0.0000
vt 0.3383 0.1964 0.0000
vt 0.3552 0.1931 0.0000
vt 0.1791 0.7980 0.0000
vt 0.1502 0.7980 0.0000
vt 0.1737 0.7914 0.0000
vt 0.2312 0.7928 0.0000
vt 0.2116 0.7922 0.0000
vt 0.7001 0.1978 0.0000
vt 0.7005 0.1891 0.0000
vt 0.7071 0.1978 0.0000
vt 0.2929 0.9980 0.0000
vt 0.2251 0.5638 0.0000
vt 0.1950 0.5607 0.0000
vt 0.2373 0.5481 0.0000
vt 0.3913 0.1923 0.0000
vt 0.3941 0.1978 0.0000
vt 0.3796 0.1978 0.0000
vt 0.7020 0.6958 0.0000
vt 0.6869 0.7056 0.0000
vt 0.9415 0.8062 0.0000
vt 0.9432 0.8156 0.0000
vt 0.9249 0.8117 0.0000
vt 0.9533 0.8238 0.0000
vt 0.0347 0.6021 0.0000
vt 0.0208 0.6081 0.0000
vt 0.0196 0.6021 0.0000
vt 0.0020 0.6118 0.0000
vt 0.0098 0.6126 0.0000
vt 0.7242 0.8435 0.0000
vt 0.4643 0.4316 0.0000
vt 0.4634 0.4478 0.0000
vt 0.3271 0.3975 0.0000
vt 0.0183 0.1978 0.0000
vt 0.0304 0.1978 0.0000
vt 0.9330 0.5921 0.0000
vt 0.9377 0.5979 0.0000
vt 0.9462 0.5933 0.0000
vt 0.7369 0.3844 0.0000
vt 0.7480 0.3857 0.0000
vt 0.0080 0.6952 0.0000
vt 0.0053 0.7204 0.0000
vt 0.1841 0.8106 0.0000
vt 0.2028 0.8213 0.0000
vt 0.3705 0.0237 0.0000
vt 0.0310 0.1562 0.0000
vt 0.3761 0.3852 0.0000
vt 0.3942 0.3584 0.0000
vt 0.3723 0.3979 0.0000
vt 0.3640 0.3863 0.0000
vt 0.7740 0.2245 0.0000
vt 0.3408 0.7528 0.0000
vt 0.4747 0.7915 0.0000
vt 0.4891 0.7980 0.0000
vt 0.4694 0.7980 0.0000
vt 0.7426 0.0306 0.0000
vt 0.4721 0.4260 0.0000
vt 0.4794 0.4256 0.0000
vt 0.2320 0.4268 0.0000
vt 0.2539 0.4459 0.0000
vt 0.2756 0.4624 0.0000
vt 0.0062 0.5524 0.0000
vt 0.5456 0.2121 0.0000
vt 0.5487 0.2284 0.0000
vt 0.3421 0.3857 0.0000
vt 0.9980 0.3787 0.0000
vt 0.1691 0.4118 0.0000
vt 0.0595 0.8022 0.0000
vt 0.0686 0.8022 0.0000
vt 0.0693 0.8122 0.0000
vt 0.0749 0.8022 0.0000
vt 0.9662 0.6209 0.0000
vt 0.3411 0.0629 0.0000
vt 0.3373 0.0475 0.0000
vt 0.9002 0.1862 0.0000
vt 0.9178 0.1929 0.0000
vt 0.9093 0.1978 0.0000
vt 0.9364 0.1831 0.0000
vt 0.2720 0.2407 0.0000
vt 0.2578 0.2209 0.0000
vt 0.1332 0.2394 0.0000
vt 0.1440 0.2251 0.0000
vt 0.5818 0.3563 0.0000
vt 0.5906 0.3533 0.0000
vt 0.3486 0.1285 0.0000
vt 0.3418 0.1115 0.0000
vt 0.3373 0.1182 0.0000
vt 0.3373 0.0993 0.0000
vt 0.2431 0.2020 0.0000
vt 0.2480 0.2125 0.0000
vt 0.2530 0.2307 0.0000
vt 0.6856 0.2020 0.0000
vt 0.7032 0.2020 0.0000
vt 0.6939 0.2083 0.0000
vt 0.2470 0.0304 0.0000
vt 0.2426 0.0020 0.0000
vt 0.0020 0.0491 0.0000
vt 0.0070 0.0485 0.0000
vt 0.2924 0.4521 0.0000
vt 0.2921 0.4726 0.0000
vt 0.8481 0.3711 0.0000
vt 0.8387 0.3896 0.0000
vt 0.1962 0.1712 0.0000
vt 0.1520 0.7865 0.0000
vt 0.1207 0.7872 0.0000
vt 0.1002 0.3076 0.0000
vt 0.1318 0.3380 0.0000
vt 0.4898 0.1567 0.0000
vt 0.7550 0.0020 0.0000
vt 0.4368 0.2936 0.0000
vt 0.1293 0.3866 0.0000
vt 0.1565 0.3979 0.0000
vt 0.1778 0.1940 0.0000
vt 0.6473 0.8457 0.0000
vt 0.3184 0.5356 0.0000
vt 0.0741 0.3921 0.0000
vt 0.0680 0.3826 0.0000
vt 0.4059 0.4021 0.0000
vt 0.4216 0.4021 0.0000
vt 0.9138 0.4020 0.0000
vt 0.2076 0.0122 0.0000
vt 0.1995 0.0063 0.0000
vt 0.9083 0.9858 0.0000
vt 0.9013 0.9810 0.0000
vt 0.1738 0.9928 0.0000
vt 0.9136 0.6312 0.0000
vt 0.9175 0.6199 0.0000
vt 0.1303 0.7555 0.0000
vt 0.2112 0.4101 0.0000
vt 0.6422 0.1444 0.0000
vt 0.5460 0.4212 0.0000
vt 0.5665 0.4371 0.0000
vt 0.9896 0.6459 0.0000
vt 0.9980 0.6468 0.0000
vt 0.6300 0.0020 0.0000
vt 0.6451 0.0020 0.0000
vt 0.6024 0.4021 0.0000
vt 0.8936 0.7845 0.0000
vt 0.9170 0.7755 0.0000
vt 0.1079 0.7980 0.0000
vt 0.1011 0.7912 0.0000
vt 0.1419 0.7923 0.0000
vt 0.1279 0.7980 0.0000
vt 0.6539 0.2726 0.0000
vt 0.6768 0.2712 0.0000
vt 0.7016 0.9849 0.0000
vt 0.0133 0.4021 0.0000
vt 0.9528 0.8097 0.0000
vt 0.9599 0.8051 0.0000
vt 0.6908 0.6770 0.0000
vt 0.6985 0.6598 0.0000
vt 0.4245 0.1805 0.0000
vt 0.4500 0.1897 0.0000
vt 0.4106 0.1795 0.0000
vt 0.2750 0.3872 0.0000
vt 0.2641 0.3849 0.0000
vt 0.2746 0.9879 0.0000
vt 0.6781 0.7887 0.0000
vt 0.6744 0.7955 0.0000
vt 0.6556 0.7938 0.0000
vt 0.6536 0.9737 0.0000
vt 0.6442 0.9629 0.0000
vt 0.7574 0.7864 0.0000
vt 0.3506 0.5035 0.0000
vt 0.3405 0.5249 0.0000
vt 0.9655 0.5532 0.0000
vt 0.6978 0.0233 0.0000
vt 0.6909 0.0250 0.0000
vt 0.9915 0.2659 0.0000
vt 0.9907 0.2460 0.0000
vt 0.9850 0.2549 0.0000
vt 0.9885 0.6975 0.0000
vt 0.9895 0.6841 0.0000
vt 0.6305 0.6188 0.0000
vt 0.7472 0.5494 0.0000
vt 0.4516 0.6021 0.0000
vt 0.0334 0.0610 0.0000
vt 0.2376 0.4181 0.0000
vt 0.3125 0.4021 0.0000
vt 0.3373 0.2295 0.0000
vt 0.3416 0.2366 0.0000
vt 0.3373 0.2479 0.0000
vt 0.3421 0.2190 0.0000
vt 0.8732 0.0801 0.0000
vt 0.7814 0.2829 0.0000
vt 0.8033 0.2723 0.0000
vt 0.2065 0.9557 0.0000
vt 0.1793 0.9616 0.0000
vt 0.3685 0.3149 0.0000
vt 0.3502 0.3184 0.0000
vt 0.3495 0.3073 0.0000
vt 0.6053 0.3935 0.0000
vt 0.5976 0.3979 0.0000
vt 0.6221 0.3979 0.0000
vt 0.2273 0.3872 0.0000
vt 0.2247 0.3938 0.0000
vt 0.4705 0.6880 0.0000
vt 0.1066 0.6021 0.0000
vt 0.0826 0.6021 0.0000
vt 0.3273 0.4052 0.0000
vt 0.6394 0.8133 0.0000
vt 0.6764 0.1632 0.0000
vt 0.6855 0.1521 0.0000
vt 0.2489 0.1978 0.0000
vt 0.0804 0.3979 0.0000
vt 0.0081 0.2062 0.0000
vt 0.0069 0.2200 0.0000
vt 0.3271 0.0067 0.0000
vt 0.3373 0.4237 0.0000
vt 0.3428 0.4338 0.0000
vt 0.9630 0.3979 0.0000
vt 0.9597 0.3935 0.0000
vt 0.7818 0.4065 0.0000
vt 0.7827 0.4114 0.0000
vt 0.0356 0.4021 0.0000
vt 0.0459 0.4061 0.0000
vt 0.5453 0.5855 0.0000
vt 0.5403 0.5933 0.0000
vt 0.2757 0.4232 0.0000
vt 0.2882 0.2138 0.0000
vt 0.2996 0.2090 0.0000
vt 0.3016 0.2251 0.0000
vt 0.2694 0.8240 0.0000
vt 0.4130 0.2020 0.0000
vt 0.4283 0.2020 0.0000
vt 0.4203 0.2067 0.0000
vt 0.0868 0.2020 0.0000
vt 0.0808 0.2054 0.0000
vt 0.6335 0.0499 0.0000
vt 0.8853 0.0384 0.0000
vt 0.6446 0.2084 0.0000
vt 0.6620 0.2050 0.0000
vt 0.6321 0.2020 0.0000
vt 0.6497 0.2020 0.0000
vt 0.7219 0.5036 0.0000
vt 0.4475 0.5787 0.0000
vt 0.4378 0.5881 0.0000
vt 0.8011 0.0369 0.0000
vt 0.8071 0.0507 0.0000
vt 0.0800 0.4106 0.0000
vt 0.0586 0.4021 0.0000
vt 0.6517 0.3709 0.0000
vt 0.3124 0.8474 0.0000
vt 0.9837 0.5834 0.0000
vt 0.9755 0.5861 0.0000
vt 0.0261 0.0213 0.0000
vt 0.9170 0.3913 0.0000
vt 0.4532 0.2404 0.0000
vt 0.3411 0.1785 0.0000
vt 0.3494 0.1686 0.0000
vt 0.0322 0.7925 0.0000
vt 0.0027 0.7968 0.0000
vt 0.9891 0.0591 0.0000
vt 0.9980 0.0474 0.0000
vt 0.0079 0.8487 0.0000
vt 0.9978 0.0058 0.0000
vt 0.9916 0.0082 0.0000
vt 0.9804 0.3448 0.0000
vt 0.4827 0.2120 0.0000
vt 0.3373 0.0903 0.0000
vt 0.5133 0.7731 0.0000
vt 0.5279 0.7811 0.0000
vt 0.1835 0.1845 0.0000
vt 0.2947 0.1724 0.0000
vt 0.9086 0.5942 0.0000
vt 0.9215 0.5979 0.0000
vt 0.1494 0.6063 0.0000
vt 0.1471 0.6021 0.0000
vt 0.2986 0.6021 0.0000
vt 0.2823 0.6021 0.0000
vt 0.8513 0.1930 0.0000
vt 0.3269 0.1971 0.0000
vt 0.0020 0.3747 0.0000
vt 0.9139 0.9980 0.0000
vt 0.9810 0.6021 0.0000
vt 0.9828 0.6096 0.0000
vt 0.3373 0.6169 0.0000
vt 0.3373 0.6283 0.0000
vt 0.9782 0.2186 0.0000
vt 0.9705 0.2233 0.0000
vt 0.0286 0.9980 0.0000
vt 0.0075 0.9980 0.0000
vt 0.9980 0.1879 0.0000
vt 0.0142 0.6330 0.0000
vt 0.0139 0.6592 0.0000
vt 0.6945 0.3241 0.0000
vt 0.6976 0.3080 0.0000
vt 0.6267 0.1808 0.0000
vt 0.6360 0.5774 0.0000
vt 0.7225 0.3563 0.0000
vt 0.4028 0.7849 0.0000
vt 0.3859 0.7868 0.0000
vt 0.4051 0.6753 0.0000
vt 0.0746 0.0058 0.0000
vt 0.2552 0.2020 0.0000
vt 0.2656 0.6228 0.0000
vt 0.5785 0.6066 0.0000
vt 0.3273 0.3587 0.0000
vt 0.3273 0.3778 0.0000
vt 0.3212 0.3692 0.0000
vt 0.4983 0.4120 0.0000
vt 0.6879 0.7920 0.0000
vt 0.4568 0.0247 0.0000
vt 0.4475 0.0368 0.0000
vt 0.8662 0.6117 0.0000
vt 0.5254 0.7929 0.0000
vt 0.5372 0.7869 0.0000
vt 0.5435 0.7943 0.0000
vt 0.5576 0.4021 0.0000
vt 0.7778 0.4020 0.0000
vt 0.1093 0.1930 0.0000
vt 0.3273 0.2172 0.0000
vt 0.0020 0.0172 0.0000
vt 0.8755 0.5747 0.0000
vt 0.8837 0.5597 0.0000
vt 0.8886 0.5704 0.0000
vt 0.2747 0.1978 0.0000
vt 0.2861 0.1978 0.0000
vt 0.6188 0.5141 0.0000
vt 0.6824 0.6073 0.0000
vt 0.6896 0.6021 0.0000
vt 0.6971 0.6113 0.0000
vt 0.6472 0.6079 0.0000
vt 0.6458 0.6021 0.0000
vt 0.0785 0.6356 0.0000
vt 0.2677 0.7884 0.0000
vt 0.2488 0.7935 0.0000
vt 0.3510 0.6463 0.0000
vt 0.3416 0.6534 0.0000
vt 0.3416 0.6339 0.0000
vt 0.2529 0.6565 0.0000
vt 0.0020 0.3416 0.0000
vt 0.6727 0.4392 0.0000
vt 0.6774 0.4264 0.0000
vt 0.6727 0.6419 0.0000
vt 0.6627 0.6420 0.0000
vt 0.6727 0.1479 0.0000
vt 0.6775 0.1317 0.0000
vt 0.5718 0.7735 0.0000
vt 0.5820 0.7702 0.0000
vt 0.7668 0.1978 0.0000
vt 0.7756 0.1918 0.0000
vt 0.7543 0.1930 0.0000
vt 0.2414 0.2187 0.0000
vt 0.7048 0.3860 0.0000
vt 0.2987 0.0020 0.0000
vt 0.3152 0.0020 0.0000
vt 0.2572 0.1731 0.0000
vt 0.9215 0.6021 0.0000
vt 0.4097 0.6058 0.0000
vt 0.3994 0.6021 0.0000
vt 0.9871 0.7980 0.0000
vt 0.9706 0.7980 0.0000
vt 0.0642 0.1927 0.0000
vt 0.0148 0.8446 0.0000
vt 0.0141 0.8597 0.0000
vt 0.7980 0.4370 0.0000
vt 0.1987 0.2134 0.0000
vt 0.2135 0.2212 0.0000
vt 0.2087 0.2108 0.0000
vt 0.0146 0.9453 0.0000
vt 0.0147 0.9064 0.0000
vt 0.0186 0.2222 0.0000
vt 0.6469 0.2810 0.0000
vt 0.1009 0.5729 0.0000
vt 0.8513 0.9857 0.0000
vt 0.3482 0.7980 0.0000
vt 0.3606 0.7916 0.0000
vt 0.3697 0.6058 0.0000
vt 0.3802 0.6021 0.0000
vt 0.1716 0.5149 0.0000
vt 0.6861 0.0582 0.0000
vt 0.6817 0.9809 0.0000
vt 0.0350 0.3088 0.0000
vt 0.3894 0.0290 0.0000
vt 0.8210 0.0020 0.0000
vt 0.8009 0.0069 0.0000
vt 0.9464 0.6618 0.0000
vt 0.3373 0.3400 0.0000
vt 0.3373 0.3311 0.0000
vt 0.3373 0.5416 0.0000
vt 0.3373 0.5161 0.0000
vt 0.6619 0.1967 0.0000
vt 0.0062 0.7798 0.0000
vt 0.0066 0.1853 0.0000
vt 0.0184 0.1817 0.0000
vt 0.0020 0.1777 0.0000
vt 0.6686 0.8892 0.0000
vt 0.0933 0.0020 0.0000
vt 0.1060 0.0020 0.0000
vt 0.1122 0.4106 0.0000
vt 0.4054 0.5868 0.0000
vt 0.0907 0.9980 0.0000
vt 0.6485 0.2423 0.0000
vt 0.6531 0.6537 0.0000
vt 0.2123 0.3516 0.0000
vt 0.2189 0.3350 0.0000
vt 0.7085 0.8199 0.0000
vt 0.8757 0.3865 0.0000
vt 0.9964 0.5967 0.0000
vt 0.0033 0.6032 0.0000
vt 0.6614 0.0031 0.0000
vt 0.4807 0.2020 0.0000
vt 0.4458 0.7730 0.0000
vt 0.8711 0.7280 0.0000
vt 0.8691 0.3979 0.0000
vt 0.9529 0.4020 0.0000
vt 0.5279 0.7980 0.0000
vt 0.8075 0.7980 0.0000
vt 0.7938 0.7925 0.0000
vt 0.5152 0.2289 0.0000
vt 0.5015 0.3291 0.0000
vt 0.8471 0.2421 0.0000
vt 0.9000 0.2349 0.0000
vt 0.0965 0.5926 0.0000
vt 0.9296 0.3693 0.0000
vt 0.7307 0.9911 0.0000
vt 0.9084 0.4109 0.0000
vt 0.6970 0.5831 0.0000
vt 0.0474 0.6021 0.0000
vt 0.0647 0.6021 0.0000
vt 0.9313 0.9538 0.0000
vt 0.9126 0.9721 0.0000
vt 0.3793 0.4808 0.0000
vt 0.6904 0.4020 0.0000
vt 0.6727 0.4167 0.0000
vt 0.6733 0.4028 0.0000
vt 0.0020 0.4740 0.0000
vt 0.0061 0.4944 0.0000
vt 0.8921 0.8114 0.0000
vt 0.6436 0.3763 0.0000
vt 0.6418 0.3843 0.0000
vt 0.7006 0.2671 0.0000
vt 0.7364 0.6346 0.0000
vt 0.7193 0.6412 0.0000
vt 0.3702 0.5728 0.0000
vt 0.7508 0.4320 0.0000
vt 0.7844 0.1512 0.0000
vt 0.7573 0.2020 0.0000
vt 0.7040 0.8021 0.0000
vt 0.6915 0.8021 0.0000
vt 0.9893 0.4307 0.0000
vt 0.9980 0.4237 0.0000
vt 0.9531 0.9085 0.0000
vt 0.1612 0.0477 0.0000
vt 0.3193 0.1002 0.0000
vt 0.0918 0.3663 0.0000
vt 0.0146 0.1362 0.0000
vt 0.2613 0.3979 0.0000
vt 0.2570 0.3927 0.0000
vt 0.0798 0.1978 0.0000
vt 0.0681 0.1978 0.0000
vt 0.7261 0.7473 0.0000
vt 0.6902 0.7354 0.0000
vt 0.2533 0.7176 0.0000
vt 0.0698 0.7980 0.0000
vt 0.5888 0.1916 0.0000
vt 0.5948 0.1978 0.0000
vt 0.9859 0.7660 0.0000
vt 0.2167 0.6056 0.0000
vt 0.2267 0.6118 0.0000
vt 0.2245 0.1978 0.0000
vt 0.2198 0.1916 0.0000
vt 0.2364 0.1978 0.0000
vt 0.1278 0.9878 0.0000
vt 0.3689 0.1692 0.0000
vt 0.7028 0.0020 0.0000
vt 0.8012 0.8068 0.0000
vt 0.8044 0.8147 0.0000
vt 0.2851 0.7980 0.0000
vt 0.2705 0.7980 0.0000
vt 0.3605 0.0537 0.0000
vt 0.9510 0.8450 0.0000
vt 0.0673 0.2123 0.0000
vt 0.0690 0.2252 0.0000
vt 0.3273 0.7604 0.0000
vt 0.4032 0.5153 0.0000
vt 0.3373 0.1429 0.0000
vt 0.3373 0.1290 0.0000
vt 0.3264 0.7965 0.0000
vt 0.3273 0.7751 0.0000
vt 0.3173 0.2290 0.0000
vt 0.3248 0.6032 0.0000
vt 0.0922 0.5980 0.0000
vt 0.0143 0.8022 0.0000
vt 0.0021 0.8060 0.0000
vt 0.0020 0.8301 0.0000
vt 0.2656 0.4615 0.0000
vt 0.2621 0.4477 0.0000
vt 0.2722 0.4529 0.0000
vt 0.3568 0.2624 0.0000
vt 0.6727 0.7406 0.0000
vt 0.1713 0.5915 0.0000
vt 0.9977 0.6029 0.0000
vt 0.9980 0.6169 0.0000
vt 0.6780 0.7134 0.0000
vt 0.3091 0.4921 0.0000
vt 0.3373 0.6469 0.0000
vt 0.9090 0.6116 0.0000
vt 0.3661 0.3764 0.0000
vt 0.3078 0.9980 0.0000
vt 0.3049 0.1840 0.0000
vt 0.6554 0.1533 0.0000
vt 0.6005 0.0124 0.0000
vt 0.3224 0.6180 0.0000
vt 0.3273 0.6123 0.0000
vt 0.3273 0.4330 0.0000
vt 0.7088 0.5979 0.0000
vt 0.6266 0.5980 0.0000
vt 0.9178 0.5692 0.0000
vt 0.3073 0.1620 0.0000
vt 0.9602 0.9905 0.0000
vt 0.0113 0.5980 0.0000
vt 0.0020 0.5905 0.0000
vt 0.6882 0.2346 0.0000
vt 0.6899 0.1504 0.0000
vt 0.5667 0.3928 0.0000
vt 0.1059 0.9676 0.0000
vt 0.3128 0.0474 0.0000
vt 0.4116 0.0164 0.0000
vt 0.7824 0.5979 0.0000
vt 0.5529 0.5980 0.0000
vt 0.9681 0.4774 0.0000
vt 0.8056 0.8323 0.0000
vt 0.1412 0.5770 0.0000
vt 0.0065 0.0878 0.0000
vt 0.9605 0.0020 0.0000
vt 0.9726 0.0020 0.0000
vt 0.3273 0.5975 0.0000
vt 0.3159 0.5925 0.0000
vt 0.2167 0.9859 0.0000
vt 0.6729 0.6064 0.0000
vt 0.7691 0.9919 0.0000
vt 0.3072 0.8174 0.0000
vt 0.0081 0.9922 0.0000
vt 0.1702 0.0231 0.0000
vt 0.3702 0.4221 0.0000
vt 0.7600 0.4254 0.0000
vt 0.3273 0.8928 0.0000
vt 0.9885 0.4693 0.0000
vt 0.9860 0.3928 0.0000
vt 0.9706 0.3979 0.0000
vt 0.0158 0.0626 0.0000
vt 0.9980 0.6892 0.0000
vt 0.3373 0.6892 0.0000
vt 0.3501 0.4662 0.0000
vt 0.7060 0.6231 0.0000
vt 0.4295 0.5863 0.0000
vt 0.0795 0.6157 0.0000
vt 0.6348 0.9121 0.0000
vt 0.6348 0.9374 0.0000
vt 0.8531 0.3864 0.0000
vt 0.7195 0.5843 0.0000
vt 0.0020 0.6640 0.0000
vt 0.1038 0.2206 0.0000
vt 0.0020 0.0609 0.0000
vt 0.3273 0.2610 0.0000
vt 0.8659 0.7980 0.0000
vt 0.4325 0.7980 0.0000
vt 0.1930 0.7928 0.0000
vt 0.4059 0.3979 0.0000
vt 0.7025 0.8225 0.0000
vt 0.9226 0.1866 0.0000
vt 0.3648 0.7980 0.0000
vt 0.5960 0.3585 0.0000
vt 0.9857 0.0020 0.0000
vt 0.7062 0.7752 0.0000
vt 0.0265 0.5980 0.0000
vt 0.8049 0.1849 0.0000
vt 0.1569 0.9772 0.0000
vt 0.9266 0.8021 0.0000
vt 0.8622 0.8178 0.0000
vt 0.7040 0.3979 0.0000
vt 0.7002 0.3930 0.0000
vt 0.6497 0.8021 0.0000
vt 0.6523 0.8060 0.0000
vt 0.6660 0.8021 0.0000
vt 0.9171 0.2187 0.0000
vt 0.8272 0.9603 0.0000
vt 0.8115 0.9404 0.0000
vt 0.0863 0.0020 0.0000
vt 0.9649 0.5868 0.0000
vt 0.6922 0.1978 0.0000
vt 0.6727 0.5351 0.0000
vt 0.6727 0.5621 0.0000
vt 0.8927 0.2110 0.0000
vt 0.6348 0.9603 0.0000
vt 0.6348 0.9792 0.0000
vt 0.2320 0.0158 0.0000
vt 0.7924 0.4199 0.0000
vt 0.6727 0.3369 0.0000
vt 0.9980 0.0298 0.0000
vt 0.0020 0.4518 0.0000
vt 0.2188 0.3979 0.0000
vt 0.1106 0.1978 0.0000
vt 0.9842 0.1761 0.0000
vt 0.7314 0.0105 0.0000
vt 0.7439 0.0065 0.0000
vt 0.2523 0.8022 0.0000
vt 0.8962 0.5861 0.0000
vt 0.6516 0.4729 0.0000
vt 0.8051 0.0743 0.0000
vt 0.4612 0.5703 0.0000
vt 0.3011 0.4306 0.0000
vt 0.3373 0.2190 0.0000
vt 0.3376 0.2034 0.0000
vt 0.3273 0.6905 0.0000
vt 0.3373 0.0793 0.0000
vt 0.7357 0.8021 0.0000
vt 0.7619 0.8021 0.0000
vt 0.7306 0.8062 0.0000
vt 0.7216 0.6021 0.0000
vt 0.7392 0.6021 0.0000
vt 0.2669 0.2468 0.0000
vt 0.4365 0.4258 0.0000
vt 0.1714 0.8056 0.0000
vt 0.3639 0.5230 0.0000
vt 0.3419 0.5735 0.0000
vt 0.6727 0.4252 0.0000
vt 0.7261 0.3871 0.0000
vt 0.3423 0.4189 0.0000
vt 0.3379 0.4049 0.0000
vt 0.3831 0.1676 0.0000
vt 0.1729 0.1978 0.0000
vt 0.9493 0.2093 0.0000
vt 0.7364 0.0147 0.0000
vt 0.3809 0.0381 0.0000
vt 0.9407 0.4020 0.0000
vt 0.0199 0.4336 0.0000
vt 0.1358 0.5933 0.0000
vt 0.1182 0.5980 0.0000
vt 0.9404 0.3473 0.0000
vt 0.3373 0.3979 0.0000
vt 0.0020 0.4231 0.0000
vt 0.0023 0.4050 0.0000
vt 0.0020 0.1340 0.0000
vt 0.9489 0.8021 0.0000
vt 0.0330 0.7088 0.0000
vt 0.6627 0.5980 0.0000
vt 0.3500 0.6049 0.0000
vt 0.3032 0.8322 0.0000
vt 0.9882 0.2976 0.0000
vt 0.1566 0.2190 0.0000
vt 0.8262 0.9937 0.0000
vt 0.3273 0.2041 0.0000
vt 0.7542 0.5979 0.0000
vt 0.7395 0.5979 0.0000
vt 0.3373 0.7351 0.0000
vt 0.6733 0.2050 0.0000
vt 0.3609 0.7749 0.0000
vt 0.4891 0.6067 0.0000
vt 0.9005 0.9980 0.0000
vt 0.3164 0.0057 0.0000
vt 0.4261 0.1712 0.0000
vt 0.3373 0.7915 0.0000
vt 0.7810 0.1978 0.0000
vt 0.8223 0.0066 0.0000
vt 0.2779 0.7798 0.0000
vt 0.9662 0.6021 0.0000
vt 0.3166 0.5610 0.0000
vt 0.9875 0.6733 0.0000
vt 0.2911 0.4585 0.0000
vt 0.7390 0.9980 0.0000
vt 0.7269 0.9980 0.0000
vt 0.9980 0.3311 0.0000
vt 0.0020 0.5007 0.0000
vt 0.8377 0.4020 0.0000
vt 0.8809 0.4124 0.0000
vt 0.1181 0.7936 0.0000
vt 0.3373 0.7071 0.0000
vt 0.6727 0.5112 0.0000
vt 0.6727 0.4976 0.0000
vt 0.9295 0.3863 0.0000
vt 0.0387 0.1978 0.0000
vt 0.1942 0.1978 0.0000
vt 0.9322 0.8637 0.0000
vt 0.7061 0.7383 0.0000
vt 0.1172 0.9599 0.0000
vt 0.0020 0.7816 0.0000
vt 0.2082 0.7980 0.0000
vt 0.1940 0.7980 0.0000
vt 0.0072 0.3149 0.0000
vt 0.5077 0.7980 0.0000
vt 0.7690 0.0020 0.0000
vt 0.6727 0.6577 0.0000
vt 0.7043 0.4020 0.0000
vt 0.5145 0.1978 0.0000
vt 0.4856 0.1978 0.0000
vt 0.7823 0.8021 0.0000
vt 0.7837 0.8069 0.0000
vt 0.7985 0.5847 0.0000
vt 0.5589 0.5846 0.0000
vt 0.6727 0.0602 0.0000
vt 0.6727 0.1136 0.0000
vt 0.6727 0.1328 0.0000
vt 0.8889 0.7980 0.0000
vt 0.2296 0.4512 0.0000
vt 0.3176 0.2701 0.0000
vt 0.9917 0.3690 0.0000
vt 0.9980 0.2295 0.0000
vt 0.6727 0.0926 0.0000
vt 0.6564 0.3301 0.0000
vt 0.3880 0.0388 0.0000
vt 0.0290 0.5391 0.0000
vt 0.0020 0.7332 0.0000
vt 0.0020 0.7016 0.0000
vt 0.9508 0.9980 0.0000
vt 0.3373 0.2714 0.0000
vt 0.1285 0.2369 0.0000
vt 0.6348 0.8526 0.0000
vt 0.9028 0.7980 0.0000
vt 0.9488 0.5774 0.0000
vt 0.6727 0.4507 0.0000
vt 0.6348 0.8220 0.0000
vt 0.6348 0.8053 0.0000
vt 0.9511 0.0020 0.0000
vt 0.3169 0.9823 0.0000
vt 0.8700 0.9980 0.0000
vt 0.8611 0.9980 0.0000
vt 0.6795 0.8021 0.0000
vt 0.4897 0.2020 0.0000
vt 0.8456 0.2020 0.0000
vt 0.0020 0.2240 0.0000
vt 0.0022 0.2067 0.0000
vt 0.6777 0.7345 0.0000
vt 0.0667 0.9980 0.0000
vt 0.7629 0.4020 0.0000
vt 0.9917 0.7691 0.0000
vt 0.6727 0.3562 0.0000
vt 0.0020 0.5774 0.0000
vt 0.3373 0.4721 0.0000
vt 0.5320 0.2020 0.0000
vt 0.0020 0.3570 0.0000
vt 0.0020 0.4388 0.0000
vt 0.5534 0.3979 0.0000
vt 0.0020 0.1586 0.0000
vt 0.0020 0.9881 0.0000
vt 0.3127 0.1067 0.0000
vt 0.0616 0.5980 0.0000
vt 0.4565 0.2195 0.0000
vt 0.0020 0.1040 0.0000
vt 0.3373 0.0269 0.0000
vt 0.4323 0.5980 0.0000
vt 0.9475 0.9313 0.0000
vt 0.6727 0.1809 0.0000
vt 0.2970 0.1287 0.0000
vt 0.0023 0.1975 0.0000
vt 0.3954 0.0020 0.0000
vt 0.0024 0.3972 0.0000
vt 0.0020 0.3808 0.0000
vt 0.3549 0.2020 0.0000
vt 0.6729 0.3974 0.0000
vt 0.3376 0.6030 0.0000
vt 0.6359 0.7980 0.0000
vt 0.2522 0.7980 0.0000
vt 0.6727 0.2669 0.0000
vt 0.0020 0.8476 0.0000
vt 0.8832 0.0020 0.0000
vt 0.5782 0.6021 0.0000
vt 0.2316 0.9695 0.0000
vt 0.0963 0.9927 0.0000
vt 0.6348 0.9976 0.0000
vt 0.4281 0.6021 0.0000
vt 0.4138 0.6021 0.0000
vt 0.3373 0.5625 0.0000
vt 0.6727 0.5870 0.0000
vt 0.6727 0.5979 0.0000
vt 0.0305 0.0020 0.0000
vt 0.3273 0.7430 0.0000
vt 0.3373 0.1603 0.0000
vt 0.2000 0.9980 0.0000
vt 0.9980 0.3979 0.0000
vt 0.3373 0.3869 0.0000
vt 0.6727 0.2438 0.0000
vt 0.0471 0.4021 0.0000
vt 0.2294 0.0020 0.0000
vt 0.7477 0.0020 0.0000
vt 0.4660 0.6021 0.0000
vt 0.0020 0.0040 0.0000
vt 0.3373 0.1750 0.0000
vt 0.3485 0.8022 0.0000
vt 0.3373 0.8299 0.0000
vt 0.3442 0.8136 0.0000
vt 0.3535 0.8299 0.0000
vt 0.3648 0.8022 0.0000
vt 0.3604 0.8136 0.0000
vt 0.9925 0.1978 0.0000
vt 0.6727 0.4747 0.0000
vt 0.2604 0.1978 0.0000
vt 0.1778 0.9980 0.0000
vt 0.6627 0.9980 0.0000
vt 0.0020 0.2957 0.0000
vt 0.9296 0.7980 0.0000
vt 0.6752 0.1978 0.0000
vt 0.0117 0.0020 0.0000
vt 0.9844 0.3979 0.0000
vt 0.2301 0.7980 0.0000
vt 0.3648 0.3979 0.0000
vt 0.3691 0.6021 0.0000
vt 0.3543 0.6021 0.0000
vt 0.6727 0.1600 0.0000
vt 0.3900 0.8026 0.0000
vt 0.3752 0.8022 0.0000
vt 0.3850 0.8064 0.0000
vt 0.3968 0.8022 0.0000
vt 0.4116 0.8026 0.0000
vt 0.4066 0.8064 0.0000
vt 0.0742 0.0020 0.0000
# 3451 texture coords

g s1_6k
usemtl mat0
s 1
f 1/1/1 2/2/2 3/3/3 
f 4/4/4 5/5/5 6/6/6 
f 7/7/7 8/8/8 9/9/9 
f 10/10/10 11/11/11 12/12/12 
f 13/13/13 14/14/14 15/15/15 
f 16/16/16 17/17/17 18/18/18 
f 19/19/19 20/20/20 21/21/21 
f 22/22/22 23/23/23 24/24/24 
f 25/25/25 26/26/26 27/27/27 
f 28/28/28 29/29/29 30/30/30 
f 31/31/31 32/32/32 33/33/33 
f 34/34/34 35/35/35 36/36/36 
f 37/37/37 38/38/38 39/39/39 
f 40/40/40 41/41/41 42/42/42 
f 43/43/43 44/44/44 45/45/45 
f 46/46/46 47/47/47 48/48/48 
f 49/49/49 50/50/50 51/51/51 
f 52/52/52 53/53/53 54/54/54 
f 55/55/55 56/56/56 57/57/57 
f 53/53/53 52/52/52 58/58/58 
f 59/59/59 60/60/60 61/61/61 
f 62/62/62 63/63/63 64/64/64 
f 7/7/7 65/65/65 66/66/66 
f 67/67/67 68/68/68 69/69/69 
f 70/70/70 71/71/71 72/72/72 
f 63/63/63 73/73/73 64/64/64 
f 74/74/74 75/75/75 76/76/76 
f 77/77/77 78/78/78 79/79/79 
f 80/80/80 81/81/81 82/82/82 
f 83/83/83 84/84/84 85/85/85 
f 86/86/86 87/87/87 88/88/88 
f 89/89/89 90/90/90 91/91/91 
f 92/92/92 93/93/93 94/94/94 
f 95/95/95 96/96/96 97/97/97 
f 98/98/98 99/99/99 100/100/100 
f 101/101/101 102/102/102 103/103/103 
f 104/104/104 105/105/105 106/106/106 
f 107/107/107 108/108/108 109/109/109 
f 110/110/110 111/111/111 112/112/112 
f 113/113/113 114/114/114 115/115/115 
f 116/116/116 117/117/117 118/118/118 
f 119/119/119 120/120/120 121/121/121 
f 122/122/122 123/123/123 124/124/124 
f 31/31/31 125/125/125 32/32/32 
f 126/126/126 127/127/127 128/128/128 
f 129/129/129 130/130/130 131/131/131 
f 132/132/132 133/133/133 134/134/134 
f 135/135/135 136/136/136 137/137/137 
f 138/138/138 139/139/139 140/140/140 
f 141/141/141 142/142/142 18/18/18 
f 143/143/143 144/144/144 145/145/145 
f 146/146/146 147/147/147 148/148/148 
f 149/149/149 150/150/150 151/151/151 
f 152/152/152 153/153/153 112/112/112 
f 154/154/154 155/155/155 156/156/156 
f 157/157/157 158/158/158 159/159/159 
f 160/160/160 161/161/161 162/162/162 
f 163/163/163 164/164/164 165/165/165 
f 166/166/166 167/167/167 168/168/168 
f 169/169/169 170/170/170 171/171/171 
f 172/172/172 173/173/173 174/174/174 
f 175/175/175 176/176/176 39/39/39 
f 177/177/177 178/178/178 179/179/179 
f 180/180/180 181/181/181 182/182/182 
f 183/183/183 184/184/184 185/185/185 
f 186/186/186 187/187/187 188/188/188 
f 189/189/189 190/190/190 191/191/191 
f 192/192/192 193/193/193 194/194/194 
f 195/195/195 196/196/196 197/197/197 
f 198/198/198 199/199/199 200/200/200 
f 201/201/201 202/202/202 203/203/203 
f 204/204/204 103/103/103 205/205/205 
f 206/206/206 207/207/207 208/208/208 
f 209/209/209 210/210/210 211/211/211 
f 198/198/198 212/212/212 213/213/213 
f 214/214/214 215/215/215 216/216/216 
f 217/217/217 218/218/218 219/219/219 
f 220/220/220 221/221/221 222/222/222 
f 223/223/223 224/224/224 225/225/225 
f 226/226/226 227/227/227 228/228/228 
f 229/229/229 230/230/230 231/231/231 
f 232/232/232 233/233/233 28/28/28 
f 234/234/234 235/235/235 236/236/236 
f 237/237/237 238/238/238 239/239/239 
f 240/240/240 241/241/241 242/242/242 
f 243/243/243 244/244/244 82/82/82 
f 245/245/245 246/246/246 247/247/247 
f 248/248/248 68/68/68 249/249/249 
f 250/250/250 251/251/251 252/252/252 
f 253/253/253 254/254/254 255/255/255 
f 256/256/256 257/257/257 258/258/258 
f 259/259/259 260/260/260 261/261/261 
f 262/262/262 263/263/263 264/264/264 
f 106/106/106 105/105/105 265/265/265 
f 266/266/266 267/267/267 268/268/268 
f 269/269/269 22/22/22 270/270/270 
f 271/271/271 272/272/272 273/273/273 
f 274/274/274 275/275/275 276/276/276 
f 277/277/277 278/278/278 279/279/279 
f 280/280/280 66/66/66 65/65/65 
f 281/281/281 282/282/282 187/187/187 
f 283/283/283 284/284/284 285/285/285 
f 286/286/286 287/287/287 288/288/288 
f 289/289/289 290/290/290 291/291/291 
f 292/292/292 293/293/293 294/294/294 
f 295/295/295 296/296/296 297/297/297 
f 298/298/298 299/299/299 300/300/300 
f 301/301/301 302/302/302 303/303/303 
f 304/304/304 305/305/305 306/306/306 
f 307/307/307 308/308/308 309/309/309 
f 140/140/140 310/310/310 311/311/311 
f 312/312/312 313/313/313 314/314/314 
f 315/315/315 316/316/316 317/317/317 
f 318/318/318 319/319/319 320/320/320 
f 321/321/321 322/322/322 323/323/323 
f 324/324/324 325/325/325 326/326/326 
f 294/294/294 327/327/327 328/328/328 
f 62/62/62 64/64/64 329/329/329 
f 330/330/330 331/331/331 332/332/332 
f 333/333/333 334/334/334 335/335/335 
f 336/336/336 236/236/236 337/337/337 
f 338/338/338 339/339/339 340/340/340 
f 341/341/341 342/342/342 343/343/343 
f 318/318/318 344/344/344 345/345/345 
f 346/346/346 347/347/347 348/348/348 
f 349/349/349 350/350/350 351/351/351 
f 352/352/352 353/353/353 354/354/354 
f 355/355/355 356/356/356 357/357/357 
f 358/358/358 324/324/324 147/147/147 
f 54/54/54 359/359/359 360/360/360 
f 12/12/12 361/361/361 10/10/10 
f 362/362/362 363/363/363 364/364/364 
f 365/365/365 366/366/366 135/135/135 
f 95/95/95 367/367/367 368/368/368 
f 369/369/369 370/370/370 371/371/371 
f 372/372/372 241/241/241 373/373/373 
f 374/374/374 375/375/375 376/376/376 
f 377/377/377 378/378/378 246/246/246 
f 379/379/379 380/380/380 381/381/381 
f 382/382/382 383/383/383 384/384/384 
f 340/340/340 385/385/385 338/338/338 
f 386/386/386 387/387/387 49/49/49 
f 184/184/184 388/388/388 389/389/389 
f 390/390/390 186/186/186 391/391/391 
f 392/392/392 393/393/393 394/394/394 
f 395/395/395 396/396/396 397/397/397 
f 398/398/398 399/399/399 400/400/400 
f 401/401/401 402/402/402 403/403/403 
f 404/404/404 405/405/405 406/406/406 
f 407/407/407 408/408/408 409/409/409 
f 410/410/410 411/411/411 412/412/412 
f 413/413/413 414/414/414 415/415/415 
f 88/88/88 416/416/416 417/417/417 
f 26/26/26 418/418/418 419/419/419 
f 420/420/420 421/421/421 422/422/422 
f 423/423/423 424/424/424 425/425/425 
f 426/426/426 427/427/427 428/428/428 
f 429/429/429 430/430/430 431/431/431 
f 432/432/432 433/433/433 434/434/434 
f 435/435/435 436/436/436 437/437/437 
f 438/438/438 439/439/439 440/440/440 
f 441/441/441 442/442/442 443/443/443 
f 444/444/444 445/445/445 446/446/446 
f 447/447/447 448/448/448 446/446/446 
f 449/449/449 450/450/450 451/451/451 
f 452/452/452 453/453/453 454/454/454 
f 455/455/455 456/456/456 457/457/457 
f 458/458/458 456/456/456 459/459/459 
f 460/460/460 461/461/461 462/462/462 
f 463/463/463 464/464/464 465/465/465 
f 466/466/466 467/467/467 468/468/468 
f 469/469/469 193/193/193 470/470/470 
f 471/471/471 472/472/472 473/473/473 
f 474/474/474 475/475/475 75/75/75 
f 476/476/476 477/477/477 478/478/478 
f 160/160/160 479/479/479 161/161/161 
f 480/480/480 481/481/481 482/482/482 
f 483/483/483 484/484/484 485/485/485 
f 486/486/486 211/211/211 487/487/487 
f 488/488/488 489/489/489 490/490/490 
f 491/491/491 245/245/245 492/492/492 
f 493/493/493 494/494/494 495/495/495 
f 496/496/496 497/497/497 498/498/498 
f 499/499/499 228/228/228 500/500/500 
f 501/501/501 115/115/115 502/502/502 
f 503/503/503 504/504/504 505/505/505 
f 506/506/506 507/507/507 508/508/508 
f 509/509/509 510/510/510 511/511/511 
f 512/512/512 513/513/513 514/514/514 
f 515/515/515 516/516/516 517/517/517 
f 518/518/518 28/28/28 519/519/519 
f 165/165/165 520/520/520 521/521/521 
f 72/72/72 427/427/427 70/70/70 
f 522/522/522 213/213/213 523/523/523 
f 388/388/388 184/184/184 524/524/524 
f 525/525/525 526/526/526 527/527/527 
f 528/528/528 529/529/529 530/530/530 
f 531/531/531 532/532/532 533/533/533 
f 534/534/534 535/535/535 536/536/536 
f 537/537/537 538/538/538 539/539/539 
f 540/540/540 541/541/541 542/542/542 
f 543/543/543 544/544/544 545/545/545 
f 546/546/546 547/547/547 548/548/548 
f 549/549/549 550/550/550 551/551/551 
f 552/552/552 168/168/168 167/167/167 
f 553/553/553 554/554/554 555/555/555 
f 556/556/556 557/557/557 558/558/558 
f 559/559/559 560/560/560 561/561/561 
f 562/562/562 376/376/376 563/563/563 
f 564/564/564 119/119/119 565/565/565 
f 280/280/280 566/566/566 567/567/567 
f 568/568/568 569/569/569 570/570/570 
f 571/571/571 572/572/572 573/573/573 
f 574/574/574 575/575/575 576/576/576 
f 577/577/577 578/578/578 579/579/579 
f 580/580/580 74/74/74 581/581/581 
f 582/582/582 583/583/583 584/584/584 
f 585/585/585 586/586/586 587/587/587 
f 588/588/588 589/589/589 590/590/590 
f 591/591/591 592/592/592 593/593/593 
f 594/594/594 595/595/595 596/596/596 
f 212/212/212 597/597/597 598/598/598 
f 599/599/599 600/600/600 601/601/601 
f 17/17/17 602/602/602 603/603/603 
f 604/604/604 605/605/605 606/606/606 
f 407/407/407 409/409/409 607/607/607 
f 175/175/175 608/608/608 609/609/609 
f 610/610/610 611/611/611 612/612/612 
f 613/613/613 614/614/614 615/615/615 
f 252/252/252 547/547/547 546/546/546 
f 616/616/616 617/617/617 618/618/618 
f 360/360/360 359/359/359 619/619/619 
f 620/620/620 621/621/621 622/622/622 
f 623/623/623 624/624/624 625/625/625 
f 626/626/626 627/627/627 628/628/628 
f 629/629/629 630/630/630 631/631/631 
f 44/44/44 632/632/632 633/633/633 
f 633/633/633 634/634/634 367/367/367 
f 635/635/635 636/636/636 637/637/637 
f 638/638/638 639/639/639 640/640/640 
f 641/641/641 642/642/642 643/643/643 
f 644/644/644 645/645/645 646/646/646 
f 647/647/647 648/648/648 649/649/649 
f 650/650/650 651/651/651 652/652/652 
f 189/189/189 653/653/653 190/190/190 
f 654/654/654 51/51/51 50/50/50 
f 488/488/488 490/490/490 655/655/655 
f 656/656/656 657/657/657 658/658/658 
f 659/659/659 660/660/660 146/146/146 
f 661/661/661 662/662/662 663/663/663 
f 664/664/664 264/264/264 665/665/665 
f 666/666/666 667/667/667 668/668/668 
f 669/669/669 670/670/670 671/671/671 
f 357/357/357 363/363/363 672/672/672 
f 673/673/673 674/674/674 675/675/675 
f 676/676/676 677/677/677 678/678/678 
f 679/679/679 680/680/680 681/681/681 
f 682/682/682 683/683/683 684/684/684 
f 685/685/685 191/191/191 686/686/686 
f 687/687/687 688/688/688 689/689/689 
f 690/690/690 691/691/691 267/267/267 
f 692/692/692 693/693/693 694/694/694 
f 695/695/695 696/696/696 697/697/697 
f 465/465/465 698/698/698 699/699/699 
f 700/700/700 16/16/16 701/701/701 
f 551/551/551 550/550/550 702/702/702 
f 703/703/703 704/704/704 705/705/705 
f 706/706/706 707/707/707 708/708/708 
f 709/709/709 710/710/710 711/711/711 
f 712/712/712 713/713/713 714/714/714 
f 715/715/715 232/232/232 28/28/28 
f 716/716/716 717/717/717 718/718/718 
f 719/719/719 720/720/720 721/721/721 
f 722/722/722 639/639/639 723/723/723 
f 724/724/724 725/725/725 726/726/726 
f 727/727/727 728/728/728 729/729/729 
f 730/730/730 731/731/731 732/732/732 
f 733/733/733 734/734/734 735/735/735 
f 736/736/736 737/737/737 738/738/738 
f 34/34/34 513/513/513 35/35/35 
f 225/225/225 739/739/739 740/740/740 
f 741/741/741 742/742/742 743/743/743 
f 744/744/744 303/303/303 745/745/745 
f 746/746/746 747/747/747 748/748/748 
f 749/749/749 750/750/750 751/751/751 
f 752/752/752 753/753/753 754/754/754 
f 755/755/755 657/657/657 756/756/756 
f 552/552/552 757/757/757 758/758/758 
f 759/759/759 760/760/760 761/761/761 
f 496/496/496 498/498/498 761/761/761 
f 762/762/762 763/763/763 764/764/764 
f 765/765/765 766/766/766 767/767/767 
f 768/768/768 769/769/769 770/770/770 
f 164/164/164 771/771/771 772/772/772 
f 773/773/773 774/774/774 775/775/775 
f 250/250/250 776/776/776 251/251/251 
f 677/677/677 777/777/777 678/678/678 
f 778/778/778 779/779/779 780/780/780 
f 741/741/741 781/781/781 507/507/507 
f 48/48/48 210/210/210 46/46/46 
f 196/196/196 782/782/782 197/197/197 
f 783/783/783 784/784/784 785/785/785 
f 571/571/571 573/573/573 174/174/174 
f 786/786/786 330/330/330 332/332/332 
f 787/787/787 145/145/145 788/788/788 
f 323/323/323 56/56/56 55/55/55 
f 789/789/789 574/574/574 576/576/576 
f 370/370/370 790/790/790 791/791/791 
f 792/792/792 793/793/793 794/794/794 
f 795/795/795 796/796/796 797/797/797 
f 435/435/435 798/798/798 799/799/799 
f 800/800/800 801/801/801 802/802/802 
f 803/803/803 804/804/804 805/805/805 
f 806/806/806 807/807/807 808/808/808 
f 809/809/809 425/425/425 424/424/424 
f 810/810/810 811/811/811 812/812/812 
f 813/813/813 814/814/814 815/815/815 
f 816/816/816 817/817/817 818/818/818 
f 63/63/63 463/463/463 819/819/819 
f 820/820/820 821/821/821 822/822/822 
f 823/823/823 824/824/824 505/505/505 
f 825/825/825 826/826/826 114/114/114 
f 827/827/827 828/828/828 829/829/829 
f 830/830/830 831/831/831 832/832/832 
f 833/833/833 834/834/834 835/835/835 
f 836/836/836 837/837/837 838/838/838 
f 105/105/105 538/538/538 537/537/537 
f 25/25/25 839/839/839 257/257/257 
f 127/127/127 362/362/362 128/128/128 
f 840/840/840 841/841/841 842/842/842 
f 843/843/843 844/844/844 845/845/845 
f 111/111/111 846/846/846 847/847/847 
f 848/848/848 849/849/849 850/850/850 
f 456/456/456 851/851/851 459/459/459 
f 852/852/852 853/853/853 854/854/854 
f 853/853/853 855/855/855 854/854/854 
f 621/621/621 856/856/856 622/622/622 
f 857/857/857 858/858/858 859/859/859 
f 860/860/860 861/861/861 862/862/862 
f 863/863/863 864/864/864 865/865/865 
f 866/866/866 867/867/867 868/868/868 
f 869/869/869 870/870/870 71/71/71 
f 871/871/871 872/872/872 873/873/873 
f 874/874/874 875/875/875 876/876/876 
f 877/877/877 878/878/878 139/139/139 
f 445/445/445 444/444/444 879/879/879 
f 880/880/880 135/135/135 366/366/366 
f 881/881/881 882/882/882 883/883/883 
f 884/884/884 192/192/192 194/194/194 
f 885/885/885 886/886/886 887/887/887 
f 888/888/888 889/889/889 54/54/54 
f 890/890/890 891/891/891 892/892/892 
f 260/260/260 893/893/893 261/261/261 
f 894/894/894 895/895/895 896/896/896 
f 897/897/897 866/866/866 868/868/868 
f 898/898/898 642/642/642 641/641/641 
f 157/157/157 129/129/129 899/899/899 
f 353/353/353 900/900/900 901/901/901 
f 902/902/902 903/903/903 801/801/801 
f 904/904/904 905/905/905 906/906/906 
f 907/907/907 246/246/246 908/908/908 
f 909/909/909 910/910/910 911/911/911 
f 912/912/912 913/913/913 914/914/914 
f 915/915/915 916/916/916 917/917/917 
f 174/174/174 333/333/333 172/172/172 
f 38/38/38 918/918/918 919/919/919 
f 920/920/920 213/213/213 522/522/522 
f 695/695/695 697/697/697 921/921/921 
f 685/685/685 686/686/686 922/922/922 
f 923/923/923 924/924/924 925/925/925 
f 734/734/734 926/926/926 735/735/735 
f 927/927/927 928/928/928 929/929/929 
f 930/930/930 931/931/931 932/932/932 
f 858/858/858 933/933/933 934/934/934 
f 935/935/935 936/936/936 937/937/937 
f 938/938/938 939/939/939 940/940/940 
f 229/229/229 231/231/231 520/520/520 
f 941/941/941 942/942/942 818/818/818 
f 717/717/717 943/943/943 944/944/944 
f 945/945/945 946/946/946 947/947/947 
f 948/948/948 949/949/949 950/950/950 
f 951/951/951 952/952/952 130/130/130 
f 953/953/953 471/471/471 954/954/954 
f 955/955/955 956/956/956 957/957/957 
f 958/958/958 959/959/959 960/960/960 
f 961/961/961 962/962/962 963/963/963 
f 964/964/964 965/965/965 966/966/966 
f 613/613/613 967/967/967 966/966/966 
f 384/384/384 968/968/968 382/382/382 
f 384/384/384 969/969/969 968/968/968 
f 970/970/970 971/971/971 387/387/387 
f 971/971/971 972/972/972 322/322/322 
f 973/973/973 416/416/416 974/974/974 
f 975/975/975 976/976/976 977/977/977 
f 978/978/978 979/979/979 980/980/980 
f 216/216/216 594/594/594 214/214/214 
f 19/19/19 981/981/981 982/982/982 
f 983/983/983 267/267/267 478/478/478 
f 984/984/984 985/985/985 986/986/986 
f 987/987/987 988/988/988 989/989/989 
f 990/990/990 991/991/991 992/992/992 
f 993/993/993 994/994/994 995/995/995 
f 996/996/996 534/534/534 536/536/536 
f 997/997/997 998/998/998 343/343/343 
f 380/380/380 999/999/999 381/381/381 
f 1000/1000/1000 1001/1001/1001 1002/1002/1002 
f 1003/1003/1003 1004/1004/1004 477/477/477 
f 1005/1005/1005 731/731/731 1006/1006/1006 
f 1007/1007/1007 1008/1008/1008 1009/1009/1009 
f 1010/1010/1010 1011/1011/1011 1012/1012/1012 
f 1013/1013/1013 1014/1014/1014 1015/1015/1015 
f 1016/1016/1016 1017/1017/1017 1018/1018/1018 
f 1019/1019/1019 1020/1020/1020 1021/1021/1021 
f 1022/1022/1022 836/836/836 1023/1023/1023 
f 243/243/243 82/82/82 1024/1024/1024 
f 1025/1025/1025 330/330/330 1026/1026/1026 
f 1027/1027/1027 1028/1028/1028 1029/1029/1029 
f 1030/1030/1030 1031/1031/1031 1032/1032/1032 
f 1033/1033/1033 1034/1034/1034 419/419/419 
f 1035/1035/1035 1036/1036/1036 1037/1037/1037 
f 1038/1038/1038 1039/1039/1039 593/593/593 
f 1040/1040/1040 1041/1041/1041 1042/1042/1042 
f 790/790/790 370/370/370 369/369/369 
f 41/41/41 40/40/40 527/527/527 
f 217/217/217 219/219/219 1043/1043/1043 
f 940/940/940 1044/1044/1044 938/938/938 
f 1045/1045/1045 616/616/616 325/325/325 
f 1046/1046/1046 619/619/619 359/359/359 
f 2/2/2 497/497/497 1047/1047/1047 
f 46/46/46 1048/1048/1048 47/47/47 
f 1049/1049/1049 1050/1050/1050 1051/1051/1051 
f 830/830/830 1052/1052/1052 831/831/831 
f 502/502/502 1053/1053/1053 1054/1054/1054 
f 1055/1055/1055 1056/1056/1056 275/275/275 
f 1057/1057/1057 133/133/133 1058/1058/1058 
f 1059/1059/1059 1060/1060/1060 1061/1061/1061 
f 367/367/367 682/682/682 368/368/368 
f 1062/1062/1062 1063/1063/1063 1064/1064/1064 
f 1065/1065/1065 1066/1066/1066 1067/1067/1067 
f 1068/1068/1068 335/335/335 334/334/334 
f 347/347/347 346/346/346 1069/1069/1069 
f 1070/1070/1070 1071/1071/1071 1072/1072/1072 
f 1073/1073/1073 720/720/720 1074/1074/1074 
f 687/687/687 1075/1075/1075 688/688/688 
f 378/378/378 377/377/377 1076/1076/1076 
f 871/871/871 1077/1077/1077 872/872/872 
f 713/713/713 243/243/243 714/714/714 
f 1078/1078/1078 1079/1079/1079 525/525/525 
f 1080/1080/1080 1081/1081/1081 1082/1082/1082 
f 433/433/433 1083/1083/1083 1084/1084/1084 
f 925/925/925 924/924/924 1085/1085/1085 
f 338/338/338 385/385/385 1086/1086/1086 
f 1087/1087/1087 297/297/297 1088/1088/1088 
f 1089/1089/1089 431/431/431 430/430/430 
f 28/28/28 518/518/518 29/29/29 
f 813/813/813 815/815/815 1090/1090/1090 
f 765/765/765 767/767/767 8/8/8 
f 1091/1091/1091 765/765/765 374/374/374 
f 1092/1092/1092 1093/1093/1093 1094/1094/1094 
f 1095/1095/1095 93/93/93 1072/1096/1072 
f 1096/1097/1096 955/955/955 957/957/957 
f 150/150/150 704/704/704 1097/1098/1097 
f 225/225/225 740/740/740 223/223/223 
f 1098/1099/1098 1099/1100/1099 1100/1101/1100 
f 1101/1102/1101 1102/1103/1102 1103/1104/1103 
f 1104/1105/1104 304/304/304 1105/1106/1105 
f 1106/1107/1106 1107/1108/1107 199/199/199 
f 1108/1109/1108 1109/1110/1109 1110/1111/1110 
f 1111/1112/1111 1112/1113/1112 1113/1114/1113 
f 463/463/463 1114/1115/1114 464/464/464 
f 449/449/449 451/451/451 327/327/327 
f 523/523/523 1115/1116/1115 1116/1117/1116 
f 1117/1118/1117 1118/1119/1118 1119/1120/1119 
f 1120/1121/1120 1121/1122/1121 1122/1123/1122 
f 1123/1124/1123 138/138/138 1124/1125/1124 
f 1125/1126/1125 1126/1127/1126 1127/1128/1127 
f 1128/1129/1128 1129/1130/1129 1130/1131/1130 
f 1131/1132/1131 1132/1133/1132 1133/1134/1133 
f 1134/1135/1134 1135/1136/1135 1136/1137/1136 
f 1137/1138/1137 1138/1139/1138 1139/1140/1139 
f 1140/1141/1140 486/486/486 1141/1142/1141 
f 1142/1143/1142 1143/1144/1143 1144/1145/1144 
f 1145/1146/1145 1146/1147/1146 1147/1148/1147 
f 1145/1146/1145 1148/1149/1148 1146/1147/1146 
f 1149/1150/1149 1150/1151/1150 1151/1152/1151 
f 1152/1153/1152 428/428/428 1153/1154/1153 
f 1154/1155/1154 1043/1043/1043 1155/1156/1155 
f 512/512/512 1156/1157/1156 1157/1158/1157 
f 651/1159/651 650/1160/650 1158/1161/1158 
f 1159/1162/1159 1160/1163/1160 104/104/104 
f 157/157/157 159/159/159 1161/1164/1161 
f 1162/1165/1162 1163/1166/1163 1164/1167/1164 
f 249/249/249 68/68/68 1165/1168/1165 
f 1166/1169/1166 1167/1170/1167 1168/1171/1168 
f 1169/1172/1169 872/872/872 1170/1173/1170 
f 1010/1174/1010 1012/1175/1012 1171/1176/1171 
f 1172/1177/1172 1173/1178/1173 1174/1179/1174 
f 764/764/764 1175/1180/1175 1176/1181/1176 
f 1177/1182/1177 622/622/622 856/856/856 
f 1178/1183/1178 1179/1184/1179 1180/1185/1180 
f 1181/1186/1181 1182/1187/1182 1183/1188/1183 
f 1184/1189/1184 1185/1190/1185 1186/1191/1186 
f 1187/1192/1187 1188/1193/1188 1189/1194/1189 
f 1190/1195/1190 1191/1196/1191 1192/1197/1192 
f 666/666/666 1193/1198/1193 1194/1199/1194 
f 1193/1198/1193 161/161/161 479/479/479 
f 1195/1200/1195 1196/1201/1196 1197/1202/1197 
f 904/904/904 1198/1203/1198 905/905/905 
f 1199/1204/1199 1200/1205/1200 1201/1206/1201 
f 1202/1207/1202 1203/1208/1203 474/474/474 
f 1204/1209/1204 1205/1210/1205 1206/1211/1206 
f 1207/1212/1207 1208/1213/1208 1209/1214/1209 
f 1210/1215/1210 1211/1216/1211 1212/1217/1212 
f 1213/1218/1213 1214/1219/1214 1040/1040/1040 
f 235/235/235 234/234/234 58/58/58 
f 1215/1220/1215 1216/1221/1216 1217/1222/1217 
f 733/733/733 1218/1223/1218 734/734/734 
f 478/478/478 267/267/267 266/266/266 
f 1219/1224/1219 1220/1225/1220 1221/1226/1221 
f 1222/1227/1222 1223/1228/1223 545/545/545 
f 1224/1229/1224 44/44/44 43/43/43 
f 756/756/756 657/657/657 656/656/656 
f 662/662/662 1225/1230/1225 663/663/663 
f 1226/1231/1226 1227/1232/1227 884/884/884 
f 1228/1233/1228 1229/1234/1229 1230/1235/1230 
f 1231/1236/1231 1232/1237/1232 1233/1238/1233 
f 1234/1239/1234 1235/1240/1235 1236/1241/1236 
f 1237/1242/1237 1238/1243/1238 1239/1244/1239 
f 1240/1245/1240 1215/1220/1215 1217/1222/1217 
f 1241/1246/1241 145/145/145 1242/1247/1242 
f 28/28/28 233/233/233 519/519/519 
f 1243/1248/1243 1244/1249/1244 1245/1250/1245 
f 561/561/561 560/560/560 1246/1251/1246 
f 1247/1252/1247 1248/1253/1248 1249/1254/1249 
f 1250/1255/1250 1251/1256/1251 1252/1257/1252 
f 947/1258/947 946/1259/946 1253/1260/1253 
f 1254/1261/1254 1255/1262/1255 1256/1263/1256 
f 1257/1264/1257 323/323/323 1258/1265/1258 
f 1259/1266/1259 1260/1267/1260 1261/1268/1261 
f 1262/1269/1262 1263/1270/1263 992/992/992 
f 1264/1271/1264 1265/1272/1265 292/292/292 
f 1266/1273/1266 1267/1274/1267 1268/1275/1268 
f 93/93/93 1269/1276/1269 94/94/94 
f 1270/1277/1270 1271/1278/1271 1272/1279/1272 
f 1273/1280/1273 1274/1281/1274 1275/1282/1275 
f 1276/1283/1276 1277/1284/1277 1278/1285/1278 
f 1017/1286/1017 1016/1287/1016 1279/1288/1279 
f 1280/1289/1280 1281/1290/1281 1282/1291/1282 
f 946/1259/946 1283/1292/1283 1253/1260/1253 
f 1284/1293/1284 1285/1294/1285 1286/1295/1286 
f 1287/1296/1287 1288/1297/1288 1289/1298/1289 
f 1290/1299/1290 1291/1300/1291 710/710/710 
f 1233/1301/1233 1292/1302/1292 1231/1303/1231 
f 396/396/396 556/1304/556 1293/1305/1293 
f 1294/1306/1294 1295/1307/1295 1296/1308/1296 
f 118/118/118 1297/1309/1297 1298/1310/1298 
f 494/494/494 1299/1311/1299 910/910/910 
f 1300/1312/1300 1301/1313/1301 778/778/778 
f 799/799/799 798/798/798 1302/1314/1302 
f 1303/1315/1303 1304/1316/1304 1305/1317/1305 
f 12/12/12 11/11/11 1306/1318/1306 
f 590/590/590 1307/1319/1307 588/588/588 
f 1308/1320/1308 1309/1321/1309 1310/1322/1310 
f 760/760/760 759/759/759 1311/1323/1311 
f 165/165/165 521/521/521 1312/1324/1312 
f 665/665/665 1313/1325/1313 25/25/25 
f 1314/1326/1314 1315/1327/1315 1316/1328/1316 
f 1317/1329/1317 1318/1330/1318 1319/1331/1319 
f 1320/1332/1320 1321/1333/1321 1322/1334/1322 
f 1323/1335/1323 671/671/671 1324/1336/1324 
f 356/356/356 355/355/355 1325/1337/1325 
f 353/353/353 901/901/901 1326/1338/1326 
f 1327/1339/1327 1068/1068/1068 334/334/334 
f 993/1340/993 1328/1341/1328 994/1342/994 
f 463/463/463 1329/1343/1329 819/819/819 
f 783/783/783 785/785/785 1330/1344/1330 
f 1331/1345/1331 1332/1346/1332 1333/1347/1333 
f 1334/1348/1334 1335/1349/1335 1336/1350/1336 
f 1337/1351/1337 265/265/265 1338/1352/1338 
f 932/1353/932 931/1354/931 1339/1355/1339 
f 1340/1356/1340 1341/1357/1341 346/346/346 
f 209/209/209 211/211/211 748/748/748 
f 1342/1358/1342 977/1359/977 1343/1360/1343 
f 769/769/769 1344/1361/1344 1345/1362/1345 
f 1346/1363/1346 1347/1364/1347 1348/1365/1348 
f 1349/1366/1349 836/836/836 1350/1367/1350 
f 1351/1368/1351 1352/1369/1352 1353/1370/1353 
f 1354/1371/1354 1355/1372/1355 1356/1373/1356 
f 1357/1374/1357 1358/1375/1358 1359/1376/1359 
f 1360/1377/1360 1178/1183/1178 1361/1378/1361 
f 1362/1379/1362 1363/1380/1363 1364/1381/1364 
f 1365/1382/1365 825/825/825 1366/1383/1366 
f 1367/1384/1367 1368/1385/1368 1369/1386/1369 
f 1370/1387/1370 1371/1388/1371 1372/1389/1372 
f 1373/1390/1373 1038/1038/1038 593/593/593 
f 1374/1391/1374 1375/1392/1375 101/101/101 
f 1376/1393/1376 1377/1394/1377 1378/1395/1378 
f 1158/1161/1158 650/1160/650 1379/1396/1379 
f 1380/1397/1380 1381/1398/1381 133/133/133 
f 1382/1399/1382 1383/1400/1383 1384/1401/1384 
f 1385/1402/1385 1386/1403/1386 754/754/754 
f 1387/1404/1387 1388/1405/1388 1389/1406/1389 
f 1390/1407/1390 1391/1408/1391 1392/1409/1392 
f 974/974/974 1390/1407/1390 973/973/973 
f 315/315/315 1393/1410/1393 1394/1411/1394 
f 1393/1410/1393 315/315/315 803/803/803 
f 1395/1412/1395 1396/1413/1396 1397/1414/1397 
f 1398/1415/1398 1399/1416/1399 1400/1417/1400 
f 561/561/561 1401/1418/1401 397/397/397 
f 190/190/190 1402/1419/1402 1403/1420/1403 
f 708/708/708 1187/1192/1187 1189/1194/1189 
f 1404/1421/1404 1405/1422/1405 708/708/708 
f 1406/1423/1406 1407/1424/1407 1408/1425/1408 
f 1409/1426/1409 1410/1427/1410 1408/1425/1408 
f 284/1428/284 283/1429/283 1411/1430/1411 
f 827/827/827 832/1431/832 828/828/828 
f 1412/1432/1412 1413/1433/1413 1414/1434/1414 
f 516/516/516 1415/1435/1415 517/517/517 
f 1416/1436/1416 1417/1437/1417 1418/1438/1418 
f 908/908/908 1419/1439/1419 907/907/907 
f 1420/1440/1420 1421/1441/1421 1422/1442/1422 
f 1178/1183/1178 1423/1443/1423 1424/1444/1424 
f 603/603/603 1425/1445/1425 1426/1446/1426 
f 17/17/17 603/603/603 18/18/18 
f 1214/1219/1214 1427/1447/1427 1211/1216/1211 
f 1428/1448/1428 962/962/962 961/961/961 
f 1429/1449/1429 1430/1450/1430 1431/1451/1431 
f 1432/1452/1432 876/876/876 1433/1453/1433 
f 1434/1454/1434 1435/1455/1435 1436/1456/1436 
f 499/499/499 1434/1454/1434 1436/1456/1436 
f 1437/1457/1437 1438/1458/1438 1439/1459/1439 
f 1440/1460/1440 1441/1461/1441 1439/1459/1439 
f 1442/1462/1442 1443/1463/1443 1444/1464/1444 
f 1445/1465/1445 1443/1463/1443 1442/1462/1442 
f 1365/1382/1365 1446/1466/1446 825/825/825 
f 272/272/272 271/271/271 599/599/599 
f 1447/1467/1447 1448/1468/1448 643/643/643 
f 62/62/62 329/329/329 855/855/855 
f 40/40/40 1449/1469/1449 1450/1470/1450 
f 40/40/40 1132/1133/1132 1449/1469/1449 
f 105/105/105 647/647/647 1451/1471/1451 
f 648/648/648 1452/1472/1452 1453/1473/1453 
f 1454/1474/1454 468/468/468 467/467/467 
f 1455/1475/1455 1456/1476/1456 1232/1237/1232 
f 1457/1477/1457 1458/1478/1458 1459/1479/1459 
f 1460/1480/1460 1461/1481/1461 1462/1482/1462 
f 1463/1483/1463 1464/1484/1464 1465/1485/1465 
f 1466/1486/1466 1464/1484/1464 1463/1483/1463 
f 5/5/5 1467/1487/1467 6/6/6 
f 399/399/399 1468/1488/1468 1469/1489/1469 
f 1470/1490/1470 1471/1491/1471 1472/1492/1472 
f 1473/1493/1473 1396/1494/1396 1474/1495/1474 
f 1475/1496/1475 1476/1497/1476 1477/1498/1477 
f 365/365/365 861/861/861 860/860/860 
f 438/438/438 630/630/630 629/629/629 
f 1478/1499/1478 867/867/867 866/866/866 
f 702/702/702 1479/1500/1479 1480/1501/1480 
f 475/475/475 708/708/708 1405/1422/1405 
f 1276/1283/1276 1481/1502/1481 1277/1284/1277 
f 611/611/611 1482/1503/1482 1067/1504/1067 
f 187/187/187 1483/1505/1483 281/281/281 
f 1484/1506/1484 906/1507/906 1485/1508/1485 
f 1486/1509/1486 607/607/607 1487/1510/1487 
f 1125/1126/1125 1488/1511/1488 1489/1512/1489 
f 684/684/684 1490/1513/1490 681/681/681 
f 1491/1514/1491 166/166/166 168/168/168 
f 1492/1515/1492 1493/1516/1493 1161/1164/1161 
f 951/951/951 130/130/130 849/849/849 
f 1494/1517/1494 1495/1518/1495 1496/1519/1496 
f 1110/1111/1110 1497/1520/1497 1498/1521/1498 
f 562/562/562 675/675/675 565/565/565 
f 117/117/117 1499/1522/1499 1500/1523/1500 
f 111/111/111 152/152/152 112/112/112 
f 602/602/602 1501/1524/1501 600/600/600 
f 1502/1525/1502 4/4/4 1503/1526/1503 
f 1142/1143/1142 655/655/655 490/490/490 
f 1504/1527/1504 1505/1528/1505 1506/1529/1506 
f 1507/1530/1507 1508/1531/1508 1509/1532/1509 
f 1510/1533/1510 1419/1534/1419 1511/1535/1511 
f 1512/1536/1512 1168/1171/1168 1167/1170/1167 
f 1513/1537/1513 1514/1538/1514 1515/1539/1515 
f 1516/1540/1516 1517/1541/1517 1518/1542/1518 
f 1519/1543/1519 55/55/55 57/57/57 
f 1520/1544/1520 1521/1545/1521 189/189/189 
f 1522/1546/1522 1523/1547/1523 1524/1548/1524 
f 1524/1548/1524 1525/1549/1525 918/918/918 
f 1526/1550/1526 1527/1551/1527 1528/1552/1528 
f 1529/1553/1529 1530/1554/1530 726/726/726 
f 1531/1555/1531 1532/1556/1532 1533/1557/1533 
f 1532/1556/1532 1534/1558/1534 1535/1559/1535 
f 1098/1099/1098 1536/1560/1536 1099/1100/1099 
f 1537/1561/1537 1538/1562/1538 1539/1563/1539 
f 1349/1366/1349 837/837/837 836/836/836 
f 1540/1564/1540 413/1565/413 1541/1566/1541 
f 1542/1567/1542 1543/1568/1543 1544/1569/1544 
f 1545/1570/1545 1546/1571/1546 1547/1572/1547 
f 1376/1393/1376 1378/1395/1378 1548/1573/1548 
f 1549/1574/1549 1550/1575/1550 1551/1576/1551 
f 1552/1577/1552 1065/1065/1065 1553/1578/1553 
f 1081/1081/1081 1554/1579/1554 1555/1580/1555 
f 1556/1581/1556 1557/1582/1557 1558/1583/1558 
f 1559/1584/1559 766/766/766 765/765/765 
f 1560/1585/1560 1561/1586/1561 854/854/854 
f 449/449/449 1562/1587/1562 450/450/450 
f 1563/1588/1563 760/760/760 1311/1323/1311 
f 136/136/136 1564/1589/1564 137/137/137 
f 1565/1590/1565 1566/1591/1566 1567/1592/1567 
f 1568/1593/1568 1569/1594/1569 1570/1595/1570 
f 1571/1596/1571 1209/1214/1209 1208/1213/1208 
f 1572/1597/1572 1573/1598/1573 1574/1599/1574 
f 1575/1600/1575 1576/1601/1576 1577/1602/1577 
f 597/597/597 1577/1602/1577 598/598/598 
f 722/722/722 1578/1603/1578 1579/1604/1579 
f 1580/1605/1580 1581/1606/1581 1582/1607/1582 
f 1583/1608/1583 1584/1609/1584 1585/1610/1585 
f 1586/1611/1586 606/606/606 1587/1612/1587 
f 966/966/966 312/312/312 964/964/964 
f 1588/1613/1588 1589/1614/1589 473/473/473 
f 1059/1059/1059 1590/1615/1590 1060/1060/1060 
f 226/226/226 1591/1616/1591 227/227/227 
f 1592/1617/1592 1593/1618/1593 1594/1619/1594 
f 60/60/60 59/59/59 294/294/294 
f 1595/1620/1595 1596/1621/1596 1597/1622/1597 
f 635/635/635 637/637/637 1598/1623/1598 
f 1599/1624/1599 1600/1625/1600 1601/1626/1601 
f 1601/1626/1601 1204/1209/1204 1602/1627/1602 
f 1603/1628/1603 1604/1629/1604 1285/1630/1285 
f 1605/1631/1605 668/668/668 667/667/667 
f 1606/1632/1606 1607/1633/1607 1608/1634/1608 
f 1609/1635/1609 1610/1636/1610 1611/1637/1611 
f 1612/1638/1612 1613/1639/1613 1614/1640/1614 
f 1615/1641/1615 1616/1642/1616 1617/1643/1617 
f 1352/1369/1352 1618/1644/1618 1353/1370/1353 
f 72/72/72 1619/1645/1619 295/295/295 
f 1620/1646/1620 1621/1647/1621 1622/1648/1622 
f 1623/1649/1623 1624/1650/1624 1398/1415/1398 
f 1625/1651/1625 1009/1009/1009 1626/1652/1626 
f 1627/1653/1627 127/127/127 126/126/126 
f 1628/1654/1628 1026/1026/1026 330/330/330 
f 1629/1655/1629 990/990/990 1630/1656/1630 
f 1631/1657/1631 1632/1658/1632 1633/1659/1633 
f 1634/1660/1634 1635/1661/1635 1633/1662/1633 
f 1636/1663/1636 437/437/437 1637/1664/1637 
f 1638/1665/1638 1273/1666/1273 1275/1667/1275 
f 193/193/193 192/192/192 470/470/470 
f 1639/1668/1639 1640/1669/1640 1520/1544/1520 
f 1641/1670/1641 1642/1671/1642 975/975/975 
f 1643/1672/1643 1644/1673/1644 1645/1674/1645 
f 1646/1675/1646 1417/1676/1417 1416/1677/1416 
f 676/676/676 1647/1678/1647 677/677/677 
f 77/77/77 79/79/79 13/13/13 
f 1648/1679/1648 1192/1197/1192 1649/1680/1649 
f 1382/1681/1382 1650/1682/1650 1651/1683/1651 
f 401/401/401 1652/1684/1652 632/632/632 
f 1653/1685/1653 1654/1686/1654 1655/1687/1655 
f 1656/1688/1656 1657/1689/1657 1658/1690/1658 
f 1659/1691/1659 1660/1692/1660 298/298/298 
f 1661/1693/1661 1659/1691/1659 1662/1694/1662 
f 1382/1399/1382 1384/1401/1384 1650/1695/1650 
f 1663/1696/1663 1607/1697/1607 1606/1698/1606 
f 1239/1244/1239 809/809/809 1237/1242/1237 
f 1664/1699/1664 425/425/425 809/809/809 
f 1665/1700/1665 1666/1701/1666 1667/1702/1667 
f 1150/1151/1150 1668/1703/1668 1669/1704/1669 
f 1670/1705/1670 981/981/981 620/620/620 
f 620/620/620 1671/1706/1671 1670/1705/1670 
f 915/915/915 1672/1707/1672 142/142/142 
f 1673/1708/1673 916/916/916 915/915/915 
f 1674/1709/1674 1675/1710/1675 1673/1708/1673 
f 1676/1711/1676 415/415/415 1677/1712/1677 
f 532/532/532 1678/1713/1678 533/533/533 
f 1679/1714/1679 1680/1715/1680 1681/1716/1681 
f 1682/1717/1682 680/680/680 679/679/679 
f 1683/1718/1683 1684/1719/1684 683/683/683 
f 1685/1720/1685 1686/1721/1686 1687/1722/1687 
f 1688/1723/1688 1689/1724/1689 1690/1725/1690 
f 377/377/377 1691/1726/1691 563/563/563 
f 1692/1727/1692 375/375/375 1693/1728/1693 
f 492/492/492 876/876/876 1432/1452/1432 
f 1694/1729/1694 1076/1076/1076 1695/1730/1695 
f 1612/1731/1612 1696/1732/1696 1697/1733/1697 
f 1698/1734/1698 1226/1231/1226 1699/1735/1699 
f 1251/1736/1251 1700/1737/1700 1005/1005/1005 
f 1701/1738/1701 1702/1739/1702 947/947/947 
f 1703/1740/1703 1704/1741/1704 1157/1158/1157 
f 1154/1155/1154 1705/1742/1705 1506/1529/1506 
f 1706/1743/1706 349/349/349 1270/1744/1270 
f 1707/1745/1707 1708/1746/1708 1709/1747/1709 
f 1710/1748/1710 1711/1749/1711 402/402/402 
f 1061/1750/1061 1060/1751/1060 1712/1752/1712 
f 1713/1753/1713 1714/1754/1714 1715/1755/1715 
f 1716/1756/1716 1472/1492/1472 1717/1757/1717 
f 712/712/712 1718/1758/1718 713/713/713 
f 1277/1284/1277 1481/1502/1481 1719/1759/1719 
f 998/998/998 623/623/623 625/625/625 
f 859/859/859 1720/1760/1720 857/857/857 
f 1721/1761/1721 1071/1071/1071 1722/1762/1722 
f 1270/1744/1270 1272/1763/1272 1723/1764/1723 
f 1724/1765/1724 1725/1766/1725 1361/1767/1361 
f 929/929/929 1726/1768/1726 927/927/927 
f 1727/1769/1727 1190/1195/1190 1728/1770/1728 
f 1187/1192/1187 708/708/708 707/707/707 
f 1685/1720/1685 358/358/358 1686/1721/1686 
f 1729/1771/1729 1730/1772/1730 1731/1773/1731 
f 1732/1774/1732 1733/1775/1733 1734/1776/1734 
f 1735/1777/1735 1736/1778/1736 1737/1779/1737 
f 1738/1780/1738 125/125/125 1629/1655/1629 
f 1739/1781/1739 1263/1270/1263 1740/1782/1740 
f 389/389/389 185/185/185 184/184/184 
f 1741/1783/1741 1334/1348/1334 1742/1784/1742 
f 1743/1785/1743 1744/1786/1744 54/54/54 
f 1745/1787/1745 1731/1773/1731 1746/1788/1746 
f 1747/1789/1747 1748/1790/1748 1749/1791/1749 
f 52/52/52 235/235/235 58/58/58 
f 1750/1792/1750 1751/1793/1751 930/930/930 
f 895/895/895 344/344/344 896/896/896 
f 1752/1794/1752 1753/1795/1753 1754/1796/1754 
f 1755/1797/1755 1756/1798/1756 1423/1443/1423 
f 1075/1075/1075 1757/1799/1757 1758/1800/1758 
f 236/236/236 1759/1801/1759 234/234/234 
f 1371/1802/1371 1760/1803/1760 1761/1804/1761 
f 1762/1805/1762 1763/1806/1763 1764/1807/1764 
f 1765/1808/1765 1766/1809/1766 842/842/842 
f 842/842/842 1767/1810/1767 1768/1811/1768 
f 293/293/293 292/292/292 1769/1812/1769 
f 1657/1813/1657 1656/1814/1656 1770/1815/1770 
f 646/646/646 645/645/645 1771/1816/1771 
f 1772/1817/1772 1773/1818/1773 642/642/642 
f 71/71/71 1592/1617/1592 1774/1819/1774 
f 1774/1819/1774 1775/1820/1775 1088/1088/1088 
f 1776/1821/1776 509/509/509 1777/1822/1777 
f 1537/1561/1537 1539/1563/1539 1778/1823/1778 
f 698/698/698 465/465/465 464/464/464 
f 1779/1824/1779 1113/1114/1113 1780/1825/1780 
f 1781/1826/1781 537/537/537 1782/1827/1782 
f 23/23/23 22/22/22 1783/1828/1783 
f 1784/1829/1784 814/814/814 1785/1830/1785 
f 1785/1830/1785 1545/1570/1545 1547/1572/1547 
f 1786/1831/1786 1787/1832/1787 1788/1833/1788 
f 1789/1834/1789 1790/1835/1790 1169/1836/1169 
f 1791/1837/1791 1792/1838/1792 1793/1839/1793 
f 1794/1840/1794 1795/1841/1795 1791/1837/1791 
f 1796/1842/1796 220/220/220 222/222/222 
f 1796/1842/1796 1797/1843/1797 576/576/576 
f 1205/1210/1205 1798/1844/1798 1799/1845/1799 
f 1800/1846/1800 1709/1847/1709 745/745/745 
f 1391/1408/1391 1390/1407/1390 1801/1848/1801 
f 768/768/768 1344/1361/1344 769/769/769 
f 1802/1849/1802 1306/1318/1306 1803/1850/1803 
f 309/309/309 308/308/308 456/456/456 
f 1804/1851/1804 582/582/582 1805/1852/1805 
f 1806/1853/1806 1807/1854/1807 1152/1153/1152 
f 1808/1855/1808 423/423/423 1809/1856/1809 
f 1810/1857/1810 1310/1322/1310 1811/1858/1811 
f 1812/1859/1812 1813/1860/1813 1814/1861/1814 
f 1815/1862/1815 979/979/979 978/978/978 
f 749/749/749 1389/1406/1389 1388/1405/1388 
f 1133/1134/1133 1132/1133/1132 1816/1863/1816 
f 1817/1864/1817 1688/1723/1688 1818/1865/1818 
f 1819/1866/1819 1820/1867/1820 1596/1868/1596 
f 1106/1107/1106 1821/1869/1821 1107/1108/1107 
f 1822/1870/1822 1823/1871/1823 1824/1872/1824 
f 1081/1081/1081 1825/1873/1825 1826/1874/1826 
f 1827/1875/1827 1828/1876/1828 1482/1503/1482 
f 651/651/651 91/91/91 652/652/652 
f 893/893/893 652/652/652 1829/1877/1829 
f 1830/1878/1830 1831/1879/1831 1832/1880/1832 
f 1833/1881/1833 1831/1879/1831 1830/1878/1830 
f 1834/1882/1834 1835/1883/1835 1836/1884/1836 
f 1837/1885/1837 1726/1768/1726 929/929/929 
f 19/19/19 982/982/982 20/20/20 
f 808/808/808 805/805/805 20/20/20 
f 237/237/237 239/239/239 393/393/393 
f 1838/1886/1838 1839/1887/1839 1017/1017/1017 
f 1840/1888/1840 1412/1889/1412 1841/1890/1841 
f 1703/1740/1703 1157/1158/1157 1156/1157/1156 
f 1842/1891/1842 153/153/153 602/602/602 
f 1479/1500/1479 700/700/700 1480/1501/1480 
f 1185/1190/1185 1184/1189/1184 1843/1892/1843 
f 1844/1893/1844 1137/1138/1137 1845/1894/1845 
f 1325/1337/1325 1846/1895/1846 1319/1896/1319 
f 1847/1897/1847 1848/1898/1848 1849/1899/1849 
f 1220/1900/1220 1850/1901/1850 1851/1902/1851 
f 1852/1903/1852 751/1904/751 1853/1905/1853 
f 1854/1906/1854 1855/1907/1855 581/581/581 
f 1200/1908/1200 1199/1909/1199 1856/1910/1856 
f 1857/1911/1857 802/802/802 801/801/801 
f 1287/1296/1287 391/391/391 1288/1297/1288 
f 959/959/959 1858/1912/1858 1859/1913/1859 
f 1860/1914/1860 1375/1392/1375 1038/1915/1038 
f 1861/1916/1861 314/314/314 313/313/313 
f 1862/1917/1862 1863/1918/1863 913/913/913 
f 1864/1919/1864 1865/1920/1865 1866/1921/1866 
f 1431/1922/1431 1867/1923/1867 1433/1453/1433 
f 1101/1924/1101 1103/1925/1103 1868/1926/1868 
f 1869/1927/1869 1870/1928/1870 307/307/307 
f 1444/1464/1444 816/816/816 1871/1929/1871 
f 1245/1250/1245 520/520/520 1872/1930/1872 
f 703/703/703 705/705/705 1873/1931/1873 
f 1874/1932/1874 1407/1424/1407 1875/1933/1875 
f 380/380/380 379/379/379 1876/1934/1876 
f 1877/1935/1877 1878/1936/1878 1879/1937/1879 
f 1880/1938/1880 1881/1939/1881 1882/1940/1882 
f 1883/1941/1883 333/333/333 335/335/335 
f 1227/1232/1227 1226/1231/1226 1884/1942/1884 
f 890/890/890 1885/1943/1885 1886/1944/1886 
f 47/47/47 500/500/500 1887/1945/1887 
f 781/781/781 508/508/508 507/507/507 
f 811/811/811 1888/1946/1888 812/812/812 
f 1092/1947/1092 1094/1948/1094 1889/1949/1889 
f 373/373/373 1890/1950/1890 372/372/372 
f 1797/1843/1797 1891/1951/1891 576/576/576 
f 980/980/980 979/979/979 1892/1952/1892 
f 1893/1953/1893 216/216/216 1894/1954/1894 
f 1895/1955/1895 1896/1956/1896 1897/1957/1897 
f 1439/1459/1439 1898/1958/1898 1437/1457/1437 
f 1899/1959/1899 1900/1960/1900 1811/1858/1811 
f 810/810/810 288/288/288 287/287/287 
f 1901/1961/1901 1902/1962/1902 1903/1963/1903 
f 1904/1964/1904 1905/1965/1905 1906/1966/1906 
f 1907/1967/1907 1908/1968/1908 1909/1969/1909 
f 1909/1969/1909 1908/1968/1908 164/164/164 
f 1910/1970/1910 1911/1971/1911 77/77/77 
f 13/13/13 15/15/15 77/77/77 
f 1419/1534/1419 1912/1972/1912 909/909/909 
f 202/202/202 201/201/201 1416/1677/1416 
f 1913/1973/1913 1337/1351/1337 1338/1352/1338 
f 1914/1974/1914 1915/1975/1915 1916/1976/1916 
f 304/304/304 306/306/306 1105/1106/1105 
f 593/593/593 1917/1977/1917 591/591/591 
f 1918/1978/1918 1919/1979/1919 1027/1027/1027 
f 1920/1980/1920 1921/1981/1921 1922/1982/1922 
f 869/869/869 61/61/61 870/870/870 
f 869/869/869 920/920/920 522/522/522 
f 627/627/627 1923/1983/1923 628/628/628 
f 1329/1343/1329 820/820/820 819/819/819 
f 224/224/224 1924/1984/1924 1925/1985/1925 
f 1926/1986/1926 1927/1987/1927 1098/1988/1098 
f 1015/1015/1015 1014/1014/1014 1928/1989/1928 
f 1281/1290/1281 1280/1289/1280 1929/1990/1929 
f 1930/1991/1930 1931/1992/1931 1932/1993/1932 
f 1933/1994/1933 1508/1531/1508 1934/1995/1934 
f 1935/1996/1935 1485/1508/1485 1936/1997/1936 
f 1937/1998/1937 752/752/752 1938/1999/1938 
f 1836/1884/1836 1939/2000/1939 1940/2001/1940 
f 1941/2002/1941 1635/1661/1635 1942/2003/1942 
f 1609/1635/1609 1611/1637/1611 1943/2004/1943 
f 1944/2005/1944 1945/2006/1945 865/2007/865 
f 1946/2008/1946 1947/2009/1947 1948/2010/1948 
f 1949/2011/1949 1950/2012/1950 191/191/191 
f 939/939/939 1259/2013/1259 1261/2014/1261 
f 1951/2015/1951 572/572/572 1952/2016/1952 
f 1517/1541/1517 757/757/757 552/552/552 
f 1953/2017/1953 1954/2018/1954 1955/2019/1955 
f 1956/2020/1956 1957/2021/1957 1958/2022/1958 
f 1886/1944/1886 1957/2021/1957 1956/2020/1956 
f 1072/1072/1072 1959/2023/1959 1070/1070/1070 
f 554/554/554 1960/2024/1960 1961/2025/1961 
f 1962/2026/1962 1963/2027/1963 1964/2028/1964 
f 1065/1065/1065 1552/1577/1552 1066/1066/1066 
f 1965/2029/1965 1966/2030/1966 1624/2031/1624 
f 1967/2032/1967 844/844/844 843/843/843 
f 1968/2033/1968 1969/2034/1969 1970/2035/1970 
f 1971/2036/1971 1972/2037/1972 1973/2038/1973 
f 29/29/29 518/518/518 1974/2039/1974 
f 1645/1674/1645 87/87/87 86/86/86 
f 1188/1193/1188 1975/2040/1975 1976/2041/1976 
f 1977/2042/1977 1978/2043/1978 1979/2044/1979 
f 119/119/119 1980/2045/1980 565/565/565 
f 374/374/374 376/376/376 1091/1091/1091 
f 1981/2046/1981 27/27/27 770/770/770 
f 419/419/419 27/27/27 26/26/26 
f 1982/2047/1982 1983/2048/1983 1024/1024/1024 
f 240/240/240 373/373/373 241/241/241 
f 218/218/218 1882/1940/1882 1881/1939/1881 
f 35/35/35 218/218/218 36/36/36 
f 1984/2049/1984 1951/2015/1951 1952/2016/1952 
f 1984/2049/1984 1985/2050/1985 1986/2051/1986 
f 120/120/120 1373/1390/1373 1987/2052/1987 
f 1987/2052/1987 121/121/121 120/120/120 
f 1523/1547/1523 1522/1546/1522 1988/2053/1988 
f 1050/1050/1050 1989/2054/1989 1988/2053/1988 
f 1146/1147/1146 1990/2055/1990 1991/2056/1991 
f 150/150/150 1097/1098/1097 1992/2057/1992 
f 214/214/214 63/63/63 62/62/62 
f 1993/2058/1993 1113/1114/1113 1994/2059/1994 
f 1324/1336/1324 671/671/671 670/670/670 
f 1995/2060/1995 352/352/352 354/354/354 
f 767/767/767 9/9/9 8/8/8 
f 1996/2061/1996 969/969/969 1997/2062/1997 
f 1316/1328/1316 1847/2063/1847 1314/1326/1314 
f 1010/1174/1010 1171/1176/1171 1998/2064/1998 
f 1936/2065/1936 905/905/905 1999/2066/1999 
f 2000/2067/2000 1222/1227/1222 2001/2068/2001 
f 985/2069/985 2002/2070/2002 2003/2071/2003 
f 2004/2072/2004 984/984/984 2005/2073/2005 
f 1878/1936/1878 1877/1935/1877 1175/1180/1175 
f 304/304/304 1104/1105/1104 2006/2074/2006 
f 43/43/43 2007/2075/2007 2008/2076/2008 
f 97/97/97 96/96/96 2009/2077/2009 
f 1587/1612/1587 2010/2078/2010 1586/1611/1586 
f 2011/2079/2011 2012/2080/2012 2013/2081/2013 
f 780/780/780 1300/1312/1300 778/778/778 
f 780/780/780 204/204/204 205/205/205 
f 2014/2082/2014 2015/2083/2015 1367/1384/1367 
f 2016/2084/2016 380/380/380 1876/1934/1876 
f 122/122/122 527/527/527 2017/2085/2017 
f 2018/2086/2018 829/829/829 828/828/828 
f 430/430/430 429/429/429 1355/2087/1355 
f 822/822/822 2019/2088/2019 820/820/820 
f 2020/2089/2020 2021/2090/2021 2022/2091/2022 
f 1576/1601/1576 198/198/198 200/200/200 
f 2023/2092/2023 2024/2093/2024 2025/2094/2025 
f 2026/2095/2026 1054/1054/1054 2027/2096/2027 
f 2028/2097/2028 906/906/906 1484/2098/1484 
f 2029/2099/2029 2030/2100/2030 1197/1202/1197 
f 1767/1810/1767 568/568/568 1768/1811/1768 
f 2031/2101/2031 2032/2102/2032 873/873/873 
f 2033/2103/2033 2034/2104/2034 2035/2105/2035 
f 1339/1355/1339 931/1354/931 2036/2106/2036 
f 840/840/840 779/779/779 841/841/841 
f 362/362/362 949/949/949 948/948/948 
f 2037/2107/2037 2038/2108/2038 1441/1461/1441 
f 2039/2109/2039 2037/2107/2037 2040/2110/2040 
f 2041/2111/2041 2042/2112/2042 2043/2113/2043 
f 2044/2114/2044 2045/2115/2045 1325/1337/1325 
f 595/595/595 1893/1953/1893 2046/2116/2046 
f 461/461/461 460/460/460 1111/1112/1111 
f 2047/2117/2047 273/273/273 1425/1445/1425 
f 2048/2118/2048 2049/2119/2049 2050/2120/2050 
f 320/320/320 2051/2121/2051 318/318/318 
f 2051/2121/2051 2052/2122/2052 896/896/896 
f 555/555/555 2053/2123/2053 553/553/553 
f 1/1/1 761/761/761 498/498/498 
f 972/972/972 971/971/971 1254/1261/1254 
f 148/148/148 2054/2124/2054 2055/2125/2055 
f 2056/2126/2056 2057/2127/2057 342/342/342 
f 342/342/342 2057/2127/2057 2058/2128/2058 
f 2059/2129/2059 1269/1276/1269 2060/2130/2060 
f 2061/2131/2061 302/302/302 301/301/301 
f 2062/2132/2062 1833/1881/1833 1830/1878/1830 
f 2063/2133/2063 2064/2134/2064 158/158/158 
f 1413/1433/1413 371/371/371 2065/2135/2065 
f 2066/2136/2066 827/827/827 829/829/829 
f 556/556/556 558/558/558 2067/2137/2067 
f 2068/2138/2068 1456/1476/1456 1455/1475/1455 
f 536/536/536 2069/2139/2069 1422/1442/1422 
f 536/536/536 997/997/997 996/996/996 
f 2070/2140/2070 2071/2141/2071 2072/2142/2072 
f 2073/2143/2073 2070/2140/2070 2072/2142/2072 
f 1193/1198/1193 2074/2144/2074 161/161/161 
f 2075/2145/2075 2074/2144/2074 2076/2146/2076 
f 2077/2147/2077 2078/2148/2078 2079/2149/2079 
f 711/711/711 710/710/710 1273/1666/1273 
f 2080/2150/2080 193/193/193 469/469/469 
f 1228/2151/1228 1230/2152/1230 922/922/922 
f 627/627/627 440/440/440 2081/2153/2081 
f 438/438/438 440/440/440 630/630/630 
f 255/255/255 2082/2154/2082 253/253/253 
f 845/845/845 444/444/444 446/446/446 
f 98/98/98 305/305/305 99/99/99 
f 1559/1584/1559 99/99/99 2083/2155/2083 
f 511/511/511 510/510/510 2084/2156/2084 
f 487/487/487 781/781/781 511/511/511 
f 24/24/24 270/270/270 22/22/22 
f 1006/1006/1006 731/731/731 730/730/730 
f 269/269/269 535/535/535 22/22/22 
f 2085/2157/2085 2086/2158/2086 928/928/928 
f 1711/1749/1711 1710/1748/1710 2087/2159/2087 
f 2087/2159/2087 44/44/44 1224/1229/1224 
f 1037/1037/1037 2088/2160/2088 2089/2161/2089 
f 2090/2162/2090 2091/2163/2091 650/650/650 
f 2092/2164/2092 2093/2165/2093 2075/2145/2075 
f 2092/2164/2092 2094/2166/2094 2093/2165/2093 
f 2095/2167/2095 1288/1297/1288 37/37/37 
f 37/37/37 1288/1297/1288 736/736/736 
f 1875/2168/1875 2096/2169/2096 1874/2170/1874 
f 2097/2171/2097 2098/2172/2098 548/548/548 
f 1633/1659/1633 2099/2173/2099 1634/2174/1634 
f 2099/2173/2099 2100/2175/2100 2101/2176/2101 
f 1729/2177/1729 2102/2178/2102 1730/2179/1730 
f 2103/2180/2103 1686/1721/1686 2104/2181/2104 
f 1057/2182/1057 1058/2183/1058 2105/2184/2105 
f 1382/1681/1382 1651/1683/1651 2106/2185/2106 
f 69/69/69 842/842/842 841/841/841 
f 1301/1313/1301 69/69/69 841/841/841 
f 2107/2186/2107 817/817/817 816/816/816 
f 1443/1463/1443 1342/1358/1342 2107/2186/2107 
f 1247/1252/1247 2108/2187/2108 2109/2188/2109 
f 1246/1251/1246 560/560/560 2110/2189/2110 
f 2111/2190/2111 2112/2191/2112 2113/2192/2113 
f 1268/1275/1268 2114/2193/2114 1266/1273/1266 
f 1294/2194/1294 2115/2195/2115 2116/2196/2116 
f 2117/2197/2117 2115/2195/2115 1294/2194/1294 
f 2118/2198/2118 2119/2199/2119 1344/2200/1344 
f 975/975/975 1907/2201/1907 1641/1670/1641 
f 1595/2202/1595 1819/1866/1819 1596/1868/1596 
f 1598/2203/1598 2120/2204/2120 2121/2205/2121 
f 539/539/539 538/538/538 2122/2206/2122 
f 25/25/25 1313/1325/1313 2123/2207/2123 
f 2124/2208/2124 1606/1698/1606 2125/2209/2125 
f 365/365/365 2124/2208/2124 2126/2210/2126 
f 488/488/488 655/655/655 2127/2211/2127 
f 207/207/207 2128/2212/2128 657/657/657 
f 2129/2213/2129 2130/2214/2130 1454/1474/1454 
f 2131/2215/2131 2132/2216/2132 2129/2213/2129 
f 2133/2217/2133 2134/2218/2134 2135/2219/2135 
f 2133/2217/2133 111/111/111 110/110/110 
f 1194/1199/1194 520/520/520 231/231/231 
f 1194/1199/1194 667/667/667 666/666/666 
f 1681/2220/1681 529/529/529 1679/2221/1679 
f 1459/1479/1459 2136/2222/2136 2063/2223/2063 
f 2137/2224/2137 2138/2225/2138 2139/2226/2139 
f 2140/2227/2140 2141/2228/2141 1244/2229/1244 
f 2142/2230/2142 1328/1341/1328 2143/2231/2143 
f 786/786/786 2144/2232/2144 2145/2233/2145 
f 2146/2234/2146 2147/2235/2147 2148/2236/2148 
f 1021/1021/1021 2149/2237/2149 1019/1019/1019 
f 418/418/418 1033/1033/1033 419/419/419 
f 1033/1033/1033 418/418/418 2150/2238/2150 
f 62/62/62 2151/2239/2151 214/214/214 
f 2152/2240/2152 2153/2241/2153 853/853/853 
f 414/414/414 1486/1509/1486 2154/2242/2154 
f 1486/1509/1486 1487/1510/1487 2154/2242/2154 
f 2155/2243/2155 782/782/782 196/196/196 
f 920/920/920 2156/2244/2156 2157/2245/2157 
f 426/426/426 2158/2246/2158 2159/2247/2159 
f 2160/2248/2160 2155/2243/2155 426/426/426 
f 1327/1339/1327 2161/2249/2161 1328/1341/1328 
f 1986/2051/1986 2162/2250/2162 2163/2251/2163 
f 1252/1257/1252 2073/2143/2073 1250/1255/1250 
f 483/483/483 485/485/485 2164/2252/2164 
f 559/559/559 561/561/561 1403/1420/1403 
f 561/561/561 190/190/190 1403/1420/1403 
f 1610/1636/1610 2165/2253/2165 1608/1634/1608 
f 2165/2253/2165 2166/2254/2166 1608/1634/1608 
f 1508/1531/1508 2167/2255/2167 1509/1532/1509 
f 2168/2256/2168 575/575/575 574/574/574 
f 2169/2257/2169 1410/1427/1410 1409/1426/1409 
f 2170/2258/2170 1531/1555/1531 1533/1557/1533 
f 482/482/482 983/983/983 484/484/484 
f 983/983/983 478/478/478 477/477/477 
f 2171/2259/2171 1660/1692/1660 1776/2260/1776 
f 739/739/739 2172/2261/2172 2173/2262/2173 
f 2174/2263/2174 2138/2225/2138 2137/2224/2137 
f 1285/1294/1285 2138/2225/2138 1286/1295/1286 
f 2175/2264/2175 1794/2265/1794 2176/2266/2176 
f 2177/2267/2177 2175/2264/2175 2176/2266/2176 
f 1028/1028/1028 1824/1872/1824 2178/2268/2178 
f 1496/1519/1496 2179/2269/2179 1494/1517/1494 
f 2180/2270/2180 2181/2271/2181 2182/2272/2182 
f 2183/2273/2183 1590/1615/1590 2181/2271/2181 
f 2184/2274/2184 2185/2275/2185 1048/1048/1048 
f 2185/2275/2185 2186/2276/2186 500/500/500 
f 2187/2277/2187 858/858/858 857/857/857 
f 318/318/318 345/345/345 2188/2278/2188 
f 1574/1599/1574 1573/1598/1573 1602/2279/1602 
f 2189/2280/2189 1571/1596/1571 2190/2281/2190 
f 445/445/445 879/879/879 2191/2282/2191 
f 113/113/113 877/877/877 114/114/114 
f 2192/2283/2192 1583/1608/1583 2193/2284/2193 
f 2194/2285/2194 2195/2286/2195 2196/2287/2196 
f 726/726/726 2197/2288/2197 1529/1553/1529 
f 2198/2289/2198 2199/2290/2199 1468/1488/1468 
f 1637/2291/1637 2200/2292/2200 1636/2293/1636 
f 1718/1758/1718 1304/1316/1304 2201/2294/2201 
f 1691/1726/1691 377/377/377 246/246/246 
f 2202/2295/2202 1691/1726/1691 1499/1522/1499 
f 1516/1540/1516 757/757/757 1517/1541/1517 
f 2203/2296/2203 208/208/208 207/207/207 
f 1295/1307/1295 2204/2297/2204 1296/1308/1296 
f 2204/2297/2204 674/674/674 673/673/673 
f 1927/1987/1927 2205/2298/2205 2206/2299/2206 
f 2207/2300/2207 2208/2301/2208 2209/2302/2209 
f 1077/1077/1077 2210/2303/2210 872/872/872 
f 2211/2304/2211 2212/2305/2212 2210/2303/2210 
f 2213/2306/2213 1199/1909/1199 1203/1208/1203 
f 2214/2307/2214 2215/2308/2215 2216/2309/2216 
f 2217/2310/2217 651/1159/651 1158/1161/1158 
f 648/648/648 1453/1473/1453 2218/2311/2218 
f 112/112/112 2219/2312/2219 110/110/110 
f 2219/2312/2219 549/549/549 551/551/551 
f 921/921/921 2220/2313/2220 695/695/695 
f 213/213/213 199/199/199 198/198/198 
f 934/2314/934 2057/2127/2057 2056/2126/2056 
f 2221/2315/2221 2222/2316/2222 2223/2317/2223 
f 2002/2070/2002 2004/2318/2004 2224/2319/2224 
f 424/424/424 2225/2320/2225 1234/1239/1234 
f 887/887/887 1698/2321/1698 2226/2322/2226 
f 1086/1086/1086 2227/2323/2227 1612/1638/1612 
f 2228/2324/2228 275/275/275 2229/2325/2229 
f 275/275/275 1056/1056/1056 2229/2325/2229 
f 2230/2326/2230 999/999/999 1162/1165/1162 
f 1370/1387/1370 1163/1166/1163 2231/2327/2231 
f 2232/2328/2232 1864/1919/1864 2233/2329/2233 
f 245/245/245 2234/2330/2234 246/246/246 
f 1661/2331/1661 2235/2332/2235 1140/1141/1140 
f 1573/1598/1573 2236/2333/2236 1602/2279/1602 
f 1770/1815/1770 2237/2334/2237 1657/1813/1657 
f 1265/1272/1265 1773/2335/1773 1772/2336/1772 
f 67/67/67 494/494/494 493/493/493 
f 2238/2337/2238 2239/2338/2239 2240/2339/2240 
f 2241/2340/2241 917/917/917 916/916/916 
f 1861/2341/1861 313/2342/313 581/581/581 
f 2222/2343/2222 2242/2344/2242 2243/2345/2243 
f 1752/1794/1752 1754/1796/1754 2244/2346/2244 
f 2245/2347/2245 643/643/643 1448/1468/1448 
f 439/439/439 2245/2347/2245 440/440/440 
f 1248/1253/1248 2246/2348/2246 1249/1254/1249 
f 1758/1800/1758 1757/1799/1757 2247/2349/2247 
f 612/612/612 2248/2350/2248 610/610/610 
f 1982/2047/1982 2249/2351/2249 1026/1026/1026 
f 1697/1733/1697 2250/2352/2250 2251/2353/2251 
f 1616/2354/1616 193/193/193 2080/2150/2080 
f 2252/2355/2252 2253/2356/2253 2254/2357/2254 
f 2153/2241/2153 2254/2357/2254 2253/2356/2253 
f 393/393/393 392/392/392 237/237/237 
f 788/788/788 1257/1264/1257 787/787/787 
f 2255/2358/2255 2256/2359/2256 1359/1376/1359 
f 2257/2360/2257 2258/2361/2258 2255/2358/2255 
f 2259/2362/2259 2260/2363/2260 2261/2364/2261 
f 2259/2362/2259 2261/2364/2261 2262/2365/2262 
f 2263/2366/2263 2264/2367/2264 225/225/225 
f 2263/2366/2263 1503/1526/1503 2265/2368/2265 
f 1219/1224/1219 1221/1226/1221 2266/2369/2266 
f 1388/1405/1388 1387/1404/1387 1385/1402/1385 
f 2013/2081/2013 1362/1379/1362 1364/1381/1364 
f 114/114/114 877/877/877 139/139/139 
f 1567/1592/1567 2267/2370/2267 1565/1590/1565 
f 2177/2267/2177 854/854/854 1561/1586/1561 
f 1708/1746/1708 2268/2371/2268 1709/1747/1709 
f 748/748/748 747/747/747 2269/2372/2269 
f 364/364/364 363/363/363 357/357/357 
f 950/950/950 364/364/364 952/952/952 
f 28/28/28 30/30/30 2270/2373/2270 
f 28/28/28 2271/2374/2271 715/715/715 
f 388/388/388 524/524/524 1450/1470/1450 
f 1196/1201/1196 1450/1470/1450 2272/2375/2272 
f 669/669/669 353/353/353 2273/2376/2273 
f 278/278/278 669/669/669 383/383/383 
f 2274/2377/2274 1184/2378/1184 1186/2379/1186 
f 2275/2380/2275 1134/1135/1134 1136/1137/1136 
f 2276/2381/2276 2120/2204/2120 1598/2203/1598 
f 2277/2382/2277 1242/1247/1242 2278/2383/2278 
f 1527/1551/1527 1526/1550/1526 1530/1554/1530 
f 2279/2384/2279 506/506/506 1526/1550/1526 
f 965/965/965 613/613/613 966/966/966 
f 253/253/253 2280/2385/2280 254/254/254 
f 1355/2087/1355 1354/2386/1354 430/430/430 
f 1734/1776/1734 2281/2387/2281 1732/1774/1732 
f 2282/2388/2282 1866/1921/1866 1431/1922/1431 
f 2283/2389/2283 2239/2338/2239 2238/2337/2238 
f 1243/1248/1243 2284/2390/2284 2285/2391/2285 
f 2285/2392/2285 2286/2393/2286 2287/2394/2287 
f 1989/2054/1989 2288/2395/2288 1988/2053/1988 
f 285/285/285 284/284/284 2288/2395/2288 
f 963/963/963 2289/2396/2289 2116/2196/2116 
f 2290/2397/2290 2291/2398/2291 1210/1215/1210 
f 2292/2399/2292 1154/1155/1154 1155/1156/1155 
f 1154/1155/1154 2292/2399/2292 1705/1742/1705 
f 357/357/357 672/672/672 2293/2400/2293 
f 2293/2400/2293 2294/2401/2294 1848/1898/1848 
f 1549/2402/1549 2295/2403/2295 1037/1037/1037 
f 1550/2404/1550 1549/2402/1549 2296/2405/2296 
f 1135/1136/1135 661/661/661 663/663/663 
f 148/148/148 2055/2125/2055 970/970/970 
f 2006/2406/2006 1104/2407/1104 2297/2408/2297 
f 2298/2409/2298 1101/1924/1101 1868/1926/1868 
f 140/140/140 2299/2410/2299 310/310/310 
f 879/879/879 878/878/878 2191/2282/2191 
f 1461/1481/1461 382/382/382 2300/2411/2300 
f 763/763/763 2301/2412/2301 382/382/382 
f 995/995/995 2145/2233/2145 2144/2232/2144 
f 330/330/330 2302/2413/2302 1628/1654/1628 
f 2303/2414/2303 2244/2346/2244 1754/1796/1754 
f 1423/1443/1423 2304/2415/2304 1755/1797/1755 
f 2305/2416/2305 526/526/526 2306/2417/2306 
f 526/526/526 525/525/525 1079/1079/1079 
f 1117/1118/1117 1121/1122/1121 1118/1119/1118 
f 1121/1122/1121 2307/2418/2307 181/181/181 
f 2308/2419/2308 1895/1955/1895 2309/2420/2309 
f 823/823/823 505/505/505 504/504/504 
f 159/159/159 2310/2421/2310 2311/2422/2311 
f 2312/2423/2312 2313/2424/2313 2311/2422/2311 
f 1818/2425/1818 2314/2426/2314 2315/2427/2315 
f 2316/2428/2316 1182/1187/1182 2317/2429/2317 
f 422/422/422 1682/2430/1682 420/420/420 
f 2318/2431/2318 2319/2432/2319 864/864/864 
f 1032/1032/1032 1031/1031/1031 465/465/465 
f 2320/2433/2320 1498/1521/1498 1496/1519/1496 
f 2321/2434/2321 2322/2435/2322 2323/2436/2323 
f 2321/2434/2321 1500/1523/1500 1499/1522/1499 
f 1742/1784/1742 1334/1348/1334 2324/2437/2324 
f 2325/2438/2325 802/802/802 2324/2437/2324 
f 795/795/795 797/797/797 1596/1621/1596 
f 2326/2439/2326 2327/2440/2327 2315/2427/2315 
f 2328/2441/2328 2329/2442/2329 1036/1036/1036 
f 417/417/417 316/316/316 88/88/88 
f 2330/2443/2330 2331/2444/2331 2332/2445/2332 
f 1042/2446/1042 1041/2447/1041 2332/2445/2332 
f 1535/1559/1535 1534/1558/1534 2333/2448/2333 
f 1965/2029/1965 776/776/776 250/250/250 
f 564/564/564 1213/1218/1213 119/119/119 
f 1213/1218/1213 1040/1040/1040 119/119/119 
f 606/2449/606 2334/2450/2334 2049/2119/2049 
f 606/606/606 1586/1611/1586 2335/2451/2335 
f 2336/2452/2336 2337/2453/2337 2338/2454/2338 
f 2336/2452/2336 2338/2454/2338 1997/2062/1997 
f 2339/2455/2339 980/980/980 1570/2456/1570 
f 1565/2457/1565 2267/2458/2267 2340/2459/2340 
f 2341/2460/2341 2342/2461/2342 1067/1504/1067 
f 332/332/332 1963/2462/1963 1962/2463/1962 
f 507/507/507 1100/1101/1100 742/742/742 
f 742/742/742 741/741/741 507/507/507 
f 1185/1190/1185 1731/1773/1731 1186/1191/1186 
f 2343/2464/2343 1466/1486/1466 1463/1483/1463 
f 1740/1782/1740 125/125/125 1738/1780/1738 
f 2168/2256/2168 2344/2465/2344 1740/1782/1740 
f 155/155/155 459/459/459 1000/1000/1000 
f 459/459/459 851/851/851 848/848/848 
f 2345/2466/2345 2346/2467/2346 2347/2468/2347 
f 2348/2469/2348 1741/2470/1741 2349/2471/2349 
f 2350/2472/2350 1713/1753/1713 1715/1755/1715 
f 501/501/501 502/502/502 2351/2473/2351 
f 2352/2474/2352 1725/1766/1725 694/694/694 
f 2352/2474/2352 694/694/694 693/693/693 
f 2353/2475/2353 1808/1855/1808 2354/2476/2354 
f 987/2477/987 680/680/680 1682/1717/1682 
f 843/843/843 2355/2478/2355 1967/2032/1967 
f 448/448/448 1470/1490/1470 446/446/446 
f 2356/2479/2356 1545/1570/1545 1785/1830/1785 
f 1090/1090/1090 2356/2479/2356 813/813/813 
f 2357/2480/2357 2358/2481/2358 395/395/395 
f 395/395/395 2358/2481/2358 396/396/396 
f 238/238/238 1241/1246/1241 1242/1247/1242 
f 2359/2482/2359 1582/1607/1582 2360/2483/2360 
f 1876/2484/1876 2361/2485/2361 2016/2486/2016 
f 1002/1002/1002 1001/1001/1001 2362/2487/2362 
f 2363/2488/2363 1389/1406/1389 540/540/540 
f 282/282/282 2363/2488/2363 1051/1051/1051 
f 2319/2432/2319 2318/2431/2318 1477/1498/1477 
f 1063/1063/1063 1062/1062/1062 2364/2489/2364 
f 537/537/537 1781/1826/1781 996/996/996 
f 2365/2490/2365 1338/1352/1338 265/265/265 
f 1518/1542/1518 1515/1539/1515 2366/2491/2366 
f 2366/2492/2366 2367/2493/2367 1960/2024/1960 
f 135/135/135 880/880/880 1435/1455/1435 
f 133/133/133 132/132/132 1380/1397/1380 
f 2368/2494/2368 1013/1013/1013 559/559/559 
f 2369/2495/2369 393/393/393 2370/2496/2370 
f 834/834/834 2371/2497/2371 2372/2498/2372 
f 2373/2499/2373 2374/2500/2374 2375/2501/2375 
f 175/175/175 2376/2502/2376 176/176/176 
f 1554/1579/1554 1083/1083/1083 433/433/433 
f 2377/2503/2377 883/883/883 2378/2504/2378 
f 2377/2503/2377 1606/1632/1606 2379/2505/2379 
f 2380/2506/2380 2381/2507/2381 2382/2508/2382 
f 2383/2509/2383 542/542/542 541/541/541 
f 1727/1769/1727 2384/2510/2384 2385/2511/2385 
f 2386/2512/2386 2385/2511/2385 2384/2510/2384 
f 2387/2513/2387 1584/1609/1584 1583/1608/1583 
f 409/409/409 2388/2514/2388 2010/2078/2010 
f 22/22/22 1781/1826/1781 1783/1828/1783 
f 22/22/22 535/535/535 1781/1826/1781 
f 2389/2515/2389 2390/2516/2390 1702/1739/1702 
f 1006/1006/1006 2391/2517/2391 1005/1005/1005 
f 2392/2518/2392 146/146/146 660/660/660 
f 2392/2518/2392 2102/2178/2102 358/358/358 
f 610/610/610 2393/2519/2393 1827/1875/1827 
f 80/80/80 1481/1502/1481 81/81/81 
f 2308/2520/2308 2394/2521/2394 2395/2522/2395 
f 1441/1461/1441 2038/2108/2038 2396/2523/2396 
f 2030/2100/2030 2029/2099/2029 1335/2524/1335 
f 2348/2469/2348 389/389/389 2397/2525/2397 
f 1514/1538/1514 1954/2018/1954 1953/2017/1953 
f 1092/1092/1092 2398/2526/2398 1093/1093/1093 
f 2131/2215/2131 2399/2527/2399 2132/2216/2132 
f 2399/2528/2399 2400/2529/2400 2401/2530/2401 
f 939/939/939 2402/2531/2402 940/940/940 
f 2402/2531/2402 172/172/172 940/940/940 
f 1676/1711/1676 413/413/413 415/415/415 
f 1674/1709/1674 579/579/579 2403/2532/2403 
f 2296/2405/2296 1801/1848/1801 1550/2404/1550 
f 1034/1034/1034 2404/2533/2404 2405/2534/2405 
f 1747/1789/1747 1749/1791/1749 466/466/466 
f 2406/2535/2406 1615/1641/1615 1085/1085/1085 
f 2407/2536/2407 2408/2537/2408 2409/2538/2409 
f 2407/2536/2407 1995/2060/1995 354/354/354 
f 2095/2167/2095 1289/1298/1289 1288/1297/1288 
f 711/711/711 2410/2539/2410 2411/2540/2411 
f 1733/1775/1733 2262/2365/2262 2261/2364/2261 
f 1088/1088/1088 1775/1820/1775 1087/1087/1087 
f 1063/1063/1063 2412/2541/2412 1064/1064/1064 
f 1943/2004/1943 1611/1637/1611 2413/2542/2413 
f 2414/2543/2414 2415/2544/2415 719/719/719 
f 1074/1074/1074 720/720/720 719/719/719 
f 676/676/676 678/678/678 103/103/103 
f 2331/2444/2331 960/960/960 959/959/959 
f 1457/1477/1457 1459/1479/1459 2063/2223/2063 
f 2416/2545/2416 901/901/901 900/900/900 
f 2417/2546/2417 2418/2547/2418 2419/2548/2419 
f 2420/2549/2420 2421/2550/2421 2422/2551/2422 
f 1714/2552/1714 2423/2553/2423 2424/2554/2424 
f 503/503/503 2023/2555/2023 2025/2556/2025 
f 2425/2557/2425 2286/2393/2286 941/2558/941 
f 2426/2559/2426 1784/1829/1784 1785/1830/1785 
f 614/614/614 613/613/613 2082/2154/2082 
f 1911/1971/1911 2427/2560/2427 546/546/546 
f 2428/2561/2428 2060/2130/2060 2429/2562/2429 
f 1072/1096/1072 1071/2563/1071 1095/1095/1095 
f 2430/2564/2430 248/248/248 249/249/249 
f 842/842/842 2431/2565/2431 1767/1810/1767 
f 2432/2566/2432 2433/2567/2433 2434/2568/2434 
f 1225/1230/1225 2435/2569/2435 663/663/663 
f 1136/1137/1136 2435/2569/2435 2436/2570/2436 
f 1136/1137/1136 2436/2570/2436 2437/2571/2437 
f 328/328/328 1267/1274/1267 1266/1273/1266 
f 327/327/327 451/451/451 328/328/328 
f 295/295/295 1619/1645/1619 296/296/296 
f 1088/1088/1088 1619/1645/1619 1774/1819/1774 
f 1633/1662/1633 1635/1661/1635 2438/2572/2438 
f 2439/2573/2439 2071/2574/2071 732/732/732 
f 2440/2575/2440 42/42/42 41/41/41 
f 1128/1129/1128 1130/1131/1130 2441/2576/2441 
f 1776/1821/1776 510/510/510 509/509/509 
f 1661/2331/1661 1140/1141/1140 1659/2577/1659 
f 2442/2578/2442 2443/2579/2443 2444/2580/2444 
f 1173/1178/1173 2445/2581/2445 1174/1179/1174 
f 832/1431/832 2446/2582/2446 828/828/828 
f 832/832/832 831/831/831 2446/2583/2446 
f 2447/2584/2447 2448/2585/2448 1358/1375/1358 
f 2447/2584/2447 1358/1375/1358 177/177/177 
f 2449/2586/2449 986/986/986 2450/2587/2450 
f 1811/1858/1811 1900/1960/1900 2451/2588/2451 
f 2452/2589/2181 1941/2590/1941 2101/2176/2101 
f 2258/2361/2258 2257/2360/2257 2453/2591/2452 
f 2454/2592/2453 2455/2593/2454 777/777/777 
f 494/494/494 1301/1313/1301 1299/1311/1299 
f 496/496/496 2456/2594/2455 2457/2595/2456 
f 497/497/497 496/496/496 2457/2595/2456 
f 475/475/475 76/76/76 75/75/75 
f 1480/1501/1480 2458/2596/2457 702/702/702 
f 1527/2597/1527 2459/2598/2458 1528/2599/1528 
f 2460/2600/2459 1926/1986/1926 1098/1988/1098 
f 2461/2601/2460 1060/1751/1060 2462/2602/2461 
f 2463/2603/2462 1057/2182/1057 2105/2184/2105 
f 2464/2604/2463 1351/1368/1351 1353/1370/1353 
f 583/583/583 2464/2605/2463 2465/2606/2464 
f 516/516/516 2466/2607/2465 1415/1435/1415 
f 2467/2608/2466 1796/1842/1796 222/222/222 
f 793/793/793 2468/2609/2467 2469/2610/2468 
f 54/54/54 2468/2609/2467 359/359/359 
f 787/787/787 1257/1264/1257 1258/1265/1258 
f 325/325/325 616/616/616 618/618/618 
f 581/581/581 1855/1907/1855 580/580/580 
f 2213/2306/2213 1203/1208/1203 1202/1207/1202 
f 649/649/649 1158/1161/1158 1379/1396/1379 
f 258/258/258 2470/2611/2469 256/256/256 
f 2471/2612/2470 2322/2435/2322 2321/2434/2321 
f 2472/2613/2471 2471/2614/2470 909/909/909 
f 847/847/847 1472/2615/1472 2473/2616/2472 
f 1397/1414/1397 1396/1413/1396 1473/2617/1473 
f 2474/2618/2473 1973/2038/1973 1972/2037/1972 
f 944/944/944 2474/2619/2473 1972/2620/1972 
f 677/677/677 1647/1678/1647 2117/2197/2117 
f 201/201/201 2455/2593/2454 2454/2592/2453 
f 346/346/346 1341/1357/1341 351/351/351 
f 346/346/346 351/351/351 350/350/350 
f 243/243/243 2475/2621/2474 714/714/714 
f 524/524/524 184/184/184 1078/1078/1078 
f 123/123/123 2476/2622/2475 2477/2623/2476 
f 2478/2624/2477 123/123/123 122/122/122 
f 2135/2219/2135 2134/2218/2134 1399/1416/1399 
f 2479/2625/2478 844/844/844 1967/2032/1967 
f 410/410/410 412/412/412 2480/2626/2479 
f 1126/1127/1126 1125/1126/1125 1489/1512/1489 
f 14/14/14 2481/2627/2480 2482/2628/2481 
f 1201/1206/1201 1200/1205/1200 2482/2628/2481 
f 14/14/14 2483/2629/2482 967/967/967 
f 2482/2628/2481 2483/2629/2482 14/14/14 
f 2484/2630/2483 90/90/90 89/89/89 
f 2034/2104/2034 89/2631/89 2035/2105/2035 
f 2200/2292/2200 2485/2632/2484 1636/2293/1636 
f 2347/2468/2347 1331/2633/1331 2345/2466/2345 
f 1422/1442/1422 1421/1441/1421 2486/2634/2485 
f 2487/2635/2486 2488/2636/2487 2489/2637/2488 
f 919/919/919 39/39/39 38/38/38 
f 1883/1941/1883 609/609/609 608/608/608 
f 1912/1972/1912 910/910/910 909/909/909 
f 2490/2638/2489 493/493/493 495/495/495 
f 1621/1647/1621 2491/2639/2490 2492/2640/2491 
f 1621/1647/1621 2492/2640/2491 1622/1648/1622 
f 321/321/321 654/654/654 322/322/322 
f 2493/2641/2492 1521/1545/1521 1520/1544/1520 
f 1668/1703/1668 2494/2642/2493 1669/1704/1669 
f 2494/2642/2493 1921/1981/1921 1920/1980/1920 
f 1821/1869/1821 2495/2643/2494 1107/1108/1107 
f 2495/2644/2494 2496/2645/2495 2497/2646/2496 
f 2498/2647/2497 2499/2648/2498 2500/2649/2499 
f 2501/2650/2500 2502/2651/2501 1577/1602/1577 
f 1929/2652/1929 2503/2653/2502 2504/2654/2503 
f 1281/1290/1281 1929/1990/1929 2504/2655/2503 
f 1280/1289/1280 1282/1291/1282 1073/1073/1073 
f 1759/1801/1759 639/639/639 638/638/638 
f 447/447/447 446/446/446 445/445/445 
f 2505/2656/2504 2506/2657/2505 2507/2658/2506 
f 2508/2659/2507 2020/2089/2020 2509/2660/2508 
f 2509/2660/2508 2510/2661/2509 2508/2659/2507 
f 902/902/902 390/390/390 903/903/903 
f 2511/2662/2510 2512/2663/2511 1483/1505/1483 
f 2513/2664/2512 2514/2665/2513 2515/2666/2514 
f 2516/2667/2515 1188/1193/1188 1187/1192/1187 
f 33/33/33 1890/1950/1890 373/373/373 
f 1982/2047/1982 1026/1026/1026 1983/2048/1983 
f 2517/2668/2516 2518/2669/2517 2519/2670/2518 
f 1655/2671/1655 2520/2672/2519 1770/1815/1770 
f 2521/2673/2520 838/838/838 837/837/837 
f 578/578/578 577/577/577 1541/1566/1541 
f 893/893/893 2522/2674/2521 2523/2675/2522 
f 315/315/315 317/317/317 803/803/803 
f 807/807/807 805/805/805 808/808/808 
f 30/30/30 29/29/29 1393/1410/1393 
f 2042/2112/2042 2524/2676/2523 2408/2537/2408 
f 2409/2677/2409 2044/2114/2044 2407/2678/2407 
f 1673/1708/1673 915/915/915 142/142/142 
f 141/141/141 579/579/579 142/142/142 
f 230/230/230 229/229/229 2525/2679/2524 
f 2141/2680/2141 2526/2681/2525 1244/1249/1244 
f 1094/1948/1094 2527/2682/2526 2528/2683/2527 
f 2528/2683/2527 2527/2682/2526 555/555/555 
f 2529/2684/2528 1264/1271/1264 2530/2685/2529 
f 1265/1272/1265 1264/1271/1264 2529/2684/2528 
f 1615/1641/1615 2531/2686/2530 1616/1642/1616 
f 2532/2687/2531 2531/2686/2530 1615/1641/1615 
f 820/820/820 1329/1343/1329 821/821/821 
f 784/784/784 2533/2688/2532 785/785/785 
f 455/455/455 457/457/457 951/951/951 
f 10/10/10 948/948/948 950/950/950 
f 2534/2689/2533 1831/1879/1831 1833/1881/1833 
f 131/131/131 356/356/356 2534/2689/2533 
f 2535/2690/2534 489/489/489 2536/2691/2535 
f 2535/2690/2534 2537/2692/2536 2538/2693/2537 
f 2009/2077/2009 758/758/758 97/97/97 
f 758/758/758 168/168/168 552/552/552 
f 2125/2209/2125 2126/2210/2126 2124/2208/2124 
f 880/880/880 366/366/366 2539/2694/2538 
f 1985/2050/1985 1984/2049/1984 994/1342/994 
f 991/991/991 990/990/990 2540/2695/2539 
f 1082/1082/1082 1081/1081/1081 1826/1874/1826 
f 2541/2696/2540 2077/2697/2077 2542/2698/2541 
f 585/585/585 587/587/587 1667/1702/1667 
f 465/465/465 1031/1031/1031 463/463/463 
f 2543/2699/2542 1640/1669/1640 1639/1668/1639 
f 189/189/189 191/191/191 685/685/685 
f 1022/1022/1022 2194/2285/2194 836/836/836 
f 1350/1367/1350 836/836/836 2194/2285/2194 
f 2544/2700/2543 2052/2122/2052 2051/2121/2051 
f 90/90/90 2545/2701/2544 2544/2700/2543 
f 1179/1184/1179 1178/1183/1178 1671/1706/1671 
f 1671/1706/1671 620/620/620 622/622/622 
f 2546/2702/2545 2547/2703/2546 1488/1511/1488 
f 1363/1380/1363 2548/2704/2547 1364/1381/1364 
f 2549/2705/2548 548/548/548 2098/2172/2098 
f 1531/1555/1531 2170/2258/2170 2549/2705/2548 
f 2202/2295/2202 675/675/675 562/562/562 
f 675/675/675 117/117/117 116/116/116 
f 2550/2706/2549 632/632/632 1652/1684/1652 
f 882/882/882 2551/2707/2550 883/883/883 
f 2552/2708/2551 1205/1210/1205 1799/1845/1799 
f 1571/1596/1571 1206/2709/1206 2190/2281/2190 
f 314/314/314 2553/2710/2552 410/410/410 
f 1861/1916/1861 2553/2710/2552 314/314/314 
f 1886/1944/1886 2433/2711/2433 2432/2712/2432 
f 2554/2713/2553 1884/2714/1884 887/887/887 
f 1934/1995/1934 2555/2715/2554 1933/1994/1933 
f 217/217/217 1043/1043/1043 1044/1044/1044 
f 2556/2716/2555 1150/2717/1150 1666/1701/1666 
f 2419/2548/2419 1666/1701/1666 2417/2546/2417 
f 2557/2718/2556 2558/2719/2557 2559/2720/2558 
f 616/616/616 1045/1045/1045 2560/2721/2559 
f 2230/2326/2230 1556/1581/1556 1558/1583/1558 
f 2561/2722/2560 2562/2723/2561 381/381/381 
f 98/98/98 2563/2724/2562 2564/2725/2563 
f 100/100/100 2563/2724/2562 98/98/98 
f 167/167/167 166/166/166 1664/1699/1664 
f 1953/2017/1953 2565/2726/2564 2566/2727/2565 
f 2567/2728/2566 1030/1030/1030 1495/1518/1495 
f 2568/2729/2567 1922/2730/1922 1921/2731/1921 
f 2569/2732/2568 2570/2733/2569 1877/1935/1877 
f 2562/2723/2561 2561/2722/2560 2571/2734/2570 
f 862/862/862 1607/1697/1607 1663/1696/1663 
f 2572/2735/2571 2573/2736/2572 2574/2737/2573 
f 103/103/103 102/102/102 2575/2738/2574 
f 1858/1912/1858 1375/1392/1375 2576/2739/2575 
f 1372/2740/1372 1371/1802/1371 1761/1804/1761 
f 1372/2740/1372 2577/2741/2576 1678/1713/1678 
f 2578/2742/2577 409/409/409 2010/2078/2010 
f 2579/2743/2578 2548/2704/2547 607/607/607 
f 2086/2158/2086 735/735/735 1835/1883/1835 
f 929/929/929 1835/1883/1835 1834/1882/1834 
f 2580/2744/2579 291/291/291 348/348/348 
f 2581/2745/2580 1071/1071/1071 1070/1070/1070 
f 1765/1808/1765 2582/2746/2581 128/128/128 
f 1766/1809/1766 1765/1808/1765 128/128/128 
f 2583/2747/2582 2584/2748/2583 1892/1952/1892 
f 598/598/598 2500/2649/2499 2583/2747/2582 
f 1692/1727/1692 377/377/377 2585/2749/2584 
f 2210/2303/2210 2212/2305/2212 2586/2750/2585 
f 1113/1114/1113 1779/1824/1779 1114/1115/1114 
f 1994/2059/1994 1113/1114/1113 2587/2751/2586 
f 925/925/925 1617/1643/1617 923/923/923 
f 469/469/469 923/2752/923 2080/2150/2080 
f 43/43/43 2008/2076/2008 1224/1229/1224 
f 2588/2753/2587 4/4/4 6/6/6 
f 1170/1173/1170 2589/2754/2588 2590/2755/2589 
f 1788/1833/1788 1787/1832/1787 2591/2756/2590 
f 592/592/592 591/591/591 100/100/100 
f 1091/1091/1091 376/376/376 1980/2045/1980 
f 2127/2211/2127 2128/2212/2128 488/488/488 
f 303/303/303 2536/2691/2535 301/301/301 
f 1346/1363/1346 2592/2757/2591 1347/1364/1347 
f 2050/2120/2050 2049/2119/2049 2334/2450/2334 
f 2593/2758/2592 2039/2109/2039 2040/2110/2040 
f 1446/1466/1446 605/605/605 604/604/604 
f 2594/2759/2593 2595/2760/2594 1695/1730/1695 
f 2595/2760/2594 1694/1729/1694 1695/1730/1695 
f 2091/2163/2091 1377/2761/1377 2596/2762/2595 
f 2596/2763/2595 1377/1394/1377 2470/2611/2469 
f 1375/1392/1375 2597/2764/2596 1038/1915/1038 
f 1103/1925/1103 2598/2765/2597 589/589/589 
f 1398/1415/1398 2599/2766/2598 1623/1649/1623 
f 1145/1146/1145 1147/1148/1147 2600/2767/2599 
f 649/649/649 257/257/257 647/647/647 
f 647/647/647 257/257/257 839/839/839 
f 637/637/637 2601/2768/2600 1598/1623/1598 
f 637/637/637 1581/1606/1581 1580/1605/1580 
f 513/513/513 512/512/512 35/35/35 
f 2602/2769/2601 2603/2770/2602 219/219/219 
f 523/523/523 1813/1860/1813 1812/1859/1812 
f 212/212/212 598/598/598 2604/2771/2603 
f 1863/1918/1863 1676/1711/1676 2605/2772/2604 
f 1863/1918/1863 914/914/914 913/913/913 
f 2606/2773/2605 644/644/644 646/646/646 
f 1448/1468/1448 855/855/855 2245/2347/2245 
f 2607/2774/2606 930/930/930 1751/1793/1751 
f 2607/2774/2606 1751/1793/1751 2608/2775/2607 
f 939/939/939 2609/2776/2608 1259/2013/1259 
f 2167/2255/2167 2610/2777/2609 1509/1532/1509 
f 2517/2778/2516 1654/1686/1654 1735/1777/1735 
f 1654/1686/1654 2517/2778/2516 2519/2779/2518 
f 1649/1680/1649 79/79/79 1648/1679/1648 
f 957/957/957 79/79/79 1096/1097/1096 
f 511/511/511 2084/2156/2084 487/487/487 
f 486/486/486 487/487/487 1141/1142/1141 
f 264/264/264 664/664/664 262/262/262 
f 262/262/262 1193/1198/1193 479/479/479 
f 2589/2754/2588 567/567/567 566/566/566 
f 1901/1961/1901 2590/2755/2589 2589/2754/2588 
f 934/934/934 859/859/859 858/858/858 
f 2243/2345/2243 2223/2780/2223 2222/2343/2222 
f 2611/2781/2610 1065/1065/1065 1825/1873/1825 
f 2612/2782/2611 2611/2781/2610 1555/1580/1555 
f 1568/2783/1568 1570/2456/1570 2613/2784/2612 
f 2614/2785/2613 1894/2786/1894 2584/2748/2583 
f 1682/1717/1682 2615/2787/2614 1684/1719/1684 
f 2616/2788/2615 420/420/420 1682/2430/1682 
f 274/274/274 847/847/847 2473/2616/2472 
f 2617/2789/2616 1055/1055/1055 2424/2554/2424 
f 1190/1195/1190 1727/1769/1727 2618/2790/2617 
f 2516/2667/2515 2619/2791/2618 2620/2792/2619 
f 1937/1998/1937 1938/1999/1938 2621/2793/2620 
f 281/281/281 1483/1505/1483 2622/2794/2621 
f 2623/2795/2622 1112/1113/1112 2624/2796/2623 
f 698/698/698 2625/2797/2624 699/699/699 
f 2352/2474/2352 1726/1768/1726 1725/1766/1725 
f 2448/2585/2448 2447/2584/2447 1360/1377/1360 
f 670/670/670 2626/2798/2625 2627/2799/2626 
f 2626/2798/2625 1319/1331/1319 2627/2799/2626 
f 2628/2800/2627 1017/1286/1017 1279/1288/1279 
f 1281/1290/1281 723/723/723 639/639/639 
f 2629/2801/2628 2349/2802/2349 1741/1783/1741 
f 2347/2468/2347 2348/2469/2348 2630/2803/2629 
f 851/851/851 849/849/849 848/848/848 
f 951/951/951 849/849/849 455/455/455 
f 824/824/824 2631/2804/2630 2632/2805/2631 
f 2148/2236/2148 824/824/824 2632/2805/2631 
f 1883/1941/1883 335/335/335 609/609/609 
f 609/609/609 335/335/335 2612/2782/2611 
f 2633/2806/2632 437/437/437 436/436/436 
f 1637/1664/1637 437/437/437 2633/2806/2632 
f 2260/2363/2260 626/626/626 2261/2364/2261 
f 1734/1776/1734 626/626/626 2281/2387/2281 
f 2634/2807/2633 1644/1673/1644 1643/1672/1643 
f 976/976/976 2634/2807/2633 2635/2808/2634 
f 165/165/165 1442/1462/1442 2636/2809/2635 
f 165/165/165 164/164/164 772/772/772 
f 2637/2810/2636 2401/2530/2401 686/686/686 
f 2637/2810/2636 1947/2009/1947 2638/2811/2637 
f 95/95/95 368/368/368 96/96/96 
f 1491/1514/1491 684/684/684 166/166/166 
f 2639/2812/2638 2640/2813/2639 1778/1823/1778 
f 2641/2814/2640 741/741/741 743/743/743 
f 1952/2016/1952 2642/2815/2641 2643/2816/2642 
f 2643/2816/2642 2642/2815/2641 571/571/571 
f 1133/1134/1133 2382/2508/2382 2381/2507/2381 
f 544/544/544 2381/2507/2381 2644/2817/2643 
f 2645/2818/2644 270/270/270 24/24/24 
f 160/160/160 2645/2818/2644 479/479/479 
f 224/224/224 1502/1525/1502 1503/1526/1503 
f 399/399/399 1469/1489/1469 5/5/5 
f 807/807/807 806/806/806 2270/2373/2270 
f 1121/1122/1121 1120/1121/1120 806/806/806 
f 1415/1435/1415 1414/1434/1414 1413/1433/1413 
f 1703/2819/1703 1415/1435/1415 2466/2607/2465 
f 850/850/850 2313/2424/2313 2312/2423/2312 
f 532/532/532 2646/2820/2645 1678/1713/1678 
f 1948/2010/1948 1947/2009/1947 1293/1305/1293 
f 2067/2137/2067 2068/2138/2068 1231/1236/1231 
f 2546/2702/2545 1677/1712/1677 2647/2821/2646 
f 2547/2703/2546 2546/2702/2545 2154/2242/2154 
f 2372/2498/2372 835/835/835 834/834/834 
f 835/835/835 2372/2498/2372 2648/2822/2647 
f 2649/2823/2648 2650/2824/2649 1778/2825/1778 
f 1927/1987/1927 2206/2299/2206 2651/2826/2650 
f 319/319/319 318/318/318 2188/2278/2188 
f 21/21/21 621/621/621 620/620/620 
f 1461/1481/1461 278/278/278 383/383/383 
f 383/383/383 382/382/382 1461/1481/1461 
f 1812/1859/1812 1814/1861/1814 59/59/59 
f 1115/1116/1115 59/59/59 61/61/61 
f 971/971/971 322/322/322 2652/2827/2651 
f 654/654/654 2652/2827/2651 322/322/322 
f 2653/2828/2652 136/136/136 135/135/135 
f 499/499/499 2654/2829/2653 1434/1454/1434 
f 794/794/794 793/793/793 2469/2610/2468 
f 2655/2830/2654 2656/2831/2655 58/58/58 
f 2657/2832/2656 2658/2833/2657 2659/2834/2658 
f 1661/1693/1661 1662/1694/1662 2658/2833/2657 
f 1143/1144/1143 1600/1625/1600 1599/1624/1599 
f 489/489/489 1204/1209/1204 490/490/490 
f 1404/1421/1404 708/708/708 1189/1194/1189 
f 150/150/150 149/149/149 704/704/704 
f 1093/1093/1093 2660/2835/2659 1888/2836/1888 
f 1888/2836/1888 2660/2835/2659 812/2837/812 
f 2564/2725/2563 2563/2724/2562 1917/1977/1917 
f 1039/1039/1039 1103/1104/1103 1102/1103/1102 
f 1320/1332/1320 2661/2838/2660 2662/2839/2661 
f 2337/2453/2337 2336/2452/2336 1314/1326/1314 
f 372/372/372 790/790/790 241/241/241 
f 2017/2085/2017 527/527/527 2663/2840/2662 
f 1733/2841/1733 442/442/442 2262/2842/2262 
f 441/441/441 2262/2842/2262 442/442/442 
f 2192/2283/2192 2193/2284/2193 2664/2843/2663 
f 1346/1363/1346 2665/2844/2664 2195/2286/2195 
f 2376/2502/2376 432/432/432 176/176/176 
f 1291/1300/1291 2095/2167/2095 37/37/37 
f 1015/1015/1015 2666/2845/2665 1013/1013/1013 
f 1013/1013/1013 2666/2845/2665 2667/2846/2666 
f 2668/2847/2667 1767/1810/1767 248/248/248 
f 2031/2101/2031 2668/2848/2667 1695/1730/1695 
f 2669/2849/2668 1210/1215/1210 2670/2850/2669 
f 2671/2851/2670 2116/2196/2116 2289/2396/2289 
f 187/187/187 282/282/282 188/188/188 
f 1050/1050/1050 1988/2053/1988 1522/1546/1522 
f 2118/2198/2118 1344/2200/1344 1390/1407/1390 
f 1344/2200/1344 2672/2852/2671 2673/2853/2672 
f 2537/2692/2536 2535/2690/2534 1709/1847/1709 
f 2537/2854/2536 1709/1747/1709 2674/2855/2673 
f 2675/2856/2674 932/1353/932 1914/1974/1914 
f 1338/1352/1338 2676/2857/2675 1913/1973/1913 
f 2677/2858/2676 1190/1195/1190 2618/2790/2617 
f 954/954/954 2678/2859/2677 953/953/953 
f 492/492/492 1432/1452/1432 491/491/491 
f 1431/1922/1431 1866/1921/1866 1867/1923/1867 
f 181/181/181 2679/2860/2678 2680/2861/2679 
f 2679/2860/2678 181/181/181 2307/2418/2307 
f 2456/2594/2455 171/171/171 2457/2595/2456 
f 171/171/171 2456/2594/2455 169/169/169 
f 2375/2501/2375 408/408/408 2681/2862/2680 
f 408/408/408 2375/2501/2375 2371/2497/2371 
f 2682/2863/2681 2683/2864/2682 2684/2865/2683 
f 2014/2082/2014 2683/2864/2682 2682/2863/2681 
f 2129/2213/2129 1454/1474/1454 467/467/467 
f 2685/2866/2684 467/467/467 466/466/466 
f 157/157/157 130/130/130 129/129/129 
f 1161/1164/1161 1493/1516/1493 157/157/157 
f 544/544/544 2644/2817/2643 545/545/545 
f 2001/2068/2001 1850/1901/1850 2000/2067/2000 
f 1053/1053/1053 502/502/502 115/115/115 
f 115/115/115 114/114/114 826/826/826 
f 1529/2867/1529 2197/2868/2197 2686/2869/2685 
f 727/727/727 1061/1750/1061 1712/1752/1712 
f 1042/1042/1042 2576/2870/2575 2687/2871/2686 
f 1858/1912/1858 2576/2739/2575 1859/1913/1859 
f 2688/2872/2687 438/438/438 1658/1690/1658 
f 1658/1690/1658 1653/1685/1653 1656/1688/1656 
f 49/49/49 662/662/662 386/386/386 
f 192/192/192 884/884/884 2689/2873/2688 
f 2690/2874/2689 2691/2875/2690 2413/2542/2413 
f 2573/2876/2572 2572/2877/2571 2690/2874/2689 
f 269/269/269 2692/2878/2691 535/535/535 
f 2692/2878/2691 927/927/927 693/693/693 
f 1968/2033/1968 1971/2036/1971 1973/2038/1973 
f 2693/2879/2692 1284/1293/1284 2694/2880/2693 
f 166/166/166 425/425/425 1664/1699/1664 
f 1809/1856/1809 681/681/681 680/680/680 
f 2695/2881/2694 1640/1669/1640 2543/2699/2542 
f 2689/2873/2688 2696/2882/2695 2695/2881/2694 
f 1465/1485/1465 1137/1138/1137 1139/1140/1139 
f 890/890/890 1886/1944/1886 1956/2020/1956 
f 2697/2883/2696 1588/1613/1588 1199/1204/1199 
f 2214/2884/2214 953/953/953 2678/2859/2677 
f 2003/2071/2003 2698/2885/2697 985/2069/985 
f 1808/1855/1808 2353/2475/2353 423/423/423 
f 1454/1474/1454 2699/2886/2698 336/336/336 
f 336/336/336 468/468/468 1454/1474/1454 
f 1871/1929/1871 2700/2887/2699 2701/2888/2700 
f 1871/1929/1871 1872/1930/1872 2636/2809/2635 
f 1762/1805/1762 2362/2487/2362 2702/2889/2701 
f 1761/1804/1761 1760/1803/1760 531/531/531 
f 303/303/303 1271/1278/1271 1270/1277/1270 
f 2703/2890/2702 1707/1745/1707 1270/1744/1270 
f 5/5/5 1469/1489/1469 1467/1487/1467 
f 2087/2159/2087 729/729/729 2704/2891/2703 
f 2705/2892/2704 2497/2646/2496 2496/2645/2495 
f 2706/2893/2705 2705/2892/2704 2179/2269/2179 
f 2707/2894/2706 2340/2459/2340 2267/2458/2267 
f 2708/2895/2707 2707/2894/2706 2267/2458/2267 
f 639/639/639 722/722/722 640/640/640 
f 1240/1245/1240 1217/1222/1217 1581/1606/1581 
f 2709/2896/2708 2275/2380/2275 2710/2897/2709 
f 2711/2898/2710 1845/1894/1845 1137/1138/1137 
f 2712/2899/2711 2437/2571/2437 2713/2900/2712 
f 1138/1139/1138 891/891/891 1139/1140/1139 
f 211/211/211 2714/2901/2713 1572/1597/1572 
f 211/211/211 746/746/746 748/748/748 
f 1712/1752/1712 728/728/728 727/727/727 
f 2715/2902/2714 1711/1749/1711 2461/2601/2460 
f 1666/1701/1666 1665/1700/1665 2556/2716/2555 
f 587/587/587 2568/2729/2567 2716/2903/2715 
f 2717/2904/2716 713/713/713 2718/2905/2717 
f 80/80/80 82/82/82 244/244/244 
f 2719/2906/2718 569/569/569 1789/1834/1789 
f 128/128/128 2582/2746/2581 2719/2906/2718 
f 2720/2907/2719 67/67/67 493/493/493 
f 1429/1449/1429 1165/1168/1165 1430/1450/1430 
f 1603/1628/1603 2721/2908/2720 1604/1629/1604 
f 1604/1629/1604 2721/2908/2720 2139/2909/2139 
f 2722/2910/2721 1087/1087/1087 1732/2911/1732 
f 1356/1373/1356 2722/2910/2721 1354/1371/1354 
f 2421/2912/2421 1807/1854/1807 1806/1853/1806 
f 582/2913/582 1352/1369/1352 1351/1368/1351 
f 2723/2914/2722 1819/1866/1819 1595/2202/1595 
f 144/144/144 143/143/143 617/617/617 
f 2283/2389/2283 2724/2915/2723 2239/2338/2239 
f 2282/2388/2282 1166/2916/1166 1866/1921/1866 
f 2333/2448/2333 1534/1558/1534 1965/2029/1965 
f 2599/2766/2598 2333/2917/2333 1623/1649/1623 
f 2725/2918/2724 2726/2919/2725 1933/1994/1933 
f 2727/2920/2726 936/936/936 2167/2921/2167 
f 2207/2300/2207 1539/1563/1539 2728/2922/2727 
f 2729/2923/2728 1100/1101/1100 1099/1100/1099 
f 2103/2924/2103 2730/2925/2729 2316/2428/2316 
f 2731/2926/2730 2102/2178/2102 1729/2177/1729 
f 897/897/897 2732/2927/2731 866/866/866 
f 2733/2928/2732 2732/2927/2731 897/897/897 
f 989/989/989 1308/1320/1308 987/987/987 
f 1563/1588/1563 2734/2929/2733 2735/2930/2734 
f 2736/2931/2735 854/854/854 2177/2267/2177 
f 854/854/854 2736/2931/2735 852/852/852 
f 885/885/885 888/888/888 886/886/886 
f 888/888/888 340/340/340 889/889/889 
f 1632/1658/1632 2737/2932/2736 2100/2175/2100 
f 2737/2932/2736 1632/1658/1632 1631/1657/1631 
f 1900/1960/1900 1899/1959/1899 2738/2933/2737 
f 1900/1960/1900 2738/2933/2737 286/286/286 
f 331/331/331 2739/2934/2738 2740/2935/2739 
f 2342/2461/2342 1963/2462/1963 2740/2935/2739 
f 633/633/633 367/367/367 95/95/95 
f 44/44/44 633/633/633 45/45/45 
f 1891/1951/1891 2741/2936/2740 1890/1950/1890 
f 32/32/32 125/125/125 1891/1951/1891 
f 155/155/155 2742/2937/2741 156/156/156 
f 2570/2733/2569 2569/2732/2568 2743/2938/2742 
f 72/72/72 428/428/428 427/427/427 
f 1352/1369/1352 2744/2939/2743 1618/1644/1618 
f 1045/1045/1045 1689/1724/1689 2560/2721/2559 
f 358/358/358 1685/1720/1685 324/324/324 
f 1130/1131/1130 1129/1130/1129 2745/2940/2744 
f 2382/2508/2382 2745/2940/2744 2380/2506/2380 
f 363/363/363 362/362/362 127/127/127 
f 1008/1008/1008 1626/1652/1626 1009/1009/1009 
f 2746/2941/2745 2747/2942/2746 2748/2943/2747 
f 901/901/901 2416/2545/2416 2746/2941/2745 
f 702/702/702 2458/2596/2457 151/151/151 
f 702/702/702 151/151/151 150/150/150 
f 931/931/931 930/930/930 2749/2944/2748 
f 2749/2944/2748 895/895/895 894/894/894 
f 771/771/771 1342/1358/1342 772/772/772 
f 1342/1358/1342 771/771/771 977/1359/977 
f 1333/1347/1333 1332/1346/1332 2750/2945/2749 
f 1332/1346/1332 2349/2802/2349 2750/2945/2749 
f 2751/2946/2750 2752/2947/2751 2019/2088/2019 
f 1089/1089/1089 628/628/628 431/431/431 
f 471/471/471 13/13/13 1192/1197/1192 
f 473/473/473 13/13/13 471/471/471 
f 1841/1890/1841 2753/2948/2752 1840/1888/1840 
f 513/513/513 1840/1888/1840 514/514/514 
f 194/194/194 1226/1231/1226 884/884/884 
f 1699/1735/1699 1226/1231/1226 1696/1732/1696 
f 326/326/326 147/147/147 324/324/324 
f 1254/1261/1254 2055/2125/2055 2054/2124/2054 
f 2754/2949/2753 2755/2950/2754 2756/2951/2755 
f 1718/1758/1718 2755/2950/2754 713/713/713 
f 2757/2952/2756 1751/1793/1751 1750/1792/1750 
f 2757/2953/2756 932/1353/932 2675/2856/2674 
f 1847/1897/1847 1849/1899/1849 2758/2954/2757 
f 1009/1009/1009 1625/1651/1625 1010/1010/1010 
f 1368/1385/1368 1367/1384/1367 2759/2955/2758 
f 1760/1803/1760 1371/1802/1371 2759/2956/2758 
f 943/943/943 717/717/717 1603/1628/1603 
f 2760/2957/2759 2761/2958/2760 2762/2959/2761 
f 2300/2411/2300 1462/1482/1462 1461/1481/1461 
f 1558/1583/1558 1557/1582/1557 2301/2412/2301 
f 2430/2564/2430 249/249/249 875/2960/875 
f 1433/2961/1433 1429/1449/1429 1431/1451/1431 
f 179/179/179 1670/1705/1670 177/177/177 
f 2763/2962/2762 267/267/267 983/983/983 
f 2764/2963/2763 2765/2964/2764 2766/2965/2765 
f 1851/1902/1851 2767/2966/2766 2765/2967/2764 
f 204/204/204 101/101/101 103/103/103 
f 1802/1849/1802 1307/1319/1307 1306/1318/1306 
f 1593/1618/1593 867/867/867 1594/1619/1594 
f 442/442/442 2768/2968/2767 443/443/443 
f 1577/1602/1577 1576/1601/1576 2501/2650/2500 
f 2769/2969/2768 2770/2970/2769 1576/1601/1576 
f 251/251/251 1534/1558/1534 2097/2171/2097 
f 547/547/547 2097/2171/2097 548/548/548 
f 575/575/575 937/937/937 220/220/220 
f 220/220/220 1932/1993/1932 221/221/221 
f 935/935/935 2167/2921/2167 936/936/936 
f 2771/2971/2770 2772/2972/2771 2773/2973/2772 
f 2155/2243/2155 427/427/427 426/426/426 
f 2157/2245/2157 2156/2244/2156 2774/2974/2773 
f 2232/2328/2232 2233/2329/2233 2234/2330/2234 
f 1419/1439/1419 2234/2330/2234 1511/2975/1511 
f 1756/2976/1756 2775/2977/2774 1420/1440/1420 
f 1756/2976/1756 109/109/109 1724/1765/1724 
f 529/529/529 1460/1480/1460 530/530/530 
f 529/529/529 2136/2222/2136 1460/1480/1460 
f 105/105/105 104/104/104 1160/1163/1160 
f 105/105/105 1160/1163/1160 647/647/647 
f 1219/1224/1219 2776/2978/2775 1220/1225/1220 
f 1222/1227/1222 2000/2067/2000 2776/2979/2775 
f 802/802/802 435/435/435 799/799/799 
f 1857/1911/1857 1287/1296/1287 802/802/802 
f 348/348/348 2053/2123/2053 3/3/3 
f 2053/2123/2053 290/290/290 1960/2024/1960 
f 1748/1790/1748 339/339/339 1749/1791/1749 
f 889/889/889 52/52/52 54/54/54 
f 2110/2189/2110 2357/2480/2357 395/395/395 
f 2108/2980/2108 2777/2981/2776 2667/2846/2666 
f 1718/1758/1718 2778/2982/2777 1304/1316/1304 
f 2779/2983/2778 1305/1317/1305 1304/1316/1304 
f 2359/2984/2359 238/238/238 2780/2985/2779 
f 239/239/239 238/238/238 2781/2986/2780 
f 2182/2272/2182 226/226/226 2180/2270/2180 
f 226/226/226 1590/1615/1590 1591/1616/1591 
f 2570/2733/2569 2571/2734/2570 2782/2987/2781 
f 764/764/764 1176/1181/1176 762/762/762 
f 18/18/18 603/603/603 1426/1446/1426 
f 18/18/18 404/404/404 2521/2673/2520 
f 2005/2073/2005 2449/2586/2449 2004/2072/2004 
f 2783/2988/2782 810/810/810 812/812/812 
f 1024/1024/1024 1983/2048/1983 2305/2416/2305 
f 2305/2416/2305 2306/2417/2306 1024/1024/1024 
f 1340/1356/1340 3/3/3 2/2/2 
f 1340/1356/1340 2/2/2 2184/2274/2184 
f 2291/2989/2291 2290/2990/2290 962/962/962 
f 962/962/962 1428/1448/1428 2291/2989/2291 
f 753/753/753 2266/2369/2266 1385/1402/1385 
f 1385/1402/1385 754/754/754 753/753/753 
f 69/69/69 68/68/68 842/842/842 
f 2784/2991/2783 2431/2565/2431 842/842/842 
f 4/4/4 2588/2753/2587 658/658/658 
f 1142/1143/1142 2265/2368/2265 655/655/655 
f 15/15/15 613/613/613 615/615/615 
f 77/77/77 15/15/15 1910/1970/1910 
f 2292/2399/2292 2785/2992/2784 1705/1742/1705 
f 2786/2993/2785 2467/2608/2466 1705/2994/1705 
f 2142/2230/2142 2787/2995/2786 2788/2996/2787 
f 1964/2028/1964 1327/1339/1327 2788/2996/2787 
f 2789/2997/2788 1319/1896/1319 1846/1895/1846 
f 1846/1895/1846 357/357/357 2293/2400/2293 
f 2068/2138/2068 2067/2137/2067 558/558/558 
f 336/336/336 2699/2886/2698 689/689/689 
f 60/60/60 294/294/294 1592/1617/1592 
f 61/61/61 60/60/60 870/870/870 
f 2790/2998/2789 1465/1485/1465 1464/1484/1464 
f 2791/2999/2790 2711/2898/2710 2790/2998/2789 
f 1916/1976/1916 2792/3000/2791 1914/1974/1914 
f 106/106/106 265/265/265 1337/1351/1337 
f 199/199/199 697/697/697 1106/1107/1106 
f 2178/2268/2178 1029/1029/1029 1028/1028/1028 
f 2328/2441/2328 2091/2163/2091 261/261/261 
f 2091/2163/2091 2328/2441/2328 1377/2761/1377 
f 2793/3001/2792 2794/3002/2793 2083/2155/2083 
f 2006/2074/2006 2795/3003/2794 2793/3001/2792 
f 2796/3004/2795 2797/3005/2796 1744/1786/1744 
f 2796/3004/2795 1744/1786/1744 1743/1785/1743 
f 1214/1219/1214 1213/1218/1213 1427/1447/1427 
f 674/674/674 2798/3006/2797 1212/1217/1212 
f 683/683/683 2799/3007/2798 684/684/684 
f 679/679/679 2615/2787/2614 1682/1717/1682 
f 1047/1047/1047 2654/2829/2653 499/499/499 
f 2185/2275/2185 2184/2274/2184 2186/2276/2186 
f 2059/2129/2059 94/94/94 1269/1276/1269 
f 206/206/206 208/208/208 2061/2131/2061 
f 845/845/845 2800/3008/2799 2427/2560/2427 
f 845/845/845 2427/2560/2427 1911/1971/1911 
f 1399/1416/1399 2134/2218/2134 2801/3009/2800 
f 110/110/110 2219/2312/2219 1148/1149/1148 
f 2787/3010/2786 2144/2232/2144 2802/3011/2801 
f 1328/1341/1328 993/1340/993 2143/2231/2143 
f 1930/1991/1930 2803/3012/2802 1931/1992/1931 
f 221/221/221 1506/3013/1506 222/222/222 
f 1312/1324/1312 521/521/521 665/665/665 
f 664/664/664 665/665/665 1194/1199/1194 
f 2035/2105/2035 89/2631/89 2217/2310/2217 
f 2218/2311/2218 1453/1473/1453 1159/1162/1159 
f 879/879/879 2299/2410/2299 878/878/878 
f 254/254/254 2804/3014/2803 255/255/255 
f 2805/3015/2804 1293/1305/1293 1947/2009/1947 
f 1950/2012/1950 397/397/397 2805/3015/2804 
f 599/599/599 601/601/601 505/505/505 
f 2229/2325/2229 2806/3016/2805 505/505/505 
f 426/426/426 1151/1152/1151 1669/1704/1669 
f 1669/1704/1669 1151/1152/1151 1150/1151/1150 
f 1691/1726/1691 246/246/246 2807/3017/2806 
f 246/246/246 907/907/907 2807/3017/2806 
f 584/584/584 1805/1852/1805 582/582/582 
f 2808/3018/2807 785/785/785 1805/1852/1805 
f 270/270/270 733/733/733 735/735/735 
f 733/733/733 730/730/730 732/732/732 
f 1613/3019/1613 2251/2353/2251 2809/3020/2808 
f 2531/2686/2530 1613/1639/1613 1616/1642/1616 
f 397/397/397 1949/2011/1949 561/561/561 
f 1950/2012/1950 1949/2011/1949 397/397/397 
f 1882/1940/1882 218/218/218 172/172/172 
f 940/940/940 172/172/172 2810/3021/2809 
f 1602/1627/1602 2236/3022/2236 1601/1626/1601 
f 1601/1626/1601 2811/3023/2810 1599/1624/1599 
f 1119/1120/1119 480/480/480 482/482/482 
f 982/982/982 1119/1120/1119 20/20/20 
f 2635/2808/2634 2107/3024/2107 1343/3025/1343 
f 2107/2186/2107 1342/1358/1342 1343/1360/1343 
f 2177/2267/2177 2176/2266/2176 2708/3026/2707 
f 2812/3027/2811 1793/1839/1793 2708/2895/2707 
f 947/947/947 1702/1739/1702 945/945/945 
f 161/161/161 2093/2165/2093 162/162/162 
f 2813/3028/2812 2814/3029/2813 2409/2677/2409 
f 2747/3030/2746 1830/1878/1830 1832/1880/1832 
f 405/405/405 2815/3031/2814 2048/2118/2048 
f 406/406/406 405/405/405 1023/1023/1023 
f 702/702/702 150/150/150 551/551/551 
f 1990/2055/1990 150/150/150 1992/2057/1992 
f 2442/2578/2442 2006/2406/2006 2443/2579/2443 
f 1879/3032/1879 1878/3033/1878 2445/2581/2445 
f 1200/1908/1200 1855/1907/1855 1854/1906/1854 
f 2816/3034/2815 1200/1205/1200 313/313/313 
f 1543/1568/1543 519/519/519 2817/3035/2816 
f 2141/2228/2141 2140/2227/2140 2137/2224/2137 
f 602/602/602 2228/2324/2228 1501/1524/1501 
f 2228/2324/2228 602/602/602 153/153/153 
f 2558/2719/2557 1817/1864/1817 2559/2720/2558 
f 2315/2427/2315 795/795/795 2559/3036/2558 
f 2818/3037/2817 683/683/683 682/682/682 
f 2413/2542/2413 1945/2006/1945 1943/2004/1943 
f 1180/1185/1180 622/622/622 1177/1182/1177 
f 2304/2415/2304 1423/1443/1423 1177/1182/1177 
f 85/85/85 84/84/84 2819/3038/2818 
f 1999/2066/1999 85/85/85 2819/3038/2818 
f 1248/1253/1248 1757/1799/1757 2246/2348/2246 
f 557/557/557 687/687/687 558/558/558 
f 2503/2653/2502 1838/1886/1838 2504/2654/2503 
f 2368/2494/2368 559/559/559 1838/1886/1838 
f 2820/3039/2819 1322/1334/1322 65/65/65 
f 9/9/9 767/767/767 2821/3040/2820 
f 2822/3041/2821 577/577/577 141/141/141 
f 141/141/141 577/577/577 579/579/579 
f 454/454/454 1814/1861/1814 1813/1860/1813 
f 453/453/453 449/449/449 454/454/454 
f 280/280/280 65/65/65 1322/1334/1322 
f 1905/1965/1905 1322/1334/1322 1906/1966/1906 
f 1069/1069/1069 2823/3042/2822 347/347/347 
f 350/350/350 349/349/349 1706/1743/1706 
f 1256/1263/1256 1258/1265/1258 323/323/323 
f 972/972/972 323/323/323 322/322/322 
f 2285/2391/2285 2284/2390/2284 2286/3043/2286 
f 941/941/941 2286/3043/2286 942/942/942 
f 2824/3044/2823 2520/2672/2519 1655/2671/1655 
f 1654/1686/1654 2824/3045/2823 1655/1687/1655 
f 826/826/826 825/825/825 2040/2110/2040 
f 2593/2758/2592 2040/2110/2040 825/825/825 
f 1060/1060/1060 1590/1615/1590 2183/2273/2183 
f 1060/1751/1060 2183/3046/2183 2462/2602/2461 
f 520/520/520 2636/2809/2635 1872/1930/1872 
f 165/165/165 2636/2809/2635 520/520/520 
f 2393/2519/2393 610/610/610 2825/3047/2824 
f 2248/2350/2248 2825/3047/2824 610/610/610 
f 2826/3048/2825 1880/1938/1880 608/608/608 
f 1880/1938/1880 919/919/919 1881/1939/1881 
f 1721/1761/1721 2428/3049/2428 1071/1071/1071 
f 2428/2561/2428 2429/2562/2429 1071/2563/1071 
f 1551/1576/1551 2150/2238/2150 1549/1574/1549 
f 2295/3050/2295 1549/1574/1549 2150/2238/2150 
f 2827/3051/2826 2756/2951/2755 1273/1280/1273 
f 2827/3052/2826 2828/3053/2827 434/434/434 
f 2105/2184/2105 1058/2183/1058 2106/2185/2106 
f 401/401/401 2829/3054/2828 1652/1684/1652 
f 517/517/517 1415/1435/1415 371/371/371 
f 370/370/370 517/517/517 371/371/371 
f 2203/2296/2203 207/207/207 2830/3055/2829 
f 755/755/755 2007/2075/2007 2830/3055/2829 
f 2831/3056/2830 226/226/226 228/228/228 
f 1436/1456/1436 1435/1455/1435 134/134/134 
f 1739/1781/1739 992/992/992 1263/1270/1263 
f 992/992/992 1738/1780/1738 1629/1655/1629 
f 726/726/726 725/725/725 2832/3057/2831 
f 2832/3057/2831 227/227/227 1591/1616/1591 
f 252/252/252 2800/3008/2799 250/250/250 
f 2833/3058/2832 844/844/844 2479/2625/2478 
f 268/268/268 2256/2359/2256 2255/2358/2255 
f 691/691/691 268/268/268 267/267/267 
f 273/273/273 2047/2117/2047 271/271/271 
f 600/600/600 603/603/603 602/602/602 
f 1707/1745/1707 2703/2890/2702 1708/1746/1708 
f 2834/3059/2833 2269/2372/2269 349/349/349 
f 1716/1756/1716 1717/1757/1717 1715/1755/1715 
f 1055/1055/1055 2835/3060/2834 2424/2554/2424 
f 1479/1500/1479 112/112/112 153/153/153 
f 1479/1500/1479 153/153/153 1842/1891/1842 
f 2836/3061/2835 2470/2611/2469 258/258/258 
f 2470/2611/2469 2836/3061/2835 2596/2763/2595 
f 474/474/474 708/708/708 475/475/475 
f 708/708/708 474/474/474 706/706/706 
f 1940/2001/1940 1635/1661/1635 1941/2002/1941 
f 1218/1223/1218 2837/3062/2836 734/734/734 
f 1478/1499/1478 2518/2669/2517 2517/2668/2516 
f 1737/3063/1737 1736/3064/1736 441/441/441 
f 1/1/1 555/555/555 761/761/761 
f 759/759/759 761/761/761 286/286/286 
f 590/590/590 1374/1391/1374 101/101/101 
f 590/590/590 589/589/589 2597/2764/2596 
f 1990/2055/1990 1992/2057/1992 1991/2056/1991 
f 1147/1148/1147 2838/3065/2837 2839/3066/2838 
f 1642/1671/1642 1641/1670/1641 416/416/416 
f 416/416/416 88/88/88 2840/3067/2839 
f 2489/2637/2488 2488/2636/2487 1753/1795/1753 
f 1753/3068/1753 2487/3069/2486 2489/3070/2488 
f 1970/2035/1970 1971/2036/1971 1968/2033/1968 
f 180/180/180 182/182/182 1122/1123/1122 
f 955/955/955 1977/3071/1977 956/956/956 
f 1875/2168/1875 2841/3072/2840 2096/2169/2096 
f 706/706/706 474/474/474 2842/3073/2841 
f 2842/3073/2841 1199/1909/1199 2216/2309/2216 
f 1887/1945/1887 500/500/500 508/508/508 
f 500/500/500 2832/3057/2831 725/725/725 
f 1408/1425/1408 1407/1424/1407 1874/1932/1874 
f 1409/1426/1409 1408/1425/1408 1874/1932/1874 
f 2698/2885/2697 2003/2071/2003 2843/3074/2842 
f 2225/2320/2225 2844/3075/2843 2224/2319/2224 
f 2845/3076/2844 1476/1497/1476 170/170/170 
f 420/420/420 2616/2788/2615 2319/2432/2319 
f 670/670/670 669/669/669 2273/2376/2273 
f 2273/2376/2273 2626/2798/2625 670/670/670 
f 281/281/281 2846/3077/2845 282/282/282 
f 2847/3078/2846 2622/2794/2621 1386/1403/1386 
f 2356/2479/2356 1542/1567/1542 2848/3079/2847 
f 2848/3079/2847 1542/1567/1542 1544/1569/1544 
f 1700/1737/1700 731/731/731 1005/1005/1005 
f 2073/2143/2073 2072/2142/2072 1250/1255/1250 
f 1575/1600/1575 198/198/198 1576/1601/1576 
f 212/212/212 198/198/198 597/597/597 
f 2028/2097/2028 904/904/904 906/906/906 
f 1196/1201/1196 2272/2375/2272 2028/2097/2028 
f 1096/1097/1096 79/79/79 78/78/78 
f 2549/2705/2548 2096/2169/2096 78/78/78 
f 343/343/343 2849/3080/2848 2365/2490/2365 
f 996/996/996 997/997/997 343/343/343 
f 2122/2206/2122 538/538/538 2123/2207/2123 
f 1451/1471/1451 647/647/647 839/839/839 
f 293/293/293 1593/1618/1593 294/294/294 
f 294/294/294 1593/1618/1593 1592/1617/1592 
f 2850/3081/2849 1257/1264/1257 788/788/788 
f 394/394/394 56/56/56 2850/3081/2849 
f 337/337/337 468/468/468 336/336/336 
f 1747/1789/1747 337/337/337 1748/1790/1748 
f 1606/1698/1606 2378/3082/2378 2125/2209/2125 
f 2377/2503/2377 2378/2504/2378 1606/1632/1606 
f 2373/3083/2373 1349/1366/1349 2374/3084/2374 
f 2374/3084/2374 1349/1366/1349 1350/1367/1350 
f 2851/3085/2850 419/419/419 1034/1034/1034 
f 2851/3085/2850 2672/3086/2671 1344/1361/1344 
f 2423/2553/2423 2023/2555/2023 503/503/503 
f 2617/2789/2616 2806/3016/2805 2229/2325/2229 
f 484/484/484 483/483/483 482/482/482 
f 1121/1122/1121 1117/1118/1117 2307/2418/2307 
f 1875/1933/1875 1407/1424/1407 2852/3087/2851 
f 1097/1098/1097 704/704/704 703/703/703 
f 1802/1849/1802 2853/3088/2852 1307/1319/1307 
f 1870/1928/1870 308/308/308 307/307/307 
f 211/211/211 486/486/486 1573/1598/1573 
f 1573/1598/1573 2235/2332/2235 2236/2333/2236 
f 2854/3089/2853 202/202/202 2472/2613/2471 
f 2854/3089/2853 203/203/203 202/202/202 
f 2767/2966/2766 1853/1905/1853 751/1904/751 
f 1850/1901/1850 2001/2068/2001 2644/2817/2643 
f 2211/2304/2211 2210/2303/2210 1077/1077/1077 
f 2032/2102/2032 2855/3090/2854 1077/1077/1077 
f 2856/3091/2855 2063/2133/2063 158/158/158 
f 2856/3091/2855 899/899/899 129/129/129 
f 2857/3092/2856 1316/1328/1316 2858/3093/2857 
f 1316/3094/1316 2857/3095/2856 2789/2997/2788 
f 831/831/831 1052/1052/1052 1988/2053/1988 
f 1052/1052/1052 1523/1547/1523 1988/2053/1988 
f 1287/1296/1287 2859/3096/2858 391/391/391 
f 2860/3097/2859 1857/1911/1857 801/801/801 
f 2220/2313/2220 2861/3098/2860 695/695/695 
f 2861/3098/2860 2157/2245/2157 695/695/695 
f 941/2558/941 1547/1572/1547 2425/2557/2425 
f 2287/2394/2287 1547/1572/1547 1546/1571/1546 
f 2639/2812/2638 1778/1823/1778 1777/1822/1777 
f 739/739/739 2171/2259/2171 2172/2261/2172 
f 2339/2455/2339 1570/2456/1570 2862/3099/2861 
f 2863/3100/2862 2862/3101/2861 1570/1595/1570 
f 2392/2518/2392 2274/2377/2274 1186/2379/1186 
f 2392/2518/2392 1730/2179/1730 2102/2178/2102 
f 2161/2249/2161 2162/2250/2162 2864/3102/2863 
f 2864/3102/2863 1985/2050/1985 994/1342/994 
f 2070/2140/2070 1631/1657/1631 2071/2141/2071 
f 477/477/477 476/476/476 1003/1003/1003 
f 1353/1370/1353 2865/3103/2864 2464/2604/2463 
f 295/295/295 2866/3104/2865 1618/1644/1618 
f 1195/1200/1195 389/389/389 388/388/388 
f 2397/2525/2397 389/389/389 2030/2100/2030 
f 1114/1115/1114 2587/2751/2586 1113/1114/1113 
f 63/63/63 1114/1115/1114 463/463/463 
f 873/3105/873 2867/3106/2866 2031/3107/2031 
f 1790/1835/1790 2867/3106/2866 1169/1836/1169 
f 1969/2034/1969 1968/2033/1968 2271/2374/2271 
f 1969/2034/1969 2271/2374/2271 806/806/806 
f 1795/1841/1795 451/451/451 450/450/450 
f 1791/1837/1791 1795/1841/1795 1792/1838/1792 
f 2868/3108/2867 1595/1620/1595 1597/1622/1597 
f 792/792/792 797/797/797 793/793/793 
f 378/378/378 247/247/247 246/246/246 
f 1694/1729/1694 2595/2760/2594 492/492/492 
f 465/465/465 2869/3109/2868 1032/1032/1032 
f 1108/1109/1108 1110/1111/1110 2869/3109/2868 
f 2399/2528/2399 2131/3110/2131 2400/2529/2400 
f 1228/2151/1228 922/922/922 686/686/686 
f 1113/1114/1113 1993/2058/1993 1111/1112/1111 
f 1111/1112/1111 1993/2058/1993 2046/2116/2046 
f 2221/2315/2221 2223/2317/2223 2056/2126/2056 
f 341/341/341 343/343/343 2221/2315/2221 
f 1769/1812/1769 2733/2928/2732 293/293/293 
f 2733/2928/2732 1265/1272/1265 1772/2336/1772 
f 333/333/333 2163/2251/2163 334/334/334 
f 2163/2251/2163 2162/2250/2162 334/334/334 
f 2870/3111/2869 2871/3112/2870 2241/2340/2241 
f 2553/2710/2552 1861/1916/1861 1862/1917/1862 
f 1554/1579/1554 2376/2502/2376 175/175/175 
f 1555/1580/1555 1554/1579/1554 175/175/175 
f 1298/1310/1298 673/673/673 675/675/675 
f 1296/1308/1296 1298/1310/1298 1297/1309/1297 
f 17/17/17 16/16/16 700/700/700 
f 602/602/602 17/17/17 1842/1891/1842 
f 200/200/200 2769/2969/2768 1576/1601/1576 
f 1107/1108/1107 2510/3113/2509 2509/3114/2508 
f 1511/1535/1511 1512/1536/1512 1510/1533/1510 
f 1510/1533/1510 2490/2638/2489 495/495/495 
f 585/585/585 2872/3115/2871 1330/1344/1330 
f 1330/1344/1330 2872/3115/2871 783/783/783 
f 38/38/38 738/738/738 1524/1548/1524 
f 1524/1548/1524 918/918/918 38/38/38 
f 1540/1564/1540 2373/3083/2373 413/1565/413 
f 2373/2499/2373 414/414/414 413/413/413 
f 2873/3116/2872 1978/2043/1978 1189/1194/1189 
f 2873/3116/2872 1979/2044/1979 1978/2043/1978 
f 120/120/120 2874/3117/2873 1042/1042/1042 
f 2875/3118/2874 2874/3117/2873 120/120/120 
f 1073/1073/1073 2247/2349/2247 2109/2188/2109 
f 2109/2188/2109 1248/1253/1248 1247/1252/1247 
f 142/142/142 1672/1707/1672 701/701/701 
f 1480/1501/1480 76/76/76 2458/2596/2457 
f 1028/1028/1028 1027/1027/1027 1919/1979/1919 
f 1824/1872/1824 1028/1028/1028 2876/3119/2875 
f 2297/2408/2297 1104/2407/1104 2298/2409/2298 
f 2443/2579/2443 307/307/307 309/309/309 
f 1974/2039/1974 2877/3120/2876 29/29/29 
f 29/29/29 1394/1411/1394 1393/1410/1393 
f 1922/2730/1922 586/586/586 2567/2728/2566 
f 2567/2728/2566 2878/3121/2877 1918/3122/1918 
f 1822/1870/1822 2496/3123/2495 2495/2643/2494 
f 2879/3124/2878 2496/3123/2495 1822/1870/1822 
f 1504/1527/1504 1043/1043/1043 1505/1528/1505 
f 1043/1043/1043 1504/1527/1504 1044/1044/1044 
f 999/999/999 1370/1387/1370 2231/2327/2231 
f 1368/1385/1368 2880/3125/2879 1369/1386/1369 
f 2522/2674/2521 2544/2700/2543 2523/2675/2522 
f 2544/2700/2543 91/91/91 90/90/90 
f 2421/2912/2421 2420/3126/2420 1807/1854/1807 
f 2422/2551/2422 2418/2547/2418 2420/2549/2420 
f 1624/1650/1624 1399/1416/1399 1398/1415/1398 
f 2881/3127/2880 2833/3058/2832 2479/2625/2478 
f 2882/3128/2881 1138/1139/1138 2712/3129/2711 
f 2883/3130/2882 2712/3129/2711 1844/1893/1844 
f 2884/3131/2883 2885/3132/2884 2548/2704/2547 
f 607/607/607 2886/3133/2885 1487/1510/1487 
f 739/739/739 1660/1692/1660 2171/2259/2171 
f 2264/2367/2264 2887/3134/2886 225/225/225 
f 2029/3135/2029 1336/1350/1336 1335/1349/1335 
f 801/801/801 1484/1506/1484 902/902/902 
f 1305/1317/1305 184/184/184 1303/1315/1303 
f 184/184/184 714/714/714 2475/2621/2474 
f 446/446/446 1470/1490/1470 2355/2478/2355 
f 2355/2478/2355 1470/1490/1470 2888/3136/2887 
f 2889/3137/2888 2726/2919/2725 2725/2918/2724 
f 2167/2255/2167 1508/1531/1508 2727/3138/2726 
f 902/902/902 1484/1506/1484 2890/3139/2889 
f 2512/2663/2511 1485/1508/1485 1935/1996/1935 
f 1366/1383/1366 2891/3140/2890 1365/1382/1365 
f 1587/1612/1587 2891/3140/2890 2010/2078/2010 
f 1884/2714/1884 1698/2321/1698 887/887/887 
f 1226/1231/1226 1698/1734/1698 1884/1942/1884 
f 1259/1266/1259 2772/2972/2771 1260/1267/1260 
f 2772/2972/2771 2610/3141/2609 2773/2973/2772 
f 1366/1383/1366 825/825/825 114/114/114 
f 1366/1383/1366 114/114/114 1362/1379/1362 
f 372/372/372 1890/1950/1890 2741/2936/2740 
f 791/791/791 1797/1843/1797 370/370/370 
f 781/781/781 210/210/210 48/48/48 
f 508/508/508 781/781/781 1887/1945/1887 
f 1157/1158/1157 2603/2770/2602 2602/2769/2601 
f 2785/2992/2784 2292/2399/2292 2892/3142/2891 
f 1025/1025/1025 1026/1026/1026 2249/2351/2249 
f 1025/1025/1025 2249/2351/2249 611/611/611 
f 2450/2587/2450 986/986/986 1811/1858/1811 
f 1811/1858/1811 986/986/986 1810/1857/1810 
f 2538/2693/2537 2893/3143/2892 2535/2690/2534 
f 1205/1210/1205 1204/1209/1204 2893/3143/2892 
f 395/395/395 1246/1251/1246 2110/2189/2110 
f 395/395/395 397/397/397 1401/1418/1401 
f 2863/3100/2862 1566/1591/1566 1565/1590/1565 
f 853/853/853 852/852/852 2152/2240/2152 
f 27/27/27 163/163/163 25/25/25 
f 25/25/25 1312/1324/1312 665/665/665 
f 1074/1074/1074 1280/1289/1280 1073/1073/1073 
f 2894/3144/2893 1280/1289/1280 2415/2544/2415 
f 1447/1467/1447 642/642/642 2113/2192/2113 
f 643/643/643 642/642/642 1447/1467/1447 
f 339/339/339 338/338/338 2406/2535/2406 
f 2406/2535/2406 2532/2687/2531 1615/1641/1615 
f 524/524/524 1078/1078/1078 525/525/525 
f 40/40/40 1450/1470/1450 524/524/524 
f 1430/1450/1430 2895/3145/2894 1431/1451/1431 
f 2239/2338/2239 2724/2915/2723 1431/1451/1431 
f 2175/2264/2175 2896/3146/2895 1794/2265/1794 
f 2896/3146/2895 1561/1586/1561 2606/2773/2605 
f 440/440/440 627/627/627 630/630/630 
f 630/630/630 627/627/627 2897/3147/2896 
f 853/853/853 62/62/62 855/855/855 
f 62/62/62 853/853/853 2151/2239/2151 
f 83/83/83 1449/1469/1449 84/84/84 
f 544/544/544 543/543/543 1131/1132/1131 
f 2475/2621/2474 243/243/243 1079/1079/1079 
f 2306/2417/2306 243/243/243 1024/1024/1024 
f 2159/2247/2159 2898/3148/2897 1149/1150/1149 
f 2418/3149/2418 1807/1854/1807 2420/3126/2420 
f 1347/1364/1347 2592/2757/2591 2334/2450/2334 
f 2387/2513/2387 1347/3150/1347 2335/2451/2335 
f 869/869/869 1116/1117/1116 61/61/61 
f 61/61/61 1116/1117/1116 1115/1116/1115 
f 2899/3151/2898 2438/2572/2438 2071/2574/2071 
f 2899/3152/2898 2071/2141/2071 1631/1657/1631 
f 563/563/563 376/376/376 375/375/375 
f 375/375/375 1692/1727/1692 2585/2749/2584 
f 231/231/231 230/230/230 2900/3153/2899 
f 1194/1199/1194 231/231/231 2900/3153/2899 
f 2240/2339/2240 2901/3154/2900 2238/2337/2238 
f 2901/3154/2900 1512/1536/1512 1167/1170/1167 
f 398/398/398 1529/2867/1529 2686/2869/2685 
f 1527/2597/1527 398/398/398 2459/2598/2458 
f 535/535/535 692/692/692 536/536/536 
f 2069/2139/2069 536/536/536 107/107/107 
f 1521/1545/1521 653/653/653 189/189/189 
f 57/57/57 1402/1419/1402 1519/1543/1519 
f 166/166/166 684/684/684 681/681/681 
f 166/166/166 681/681/681 1809/1856/1809 
f 1409/1426/1409 2902/3155/2901 2169/2257/2169 
f 2903/3156/2902 2902/3157/2901 2170/2258/2170 
f 434/434/434 433/433/433 1084/1084/1084 
f 434/434/434 1084/1084/1084 2078/2148/2078 
f 8/8/8 374/374/374 765/765/765 
f 374/374/374 1693/1728/1693 375/375/375 
f 1753/1795/1753 2488/2636/2487 1754/1796/1754 
f 1754/1796/1754 2304/2415/2304 2303/2414/2303 
f 2578/2742/2577 2010/2078/2010 2011/2079/2011 
f 2010/2078/2010 2891/3140/2890 2011/2079/2011 
f 31/31/31 1026/1026/1026 1628/1654/1628 
f 31/31/31 1629/1655/1629 125/125/125 
f 123/123/123 1128/1129/1128 124/124/124 
f 2440/2575/2440 41/41/41 124/124/124 
f 456/456/456 1803/1850/1803 457/457/457 
f 456/456/456 308/308/308 1803/1850/1803 
f 2188/2278/2188 857/857/857 1720/1760/1720 
f 857/857/857 2188/2278/2188 345/345/345 
f 2904/3158/2903 1477/1498/1477 2318/2431/2318 
f 863/863/863 2318/2431/2318 864/864/864 
f 2362/2487/2362 1762/1805/1762 1764/1807/1764 
f 2016/2486/2016 2361/2485/2361 2362/2487/2362 
f 1916/1976/1916 1915/1975/1915 104/104/104 
f 2034/2104/2034 2033/2103/2033 2036/2106/2036 
f 282/282/282 1522/1546/1522 188/188/188 
f 738/738/738 737/737/737 188/188/188 
f 257/257/257 649/649/649 258/258/258 
f 649/649/649 2836/3061/2835 258/258/258 
f 559/559/559 1013/1013/1013 560/560/560 
f 2905/3159/2904 1013/1013/1013 2667/2846/2666 
f 819/819/819 73/73/73 63/63/63 
f 820/820/820 1923/1983/1923 819/819/819 
f 638/638/638 234/234/234 1759/1801/1759 
f 234/234/234 2655/2830/2654 58/58/58 
f 666/666/666 2074/2144/2074 1193/1198/1193 
f 716/716/716 2761/2958/2760 2760/2957/2759 
f 242/242/242 241/241/241 527/527/527 
f 241/241/241 2663/2840/2662 527/527/527 
f 1515/1539/1515 1514/1538/1514 2906/3160/2905 
f 1889/1949/1889 2367/2493/2367 1092/1947/1092 
f 2907/3161/2906 1046/1046/1046 359/359/359 
f 2468/2609/2467 2907/3161/2906 359/359/359 
f 361/361/361 948/948/948 10/10/10 
f 948/948/948 779/779/779 840/840/840 
f 2243/2345/2243 2242/2344/2242 856/856/856 
f 856/856/856 2244/2346/2244 1177/1182/1177 
f 2908/3162/2907 2115/2195/2115 2117/2197/2117 
f 1647/1678/1647 961/961/961 2115/2195/2115 
f 1345/1362/1345 1907/1967/1907 1909/1969/1909 
f 1907/2201/1907 2119/2199/2119 1641/1670/1641 
f 583/583/583 2465/2606/2464 2909/3163/2908 
f 2909/3163/2908 584/584/584 583/583/583 
f 1007/1007/1007 1009/1009/1009 1849/1899/1849 
f 2293/2400/2293 672/672/672 2294/2401/2294 
f 773/773/773 2839/3066/2838 2838/3065/2837 
f 1398/1415/1398 2600/2767/2599 2599/2766/2598 
f 2081/2153/2081 440/440/440 64/64/64 
f 2245/2347/2245 64/64/64 440/440/440 
f 2659/2834/2658 300/300/300 2657/2832/2656 
f 2263/2366/2263 2265/2368/2265 1142/1143/1142 
f 1797/1843/1797 1796/1842/1796 370/370/370 
f 1796/1842/1796 2467/2608/2466 515/515/515 
f 1701/1738/1701 947/947/947 2910/3164/2909 
f 2910/3165/2909 2680/2861/2679 1252/1257/1252 
f 1580/1605/1580 2601/2768/2600 637/637/637 
f 2278/2383/2278 2276/2381/2276 2277/2382/2277 
f 504/504/504 2309/2420/2309 823/823/823 
f 2025/2094/2025 2024/2093/2024 1898/1958/1898 
f 1054/1054/1054 2024/2093/2024 2023/2092/2023 
f 2024/2093/2024 1054/1054/1054 1053/1053/1053 
f 968/968/968 767/767/767 766/766/766 
f 1996/2061/1996 2821/3040/2820 767/767/767 
f 27/27/27 1981/2046/1981 2911/3166/2910 
f 164/164/164 163/163/163 27/27/27 
f 199/199/199 213/213/213 921/921/921 
f 697/697/697 199/199/199 921/921/921 
f 439/439/439 643/643/643 2245/2347/2245 
f 641/641/641 643/643/643 2688/2872/2687 
f 2871/3112/2870 581/581/581 2912/3167/2911 
f 581/581/581 2871/3112/2870 2870/3111/2869 
f 1383/1400/1383 132/132/132 880/880/880 
f 880/880/880 2539/2694/2538 1383/1400/1383 
f 1559/1584/1559 763/763/763 382/382/382 
f 1559/1584/1559 764/764/764 763/763/763 
f 1255/1262/1255 1258/1265/1258 1256/1263/1256 
f 1258/1265/1258 325/325/325 618/618/618 
f 2499/2648/2498 1894/2786/1894 2614/2785/2613 
f 2614/2785/2613 2500/2649/2499 2499/2648/2498 
f 2913/3168/2912 845/845/845 446/446/446 
f 2913/3168/2912 446/446/446 2355/2478/2355 
f 2914/3169/2913 1681/1716/1681 1680/1715/1680 
f 159/159/159 158/158/158 2064/2134/2064 
f 2435/2569/2435 892/3170/892 891/3171/891 
f 2435/2569/2435 2434/2568/2434 892/3170/892 
f 1963/2027/1963 1552/1577/1552 1964/2028/1964 
f 1552/1577/1552 335/335/335 1068/1068/1068 
f 1896/1956/1896 1895/1955/1895 2308/2419/2308 
f 2915/3172/2914 2916/3173/2915 2038/2108/2038 
f 2917/3174/2916 722/722/722 1582/1607/1582 
f 722/722/722 2917/3174/2916 640/640/640 
f 1851/3175/1851 2765/2964/2764 2764/2963/2763 
f 1220/1225/1220 1851/3175/1851 1221/1226/1221 
f 1472/2615/1472 847/847/847 2918/3176/2917 
f 847/847/847 846/846/846 2918/3176/2917 
f 1852/1903/1852 2381/2507/2381 2380/2506/2380 
f 2381/2507/2381 1852/1903/1852 1853/1905/1853 
f 2838/3065/2837 774/774/774 773/773/773 
f 1406/1423/1406 1408/1425/1408 774/774/774 
f 2919/3177/2918 1232/1237/1232 1456/1476/1456 
f 2129/2213/2129 2132/2216/2132 2130/2214/2130 
f 273/273/273 272/272/272 1021/1021/1021 
f 2048/2118/2048 2815/3031/2814 2049/2119/2049 
f 2920/3178/2919 1745/1787/1745 1183/1188/1183 
f 1745/1787/1745 1746/1788/1746 1183/1188/1183 
f 2122/2206/2122 263/263/263 539/539/539 
f 1783/1828/1783 1781/1826/1781 1782/1827/1782 
f 2921/3179/2920 1868/1926/1868 588/588/588 
f 1868/1926/1868 1869/1927/1869 2298/2409/2298 
f 1549/2402/1549 1037/1037/1037 2296/2405/2296 
f 1391/1408/1391 2922/3180/2921 1392/1409/1392 
f 2573/2736/2572 1607/1697/1607 862/862/862 
f 2690/2874/2689 1610/1636/1610 2573/2876/2572 
f 1953/2017/1953 1238/1243/1238 2398/2526/2398 
f 1953/2017/1953 1239/1244/1239 1238/1243/1238 
f 2923/3181/2922 1338/1352/1338 2365/2490/2365 
f 2923/3181/2922 2058/2128/2058 1338/1352/1338 
f 2924/3182/2923 557/557/557 556/556/556 
f 2358/2481/2358 556/1304/556 396/396/396 
f 2911/3166/2910 1981/2046/1981 2925/3183/2924 
f 1345/1362/1345 2925/3183/2924 769/769/769 
f 2045/2115/2045 356/356/356 1325/1337/1325 
f 1831/1879/1831 2534/2689/2533 356/356/356 
f 360/360/360 2326/2439/2326 2314/2426/2314 
f 2314/2426/2314 2326/2439/2326 2315/2427/2315 
f 2189/2280/2189 2926/3184/2925 2927/3185/2926 
f 1207/1212/1207 1209/1214/1209 2927/3185/2926 
f 1417/1676/1417 2117/2197/2117 1294/2194/1294 
f 1296/1308/1296 1297/1309/1297 1294/1306/1294 
f 224/224/224 223/223/223 1924/1984/1924 
f 1927/1987/1927 1926/1986/1926 2205/2298/2205 
f 2350/2472/2350 448/448/448 2505/2656/2504 
f 1715/1755/1715 1717/1757/1717 2350/2472/2350 
f 1372/2740/1372 1678/1713/1678 1680/1715/1680 
f 2928/3186/2927 2646/2820/2645 2312/2423/2312 
f 2643/2816/2642 2929/3187/2928 1952/2016/1952 
f 1263/1270/1263 2929/3188/2928 1740/1782/1740 
f 1731/1773/1731 1185/1190/1185 2797/3005/2796 
f 1185/1190/1185 1843/1892/1843 2797/3005/2796 
f 2888/3136/2887 1470/1490/1470 1472/1492/1472 
f 2918/3176/2917 1473/2617/1473 1472/2615/1472 
f 1758/1800/1758 1759/1801/1759 1075/1075/1075 
f 1282/1291/1282 1759/1801/1759 1758/1800/1758 
f 2118/2198/2118 2930/3189/2929 2119/2199/2119 
f 2930/3189/2929 2118/2198/2118 416/416/416 
f 751/751/751 750/750/750 2766/2965/2765 
f 2266/2369/2266 2931/3190/2930 1385/1402/1385 
f 715/715/715 2694/2880/2693 232/232/232 
f 2932/3191/2931 2694/2880/2693 2138/2225/2138 
f 1033/1033/1033 2404/2533/2404 1034/1034/1034 
f 2404/2533/2404 1033/1033/1033 2150/2238/2150 
f 2768/2968/2767 2933/3192/2932 1775/1820/1775 
f 2933/3192/2932 1087/1087/1087 1775/1820/1775 
f 1524/1548/1524 1523/1547/1523 1525/1549/1525 
f 1523/1547/1523 513/513/513 34/34/34 
f 1795/1841/1795 1794/1840/1794 2114/2193/2114 
f 2111/2190/2111 1794/2265/1794 2896/3146/2895 
f 594/594/594 596/596/596 214/214/214 
f 214/214/214 596/596/596 2587/2751/2586 
f 1019/1019/1019 604/3193/604 1020/1020/1020 
f 2146/2234/2146 2039/3194/2039 2147/2235/2147 
f 1989/2054/1989 1050/1050/1050 1049/1049/1049 
f 285/285/285 1049/1049/1049 283/283/283 
f 312/312/312 966/966/966 2816/3034/2815 
f 313/313/313 312/312/312 2816/3034/2815 
f 2241/2340/2241 916/916/916 1675/1710/1675 
f 1673/1708/1673 1675/1710/1675 916/916/916 
f 2934/3195/2933 291/291/291 2580/2744/2579 
f 2934/3195/2933 347/347/347 2823/3042/2822 
f 1218/1223/1218 733/733/733 2935/3196/2934 
f 2438/2572/2438 2935/3196/2934 2071/2574/2071 
f 1657/1689/1657 898/898/898 641/641/641 
f 898/3197/898 1657/1813/1657 2237/2334/2237 
f 121/121/121 2936/3198/2935 1980/2045/1980 
f 121/121/121 1980/2045/1980 119/119/119 
f 1959/2023/1959 2366/2492/2366 1960/2024/1960 
f 290/290/290 289/289/289 1960/2024/1960 
f 1680/1715/1680 2937/3199/2936 1372/2740/1372 
f 1164/1167/1164 1163/1166/1163 2937/3200/2936 
f 2077/2147/2077 2079/2149/2079 1083/1083/1083 
f 2542/3201/2541 2077/2147/2077 1082/1082/1082 
f 2938/3202/2937 1067/1504/1067 1482/1503/1482 
f 1825/1873/1825 1065/1065/1065 1067/1067/1067 
f 253/253/253 613/613/613 965/965/965 
f 2082/2154/2082 613/613/613 253/253/253 
f 2498/2647/2497 2500/2649/2499 2939/3203/2938 
f 598/598/598 1577/1602/1577 2500/2649/2499 
f 452/452/452 454/454/454 2339/2455/2339 
f 2340/2459/2340 2339/2455/2339 2862/3099/2861 
f 745/745/745 303/303/303 1800/1846/1800 
f 1800/1846/1800 1707/3204/1707 1709/1847/1709 
f 2512/2663/2511 1935/1996/1935 1483/1505/1483 
f 2621/2793/2620 2622/2794/2621 1483/1505/1483 
f 1437/1457/1437 826/826/826 1440/1460/1440 
f 2040/2110/2040 1440/1460/1440 826/826/826 
f 2521/2673/2520 2940/3205/2939 2822/3041/2821 
f 1541/1566/1541 2940/3205/2939 1540/1564/1540 
f 2536/2691/2535 744/744/744 2535/2690/2534 
f 744/744/744 2536/2691/2535 303/303/303 
f 2401/2530/2401 2637/2810/2636 2638/2811/2637 
f 1292/1302/1292 1946/2008/1946 1948/2010/1948 
f 1902/1962/1902 1901/1961/1901 1904/1964/1904 
f 566/566/566 1901/1961/1901 2589/2754/2588 
f 2557/2718/2556 616/616/616 2941/3206/2940 
f 2557/2718/2556 617/617/617 616/616/616 
f 633/633/633 881/881/881 634/634/634 
f 634/634/634 2377/2503/2377 2379/2505/2379 
f 417/417/417 416/416/416 973/973/973 
f 1392/1409/1392 2922/3180/2921 1036/1036/1036 
f 88/88/88 316/316/316 315/315/315 
f 86/86/86 88/88/88 315/315/315 
f 2787/3010/2786 2802/3011/2801 2788/3207/2787 
f 786/786/786 332/332/332 1962/2463/1962 
f 2566/2727/2565 1239/1244/1239 1953/2017/1953 
f 2942/3208/2941 809/809/809 1239/1244/1239 
f 2435/2569/2435 891/3171/891 2436/2570/2436 
f 2713/2900/2712 2882/3209/2881 2712/2899/2711 
f 117/117/117 2323/2436/2323 118/118/118 
f 2323/2436/2323 1416/1436/1416 118/118/118 
f 125/125/125 1740/1782/1740 2344/2465/2344 
f 2344/2465/2344 789/789/789 125/125/125 
f 1333/1347/1333 799/799/799 1331/1345/1331 
f 2943/3210/2942 799/799/799 1333/1347/1333 
f 952/952/952 364/364/364 357/357/357 
f 131/131/131 357/357/357 356/356/356 
f 365/365/365 1475/1496/1475 861/861/861 
f 1564/1589/1564 1475/1496/1475 137/137/137 
f 1026/1026/1026 33/33/33 1983/2048/1983 
f 1026/1026/1026 31/31/31 33/33/33 
f 760/760/760 2456/2594/2455 496/496/496 
f 760/760/760 496/496/496 761/761/761 
f 1498/1521/1498 1497/1520/1497 2706/2893/2705 
f 2705/2892/2704 2706/2893/2705 1497/1520/1497 
f 2018/2086/2018 2476/2622/2475 2478/2624/2477 
f 123/123/123 2478/2624/2477 2476/2622/2475 
f 990/990/990 1628/1654/1628 2302/2413/2302 
f 990/990/990 995/995/995 2540/2695/2539 
f 2903/3156/2902 2170/2258/2170 1533/1557/1533 
f 2333/2448/2333 2492/3211/2491 1535/1559/1535 
f 2944/3212/2943 1242/1247/1242 145/145/145 
f 2121/2205/2121 2944/3212/2943 145/145/145 
f 636/636/636 1215/1220/1215 1240/1245/1240 
f 794/794/794 2945/3213/2944 792/792/792 
f 2215/2308/2215 2515/2666/2514 2216/2309/2216 
f 2677/3214/2676 2513/2664/2512 2515/2666/2514 
f 2946/3215/2945 75/75/75 580/580/580 
f 74/74/74 580/580/580 75/75/75 
f 812/812/812 2225/3216/2225 2947/3217/2946 
f 812/2837/812 1236/1241/1236 1235/1240/1235 
f 484/484/484 983/983/983 477/477/477 
f 1004/1004/1004 484/484/484 477/477/477 
f 1898/1958/1898 1439/1459/1439 2395/2522/2395 
f 2038/2108/2038 2916/3173/2915 2396/2523/2396 
f 709/709/709 711/711/711 2411/2540/2411 
f 2095/2167/2095 1291/1300/1291 1290/1299/1290 
f 2330/2443/2330 1041/2447/1041 2291/2989/2291 
f 2330/2443/2330 2332/2445/2332 1041/2447/1041 
f 1710/1748/1710 402/402/402 401/401/401 
f 401/401/401 632/632/632 44/44/44 
f 97/97/97 43/43/43 45/45/45 
f 2007/2075/2007 43/43/43 97/97/97 
f 2897/3147/2896 631/631/631 630/630/630 
f 1736/1778/1736 1735/1777/1735 2897/3147/2896 
f 2665/2844/2664 2648/3218/2647 2195/2286/2195 
f 2948/3219/2947 2648/3218/2647 2372/3220/2372 
f 2946/3215/2945 2213/2306/2213 1202/1207/1202 
f 1856/1910/1856 1855/1907/1855 1200/1908/1200 
f 724/724/724 726/726/726 2949/3221/2948 
f 506/506/506 1530/1554/1530 1526/1550/1526 
f 1229/1234/1229 2129/2213/2129 467/467/467 
f 1229/1234/1229 1228/1233/1228 2129/2213/2129 
f 2950/3222/2949 2219/2312/2219 112/112/112 
f 112/112/112 2951/3223/2950 2950/3222/2949 
f 765/765/765 1091/1091/1091 99/99/99 
f 765/765/765 99/99/99 1559/1584/1559 
f 203/203/203 1299/1311/1299 777/777/777 
f 911/911/911 203/203/203 2854/3089/2853 
f 311/311/311 2280/2385/2280 2480/2626/2479 
f 1124/1125/1124 138/138/138 1489/1512/1489 
f 1879/3032/1879 2445/2581/2445 1173/1178/1173 
f 2742/2937/2741 2569/3224/2568 1173/1178/1173 
f 1871/1929/1871 2952/3225/2951 1872/1930/1872 
f 1245/1250/1245 1872/1930/1872 2952/3225/2951 
f 1014/1014/1014 2894/3226/2893 1928/1989/1928 
f 2894/3144/2893 2415/2544/2415 2414/2543/2414 
f 895/895/895 930/930/930 344/344/344 
f 2749/2944/2748 930/930/930 895/895/895 
f 678/678/678 205/205/205 103/103/103 
f 678/678/678 777/777/777 205/205/205 
f 108/108/108 1725/1766/1725 1724/1765/1724 
f 1724/1765/1724 109/109/109 108/108/108 
f 196/196/196 195/195/195 696/696/696 
f 1922/1982/1922 1027/1027/1027 1920/1980/1920 
f 1941/2002/1941 1836/1884/1836 1940/2001/1940 
f 2255/3227/2255 1836/1884/1836 2257/3228/2257 
f 2582/2746/2581 569/569/569 2719/2906/2718 
f 569/569/569 2582/2746/2581 570/570/570 
f 2832/3057/2831 1591/1616/1591 2953/3229/2952 
f 1061/1061/1061 2953/3229/2952 1059/1059/1059 
f 1046/1046/1046 2907/3161/2906 795/795/795 
f 2327/2440/2327 795/795/795 2315/2427/2315 
f 969/969/969 2336/2452/2336 1997/2062/1997 
f 969/969/969 669/669/669 671/671/671 
f 2632/2805/2631 2146/2234/2146 2148/2236/2148 
f 2037/3230/2037 1897/1957/1897 2038/3231/2038 
f 101/101/101 1375/1392/1375 102/102/102 
f 2954/3232/2953 1858/1912/1858 102/102/102 
f 840/840/840 362/362/362 948/948/948 
f 362/362/362 1766/1809/1766 128/128/128 
f 913/913/913 2553/2710/2552 1862/1917/1862 
f 411/411/411 410/410/410 2553/2710/2552 
f 1914/1974/1914 2792/3000/2791 2955/3233/2954 
f 2676/2857/2675 1914/1974/1914 2955/3233/2954 
f 2709/2896/2708 1184/2378/1184 2274/2377/2274 
f 1134/1135/1134 660/660/660 659/659/659 
f 2781/2986/2780 238/238/238 2359/2984/2359 
f 1016/1287/1016 1579/1604/1579 1279/1288/1279 
f 2125/2209/2125 1650/1695/1650 1384/1401/1384 
f 2125/2209/2125 1384/1401/1384 2126/2210/2126 
f 245/245/245 491/491/491 1865/1920/1865 
f 245/245/245 2232/2328/2232 2234/2330/2234 
f 1513/1537/1513 1517/1541/1517 1514/1538/1514 
f 1517/1541/1517 1954/2018/1954 1514/1538/1514 
f 692/692/692 535/535/535 693/693/693 
f 693/693/693 535/535/535 2692/2878/2691 
f 1709/1747/1709 2268/2371/2268 2674/2855/2673 
f 747/747/747 746/746/746 1207/1212/1207 
f 1818/2425/1818 2317/2429/2317 1182/1187/1182 
f 1685/1720/1685 1687/1722/1687 1690/1725/1690 
f 1310/1322/1310 1810/1857/1810 2354/3234/2354 
f 1308/1320/1308 1310/1322/1310 987/987/987 
f 2623/2795/2622 2624/2796/2623 2022/2091/2022 
f 2625/2797/2624 2022/2091/2022 2021/2090/2021 
f 2275/2380/2275 2883/3235/2882 2710/2897/2709 
f 2437/2571/2437 2712/2899/2711 2883/3235/2882 
f 2385/2511/2385 2386/2512/2386 1979/3236/1979 
f 1979/2044/1979 2873/3116/2872 1976/2041/1976 
f 2956/3237/2955 1010/1174/1010 1998/2064/1998 
f 2758/2954/2757 1010/1010/1010 2956/3238/2955 
f 2164/2252/2164 2679/2860/2678 483/483/483 
f 2679/2860/2678 1252/1257/1252 2680/2861/2679 
f 1686/1721/1686 358/358/358 2957/3239/2956 
f 2957/3239/2956 2731/2926/2730 1686/1721/1686 
f 80/80/80 1719/1759/1719 1481/1502/1481 
f 80/80/80 244/244/244 1719/1759/1719 
f 2958/3240/2957 1230/2152/1230 2959/3241/2958 
f 924/924/924 2960/3242/2959 1230/1235/1230 
f 1605/1631/1605 2961/3243/2960 668/668/668 
f 2762/2959/2761 2961/3243/2960 717/717/717 
f 410/410/410 2480/2626/2479 2280/2385/2280 
f 253/253/253 965/965/965 2280/2385/2280 
f 1178/1183/1178 2962/3244/2961 1671/1706/1671 
f 2962/3244/2961 1178/1183/1178 1360/1377/1360 
f 2963/3245/2962 654/654/654 2493/2641/2492 
f 2963/3245/2962 51/51/51 654/654/654 
f 2843/3074/2842 424/424/424 2698/2885/2697 
f 2844/3075/2843 2225/2320/2225 424/424/424 
f 2964/3246/2963 715/715/715 2271/2374/2271 
f 1284/1293/1284 715/715/715 2964/3246/2963 
f 2965/3247/2964 1584/1609/1584 2387/2513/2387 
f 833/833/833 2965/3247/2964 834/834/834 
f 1866/1921/1866 491/491/491 1867/1923/1867 
f 1866/1921/1866 1865/1920/1865 491/491/491 
f 2209/3248/2209 2208/3249/2208 2651/2826/2650 
f 2206/2299/2206 2649/2823/2648 2651/2826/2650 
f 855/855/855 1448/1468/1448 1560/1585/1560 
f 854/854/854 855/855/855 1560/1585/1560 
f 2494/2642/2493 1668/1703/1668 2716/3250/2715 
f 1668/3251/1668 1665/1700/1665 2716/2903/2715 
f 1676/3252/1676 1863/3253/1863 1674/1709/1674 
f 1674/1709/1674 2403/2532/2403 2966/3254/2965 
f 2199/2290/2199 729/729/729 1467/1487/1467 
f 727/727/727 729/729/729 2199/2290/2199 
f 2177/2267/2177 2708/3026/2707 2267/2370/2267 
f 1567/1592/1567 2177/2267/2177 2267/2370/2267 
f 2094/2166/2094 718/718/718 1972/2620/1972 
f 946/1259/946 1972/2037/1972 1283/1292/1283 
f 261/261/261 893/893/893 2329/2442/2329 
f 2329/2442/2329 2328/2441/2328 261/261/261 
f 113/113/113 501/501/501 2507/2658/2506 
f 501/501/501 113/113/113 115/115/115 
f 1544/1569/1544 2140/2227/2140 1244/2229/1244 
f 1244/2229/1244 2287/2394/2287 1546/1571/1546 
f 772/772/772 1342/1358/1342 1442/1462/1442 
f 165/165/165 772/772/772 1442/1462/1442 
f 743/743/743 742/742/742 1538/1562/1538 
f 2729/2923/2728 1099/1100/1099 2728/2922/2727 
f 2647/2821/2646 2154/2242/2154 2546/2702/2545 
f 2647/2821/2646 414/414/414 2154/2242/2154 
f 1272/1763/1272 1721/1761/1721 1723/1764/1723 
f 1706/1743/1706 2823/3042/2822 1069/1069/1069 
f 1181/1186/1181 1183/1188/1183 1746/1788/1746 
f 1743/1785/1743 54/54/54 360/360/360 
f 1636/2293/1636 2485/2632/2484 1331/2633/1331 
f 437/437/437 1636/1663/1636 1302/1314/1302 
f 2097/2171/2097 1532/1556/1532 2098/2172/2098 
f 1534/1558/1534 1532/1556/1532 2097/2171/2097 
f 1251/1736/1251 1005/1005/1005 1701/1738/1701 
f 1005/1005/1005 2391/2517/2391 2389/2515/2389 
f 1213/1218/1213 564/564/564 674/674/674 
f 1427/1447/1427 1213/1218/1213 674/674/674 
f 2201/2294/2201 1274/1281/1274 1718/1758/1718 
f 2755/2950/2754 1718/1758/1718 1274/1281/1274 
f 2933/3192/2932 1733/2841/1733 1087/1087/1087 
f 1733/2841/1733 1732/2911/1732 1087/1087/1087 
f 2149/2237/2149 1021/1021/1021 272/272/272 
f 2148/2236/2148 272/272/272 599/599/599 
f 1389/1406/1389 1852/3255/1852 2380/3256/2380 
f 541/541/541 2380/3256/2380 2383/2509/2383 
f 20/20/20 805/805/805 804/804/804 
f 21/21/21 20/20/20 320/320/320 
f 1785/1830/1785 813/813/813 2356/2479/2356 
f 813/813/813 1785/1830/1785 814/814/814 
f 418/418/418 257/257/257 256/256/256 
f 1376/1393/1376 1548/1573/1548 256/256/256 
f 2561/2722/2560 2967/3257/2966 2571/2734/2570 
f 2301/2412/2301 2967/3257/2966 2561/2722/2560 
f 57/57/57 1403/1420/1403 1402/1419/1402 
f 56/56/56 394/394/394 57/57/57 
f 1982/2047/1982 2248/2350/2248 612/612/612 
f 81/81/81 2248/2350/2248 82/82/82 
f 479/479/479 2645/2818/2644 24/24/24 
f 262/262/262 479/479/479 24/24/24 
f 1434/1454/1434 2654/2829/2653 2653/2828/2652 
f 2654/2829/2653 1047/1047/1047 2653/2828/2652 
f 1572/1597/1572 746/746/746 211/211/211 
f 1207/1212/1207 746/746/746 1208/1213/1208 
f 1677/1712/1677 2546/2702/2545 1127/1128/1127 
f 1863/1918/1863 2605/2772/2604 914/914/914 
f 2968/3258/2967 652/652/652 893/893/893 
f 2090/2162/2090 260/260/260 259/259/259 
f 2313/2424/2313 850/850/850 849/849/849 
f 1493/1516/1493 1492/1515/1492 849/849/849 
f 565/565/565 1980/2045/1980 376/376/376 
f 562/562/562 565/565/565 376/376/376 
f 961/961/961 2331/2444/2331 1428/1448/1428 
f 676/676/676 961/961/961 1647/1678/1647 
f 659/659/659 146/146/146 148/148/148 
f 970/970/970 1135/1136/1135 148/148/148 
f 1450/1470/1450 1198/1203/1198 2272/2375/2272 
f 1450/1470/1450 1449/1469/1449 83/83/83 
f 2060/2130/2060 302/302/302 2061/2131/2061 
f 302/302/302 2060/2130/2060 2428/2561/2428 
f 1017/1017/1017 1839/1887/1839 1018/1018/1018 
f 2369/2495/2369 2370/2496/2370 1839/1887/1839 
f 2419/2548/2419 784/784/784 783/783/783 
f 2422/2551/2422 2421/2550/2421 1804/1851/1804 
f 2969/3259/2968 2531/2686/2530 1086/1086/1086 
f 1086/1086/1086 2531/2686/2530 338/338/338 
f 2440/2575/2440 2441/2576/2441 42/42/42 
f 1132/1133/1132 2441/2576/2441 1816/1863/1816 
f 1974/2039/1974 1645/1674/1645 2877/3120/2876 
f 1974/2039/1974 2970/3260/2969 1645/1674/1645 
f 182/182/182 1971/2036/1971 1970/2035/1970 
f 1971/2036/1971 1283/1292/1283 1972/2037/1972 
f 1124/1125/1124 1489/1512/1489 1488/1511/1488 
f 2548/2704/2547 1363/1380/1363 2884/3131/2883 
f 2971/3261/2970 1784/1829/1784 2426/2559/2426 
f 818/818/818 817/817/817 941/941/941 
f 2704/2891/2703 2461/2601/2460 1711/1749/1711 
f 2087/2159/2087 2704/2891/2703 1711/1749/1711 
f 563/563/563 1691/1726/1691 562/562/562 
f 562/562/562 1691/1726/1691 2202/2295/2202 
f 1321/1333/1321 1906/1966/1906 1322/1334/1322 
f 1012/1175/1012 1902/1962/1902 1171/1176/1171 
f 173/173/173 571/571/571 174/174/174 
f 2643/2816/2642 571/571/571 173/173/173 
f 2208/2301/2208 2207/2300/2207 1536/1560/1536 
f 1927/1987/1927 2651/2826/2650 2208/3249/2208 
f 609/609/609 1555/1580/1555 175/175/175 
f 1555/1580/1555 609/609/609 2612/2782/2611 
f 399/399/399 1925/1985/1925 2459/2598/2458 
f 1528/2599/1528 2459/2598/2458 1925/1985/1925 
f 2562/2723/2561 379/379/379 381/381/381 
f 2743/2938/2742 379/379/379 2570/2733/2569 
f 2770/2970/2769 2501/2650/2500 1576/1601/1576 
f 460/460/460 462/462/462 2020/2089/2020 
f 1301/1313/1301 777/777/777 1299/1311/1299 
f 1300/1312/1300 777/777/777 1301/1313/1301 
f 1755/3262/1755 2775/2977/2774 1756/2976/1756 
f 1421/1441/1421 2487/3069/2486 2486/2634/2485 
f 2634/2807/2633 1643/1672/1643 815/815/815 
f 2970/3260/2969 1974/2039/1974 815/815/815 
f 1119/1120/1119 808/808/808 20/20/20 
f 1119/1120/1119 1118/1119/1118 808/808/808 
f 737/737/737 186/186/186 188/188/188 
f 391/391/391 186/186/186 1288/1297/1288 
f 1010/1010/1010 1625/1651/1625 1011/1011/1011 
f 1627/1653/1627 1625/1651/1625 1626/1652/1626 
f 1260/1267/1260 1740/1782/1740 2929/3188/2928 
f 2168/2256/2168 1740/1782/1740 1260/1267/1260 
f 1465/1485/1465 1958/2022/1958 1463/1483/1463 
f 54/54/54 2343/2464/2343 1463/1483/1463 
f 755/755/755 756/756/756 2007/2075/2007 
f 2007/2075/2007 756/756/756 2008/2076/2008 
f 2972/3263/2971 810/810/810 287/287/287 
f 287/287/287 286/286/286 2527/2682/2526 
f 2973/3264/2972 2672/2852/2671 2405/3265/2405 
f 2673/2853/2672 2672/2852/2671 2973/3264/2972 
f 699/699/699 2625/2797/2624 2021/2090/2021 
f 699/699/699 1109/1110/1109 2974/3266/2973 
f 2591/2756/2590 2590/3267/2589 1788/1833/1788 
f 1012/1175/1012 1903/1963/1903 1902/1962/1902 
f 1526/1550/1526 2975/3268/2974 2279/2384/2279 
f 1528/1552/1528 2975/3268/2974 1526/1550/1526 
f 386/386/386 970/970/970 387/387/387 
f 970/970/970 661/661/661 1135/1136/1135 
f 1352/1369/1352 582/2913/582 1806/1853/1806 
f 428/428/428 1352/1369/1352 1153/1154/1153 
f 2543/2699/2542 1639/1668/1639 685/685/685 
f 2543/2699/2542 685/685/685 2976/3269/2975 
f 2257/2360/2257 2452/2589/2181 2453/2591/2452 
f 2737/2932/2736 266/266/266 2100/2175/2100 
f 1403/1420/1403 393/393/393 559/559/559 
f 559/559/559 393/393/393 2369/2495/2369 
f 2895/3145/2894 1430/1450/1430 2240/2339/2240 
f 1430/1450/1430 67/67/67 2720/2907/2719 
f 1746/1788/1746 1731/1773/1731 2796/3004/2795 
f 2796/3004/2795 1731/1773/1731 2797/3005/2796 
f 1486/1509/1486 407/407/407 607/607/607 
f 1486/1509/1486 2375/2501/2375 2681/2862/2680 
f 785/785/785 2808/3018/2807 2977/3270/2976 
f 785/785/785 2977/3270/2976 1330/1344/1330 
f 1478/1499/1478 866/866/866 2518/2669/2517 
f 866/866/866 2732/2927/2731 2520/2672/2519 
f 2328/2441/2328 2088/2160/2088 1377/2761/1377 
f 1377/1394/1377 2088/3271/2088 1378/1395/1378 
f 2384/2510/2384 1190/1195/1190 1192/1197/1192 
f 2978/3272/2977 2386/2512/2386 2384/2510/2384 
f 764/764/764 1559/1584/1559 2083/2155/2083 
f 764/764/764 2083/2155/2083 2794/3002/2793 
f 1586/1611/1586 2387/2513/2387 2335/2451/2335 
f 2010/2078/2010 2388/2514/2388 1586/1611/1586 
f 2204/2297/2204 2798/3006/2797 674/674/674 
f 2204/2297/2204 2670/2850/2669 1210/1215/1210 
f 2332/2445/2332 2331/2444/2331 959/959/959 
f 1859/1913/1859 2332/2445/2332 959/959/959 
f 1396/1494/1396 2979/3273/2978 1474/1495/1474 
f 2135/3274/2135 2479/2625/2478 1967/2032/1967 
f 952/952/952 951/951/951 950/950/950 
f 10/10/10 950/950/950 951/951/951 
f 1085/1085/1085 466/466/466 2406/2535/2406 
f 1085/1085/1085 2685/2866/2684 466/466/466 
f 915/915/915 74/74/74 1672/1707/1672 
f 581/581/581 74/74/74 2912/3167/2911 
f 1048/1048/1048 46/46/46 1341/1357/1341 
f 2980/3275/2979 1341/1357/1341 209/209/209 
f 2926/3184/2925 2189/2280/2189 2190/2281/2190 
f 2981/3276/2980 2552/2708/2551 1799/1845/1799 
f 1975/3277/1975 2620/3278/2619 1727/1769/1727 
f 1727/1769/1727 2385/2511/2385 1975/3277/1975 
f 2892/3142/2891 1704/1741/1704 2785/2992/2784 
f 2466/2607/2465 516/516/516 2786/2993/2785 
f 2545/2701/2544 2052/2122/2052 2544/2700/2543 
f 2052/2122/2052 894/894/894 896/896/896 
f 2062/2132/2062 1830/1878/1830 2416/3279/2416 
f 2063/2133/2063 2856/3091/2855 2062/2132/2062 
f 2168/2256/2168 2771/2971/2770 575/575/575 
f 935/935/935 937/937/937 575/575/575 
f 1835/1883/1835 1939/2000/1939 1836/1884/1836 
f 1835/1883/1835 735/735/735 1939/2000/1939 
f 2834/3059/2833 748/748/748 2269/2372/2269 
f 351/351/351 1341/1357/1341 2980/3275/2979 
f 2560/2721/2559 1689/1724/1689 1688/1723/1688 
f 1817/1864/1817 2558/2719/2557 1688/1723/1688 
f 1727/1769/1727 2620/3278/2619 2618/2790/2617 
f 2620/2792/2619 2619/2791/2618 2618/3280/2617 
f 1393/1410/1393 805/805/805 807/807/807 
f 803/803/803 805/805/805 1393/1410/1393 
f 1206/2709/1206 1571/1596/1571 1602/2279/1602 
f 1206/1211/1206 1602/1627/1602 1204/1209/1204 
f 295/295/295 297/297/297 1356/1373/1356 
f 1356/1373/1356 2866/3104/2865 295/295/295 
f 327/327/327 59/59/59 1814/1861/1814 
f 59/59/59 327/327/327 294/294/294 
f 1963/2027/1963 1066/1066/1066 1552/1577/1552 
f 1963/2462/1963 2342/2461/2342 2341/2460/2341 
f 1595/1620/1595 2868/3108/2867 1598/1623/1598 
f 2723/2914/2722 1595/2202/1595 1598/2203/1598 
f 292/292/292 2982/3281/2981 1264/1271/1264 
f 294/294/294 328/328/328 292/292/292 
f 2101/2176/2101 2983/3282/2982 2099/2173/2099 
f 1942/2003/1942 1635/1661/1635 1634/1660/1634 
f 2353/2475/2353 985/2069/985 2698/2885/2697 
f 986/986/986 985/985/985 1810/1857/1810 
f 936/936/936 2727/2920/2726 2984/3283/2983 
f 1930/1991/1930 2984/3283/2983 2803/3012/2802 
f 1456/1476/1456 2985/3284/2984 2130/2214/2130 
f 2068/2138/2068 2985/3284/2984 1456/1476/1456 
f 1140/1141/1140 2986/3285/2985 1659/2577/1659 
f 1141/1142/1141 2986/3285/2985 1140/1141/1140 
f 1101/1102/1101 1105/1106/1105 1102/1103/1102 
f 2987/3286/2986 1105/1106/1105 306/306/306 
f 354/354/354 2043/2113/2043 2407/2536/2407 
f 354/354/354 353/353/353 1326/1338/1326 
f 2573/2736/2572 862/862/862 2574/2737/2573 
f 862/862/862 861/861/861 1062/1062/1062 
f 2133/2217/2133 2135/2219/2135 2988/3287/2987 
f 1397/1414/1397 846/846/846 1395/1412/1395 
f 2759/2956/2758 1763/1806/1763 1760/1803/1760 
f 2015/2083/2015 2989/3288/2988 1367/1384/1367 
f 154/154/154 156/156/156 1172/1177/1172 
f 1172/1177/1172 458/458/458 459/459/459 
f 1250/3289/1250 2072/3290/2072 2439/2573/2439 
f 2071/2574/2071 2439/2573/2439 2072/3290/2072 
f 1658/1690/1658 438/438/438 1653/1685/1653 
f 629/629/629 1653/1685/1653 438/438/438 
f 2230/2326/2230 1162/1165/1162 1556/1581/1556 
f 1556/1581/1556 1162/1165/1162 1164/1167/1164 
f 1695/1730/1695 2032/2102/2032 2031/2101/2031 
f 1695/1730/1695 2855/3090/2854 2032/2102/2032 
f 723/723/723 2628/2800/2627 1578/1603/1578 
f 723/723/723 1578/1603/1578 722/722/722 
f 1986/2051/1986 2163/2251/2163 573/573/573 
f 572/572/572 1951/2015/1951 573/573/573 
f 2206/2299/2206 223/223/223 2173/2262/2173 
f 2173/2262/2173 2172/2261/2172 2650/2824/2649 
f 2540/2695/2539 995/995/995 994/994/994 
f 994/994/994 1984/3291/1984 2540/2695/2539 
f 1003/1003/1003 2073/2143/2073 1004/1004/1004 
f 1004/1004/1004 485/485/485 484/484/484 
f 865/865/865 2691/3292/2690 2412/2541/2412 
f 863/863/863 865/865/865 2412/2541/2412 
f 2444/2580/2444 456/456/456 458/458/458 
f 458/458/458 2442/2578/2442 2444/2580/2444 
f 922/922/922 1230/2152/1230 2958/3240/2957 
f 922/922/922 2958/3240/2957 685/685/685 
f 2990/3293/2989 330/330/330 786/786/786 
f 2990/3293/2989 2302/2413/2302 330/330/330 
f 829/829/829 2663/2840/2662 369/369/369 
f 369/369/369 371/371/371 829/829/829 
f 486/486/486 1140/1141/1140 2235/2332/2235 
f 2235/2332/2235 1573/1598/1573 486/486/486 
f 318/318/318 2051/2121/2051 896/896/896 
f 344/344/344 318/318/318 896/896/896 
f 512/512/512 219/219/219 35/35/35 
f 219/219/219 218/218/218 35/35/35 
f 2631/2804/2630 1895/1955/1895 2632/2805/2631 
f 823/823/823 2309/2420/2309 1895/1955/1895 
f 832/1431/832 827/827/827 2991/3294/2990 
f 832/832/832 1412/1889/1412 830/830/830 
f 2198/2289/2198 727/727/727 2199/2290/2199 
f 2198/2289/2198 2197/2868/2197 727/727/727 
f 2851/3085/2850 770/770/770 419/419/419 
f 770/770/770 27/27/27 419/419/419 
f 831/831/831 2288/2395/2288 2446/2583/2446 
f 2288/2395/2288 831/831/831 1988/2053/1988 
f 2992/3295/2991 1623/1649/1623 2333/2917/2333 
f 2992/3295/2991 1624/1650/1624 1623/1649/1623 
f 1648/1679/1648 957/957/957 956/956/956 
f 1648/1679/1648 79/79/79 957/957/957 
f 1227/1232/1227 1225/1230/1225 662/662/662 
f 1227/1232/1227 2432/2566/2432 2434/2568/2434 
f 1029/1029/1029 2178/2268/2178 1106/1107/1106 
f 1106/1107/1106 1823/1871/1823 1821/1869/1821 
f 18/18/18 142/142/142 16/16/16 
f 16/16/16 142/142/142 701/701/701 
f 2174/2263/2174 2817/3035/2816 233/233/233 
f 2817/3035/2816 519/519/519 233/233/233 
f 514/514/514 1840/1888/1840 2753/2948/2752 
f 514/514/514 1156/1157/1156 512/512/512 
f 1458/1478/1458 1461/1481/1461 1460/1480/1460 
f 278/278/278 1461/1481/1461 279/279/279 
f 2993/3296/2992 2671/2851/2670 2289/2396/2289 
f 2669/2849/2668 2290/2397/2290 1210/1215/1210 
f 848/848/848 2646/2820/2645 532/532/532 
f 1000/1000/1000 532/532/532 1001/1001/1001 
f 1562/1587/1562 1793/1839/1793 1792/1838/1792 
f 452/452/452 2707/2894/2706 1562/1587/1562 
f 1919/1979/1919 2876/3119/2875 1028/1028/1028 
f 2179/2269/2179 2878/3121/2877 1494/1517/1494 
f 1779/1824/1779 1780/1825/1780 2994/3297/2993 
f 2994/3297/2993 1780/1825/1780 2623/2795/2622 
f 215/215/215 214/214/214 2151/2239/2151 
f 2153/2241/2153 2151/2239/2151 853/853/853 
f 2076/2146/2076 2092/2164/2092 2075/2145/2075 
f 2092/2164/2092 718/718/718 2094/2166/2094 
f 2226/2322/2226 2227/2323/2227 887/887/887 
f 385/385/385 885/885/885 887/887/887 
f 1666/1701/1666 783/783/783 2872/3115/2871 
f 783/783/783 1666/1701/1666 2419/2548/2419 
f 2061/2131/2061 301/301/301 206/206/206 
f 2536/2691/2535 206/206/206 301/301/301 
f 1422/1442/1422 997/997/997 536/536/536 
f 624/624/624 623/623/623 1422/1442/1422 
f 1110/1111/1110 2495/2644/2494 2497/2646/2496 
f 1109/1110/1109 2510/2661/2509 1110/1111/1110 
f 2266/2369/2266 753/753/753 1219/1224/1219 
f 1219/1224/1219 753/753/753 752/752/752 
f 2203/2296/2203 757/757/757 1516/1540/1516 
f 1516/1540/1516 1518/1542/1518 92/92/92 
f 6/6/6 2008/2076/2008 2588/2753/2587 
f 756/756/756 656/656/656 2008/2076/2008 
f 1192/1197/1192 13/13/13 1649/1680/1649 
f 13/13/13 79/79/79 1649/1680/1649 
f 1652/1684/1652 2829/3054/2828 2105/2184/2105 
f 2715/2902/2714 2105/2184/2105 403/403/403 
f 2698/2885/2697 424/424/424 423/423/423 
f 2698/2885/2697 423/423/423 2353/2475/2353 
f 2265/2368/2265 658/658/658 655/655/655 
f 658/658/658 2127/2211/2127 655/655/655 
f 1103/1925/1103 1038/1915/1038 2598/2765/2597 
f 1038/1038/1038 1103/1104/1103 1039/1039/1039 
f 2143/2231/2143 2787/2995/2786 2142/2230/2142 
f 2143/3298/2143 2144/2232/2144 2787/3010/2786 
f 2359/2984/2359 2780/2985/2779 1582/3299/1582 
f 1582/3299/1582 2780/2985/2779 2277/2382/2277 
f 49/49/49 387/387/387 50/50/50 
f 2652/2827/2651 387/387/387 971/971/971 
f 593/593/593 1987/2052/1987 1373/1390/1373 
f 2936/3198/2935 121/121/121 1987/2052/1987 
f 736/736/736 738/738/738 38/38/38 
f 736/736/736 38/38/38 37/37/37 
f 2995/3300/2994 2251/2353/2251 1613/3019/1613 
f 1613/3019/1613 1612/1731/1612 1697/1733/1697 
f 2604/2771/2603 1892/1952/1892 979/979/979 
f 1815/1862/1815 1813/1860/1813 979/979/979 
f 1107/1108/1107 2769/2969/2768 2996/3301/2995 
f 2996/3301/2995 199/199/199 1107/1108/1107 
f 2451/2588/2451 810/810/810 2783/2988/2782 
f 288/288/288 810/810/810 2451/2588/2451 
f 1506/3013/1506 1931/1992/1931 2803/3012/2802 
f 2997/3302/2996 1504/1527/1504 1506/1529/1506 
f 570/570/570 2582/2746/2581 1765/1808/1765 
f 1765/1808/1765 842/842/842 1768/1811/1768 
f 139/139/139 138/138/138 1123/1124/1123 
f 114/114/114 139/139/139 1123/1124/1123 
f 361/361/361 12/12/12 780/780/780 
f 12/12/12 204/204/204 780/780/780 
f 1234/1239/1234 1237/1242/1237 809/809/809 
f 424/424/424 1234/1239/1234 809/809/809 
f 2037/2107/2037 2998/3303/2997 2040/2110/2040 
f 2040/2110/2040 2998/3303/2997 1440/1460/1440 
f 93/93/93 1518/1542/1518 1072/1096/1072 
f 92/92/92 1518/1542/1518 93/93/93 
f 2730/2925/2729 2920/3178/2919 2316/2428/2316 
f 2104/2181/2104 1686/1721/1686 2731/2926/2730 
f 1629/1655/1629 1628/1654/1628 990/990/990 
f 1629/1655/1629 31/31/31 1628/1654/1628 
f 1308/1320/1308 989/989/989 2734/2929/2733 
f 1308/1320/1308 1311/1323/1311 1309/1321/1309 
f 822/822/822 821/821/821 584/584/584 
f 1805/1852/1805 584/584/584 2808/3018/2807 
f 19/19/19 21/21/21 620/620/620 
f 620/620/620 981/981/981 19/19/19 
f 671/671/671 1314/1326/1314 2336/2452/2336 
f 969/969/969 671/671/671 2336/2452/2336 
f 2999/3304/2998 2402/2531/2402 939/939/939 
f 1261/2014/1261 2999/3304/2998 939/939/939 
f 1684/1719/1684 1683/1718/1683 1944/2005/1944 
f 2319/2432/2319 2616/2788/2615 864/864/864 
f 2572/2735/2571 2412/2541/2412 2691/3292/2690 
f 2690/2874/2689 2572/2877/2571 2691/2875/2690 
f 71/71/71 1619/1645/1619 72/72/72 
f 1774/1819/1774 1619/1645/1619 71/71/71 
f 554/554/554 1961/2025/1961 1889/1949/1889 
f 554/554/554 2528/2683/2527 555/555/555 
f 2578/2742/2577 607/607/607 409/409/409 
f 3000/3305/2999 2579/2743/2578 607/607/607 
f 26/26/26 257/257/257 418/418/418 
f 26/26/26 25/25/25 257/257/257 
f 2709/2896/2708 2710/2897/2709 1184/2378/1184 
f 1184/1189/1184 2711/2898/2710 1843/1892/1843 
f 787/787/787 1258/1265/1258 618/618/618 
f 143/143/143 145/145/145 787/787/787 
f 2516/2667/2515 1187/1192/1187 2514/2665/2513 
f 1187/1192/1187 2515/2666/2514 2514/2665/2513 
f 1472/2615/1472 1716/3306/1716 2473/2616/2472 
f 1715/3307/1715 2835/3060/2834 1716/3306/1716 
f 2410/2539/2410 2633/2806/2632 436/436/436 
f 436/436/436 435/435/435 1289/1298/1289 
f 2811/3308/2810 2235/2332/2235 1661/2331/1661 
f 1661/1693/1661 1599/1624/1599 2811/3023/2810 
f 2841/3072/2840 1875/2168/1875 1873/3309/1873 
f 1873/1931/1873 1875/1933/1875 2852/3087/2851 
f 754/754/754 1938/1999/1938 752/752/752 
f 754/754/754 1386/1403/1386 1938/1999/1938 
f 492/492/492 245/245/245 247/247/247 
f 1694/1729/1694 492/492/492 247/247/247 
f 2484/2630/2483 931/931/931 2749/2944/2748 
f 931/1354/931 2484/3310/2483 2036/2106/2036 
f 404/404/404 18/18/18 1426/1446/1426 
f 1426/1446/1426 1425/1445/1425 404/404/404 
f 178/178/178 177/177/177 1358/1375/1358 
f 1358/1375/1358 1357/1374/1357 690/690/690 
f 1479/1500/1479 702/702/702 550/550/550 
f 2951/3223/2950 112/112/112 1479/1500/1479 
f 1355/1372/1355 2464/2604/2463 2865/3103/2864 
f 2464/2605/2463 1355/2087/1355 429/429/429 
f 1827/1875/1827 2393/2519/2393 2541/2696/2540 
f 81/81/81 1481/1502/1481 2393/2519/2393 
f 1878/3033/1878 2006/2406/2006 2442/2578/2442 
f 1878/1936/1878 2795/3003/2794 2006/2074/2006 
f 1411/1430/1411 283/1429/283 1129/1130/1129 
f 123/123/123 1129/1130/1129 1128/1129/1128 
f 2653/2828/2652 135/135/135 1434/1454/1434 
f 1435/1455/1435 1434/1454/1434 135/135/135 
f 648/648/648 3001/3311/3000 1158/1161/1158 
f 649/649/649 648/648/648 1158/1161/1158 
f 1415/1435/1415 1703/2819/1703 1414/1434/1414 
f 2753/2948/2752 1841/1890/1841 1703/1740/1703 
f 264/264/264 1313/1325/1313 665/665/665 
f 2122/2206/2122 2123/2207/2123 1313/1325/1313 
f 421/421/421 1563/1588/1563 422/422/422 
f 169/169/169 2456/2594/2455 421/421/421 
f 2566/2727/2565 2565/2726/2564 167/167/167 
f 1955/2019/1955 552/552/552 167/167/167 
f 2584/2748/2583 980/980/980 1892/1952/1892 
f 980/980/980 2584/2748/2583 3002/3312/3001 
f 2019/2088/2019 822/822/822 2465/2606/2464 
f 2751/2946/2750 2019/2088/2019 429/429/429 
f 1262/1269/1262 992/992/992 991/991/991 
f 1952/3313/1952 1262/1269/1262 1984/3291/1984 
f 316/316/316 893/893/893 317/317/317 
f 2523/2675/2522 317/317/317 893/893/893 
f 2567/2728/2566 586/586/586 1030/1030/1030 
f 586/586/586 585/585/585 1030/1030/1030 
f 2491/2639/2490 1621/1647/1621 2169/2257/2169 
f 1621/1647/1621 1410/1427/1410 2169/2257/2169 
f 1837/1885/1837 1359/3314/1359 1726/1768/1726 
f 1726/1768/1726 2448/3315/2448 1725/1766/1725 
f 2348/2469/2348 2346/2467/2346 389/389/389 
f 2346/2467/2346 2348/2469/2348 2347/2468/2347 
f 530/530/530 1460/1480/1460 1462/1482/1462 
f 1462/1482/1462 1556/1581/1556 530/530/530 
f 1444/1464/1444 1443/1463/1443 816/816/816 
f 816/816/816 1443/1463/1443 2107/2186/2107 
f 1507/1530/1507 1509/1532/1509 938/938/938 
f 938/938/938 2609/2776/2608 939/939/939 
f 2191/2282/2191 2507/2658/2506 2506/2657/2505 
f 877/877/877 2191/2282/2191 878/878/878 
f 2042/2112/2042 2748/2943/2747 2747/2942/2746 
f 2524/2676/2523 2042/2112/2042 2747/2942/2746 
f 2269/2372/2269 2268/2371/2268 3003/3316/3002 
f 349/349/349 2269/2372/2269 3003/3316/3002 
f 72/72/72 295/295/295 1618/1644/1618 
f 72/72/72 1618/1644/1618 2744/2939/2743 
f 416/416/416 2840/3067/2839 1642/1671/1642 
f 1644/1673/1644 87/87/87 1645/1674/1645 
f 1014/1014/1014 2503/2653/2502 1929/2652/1929 
f 1013/1013/1013 2368/2494/2368 1014/1014/1014 
f 1956/2020/1956 1958/2022/1958 1465/1485/1465 
f 890/890/890 1956/2020/1956 1465/1485/1465 
f 1318/3317/1318 1325/1337/1325 1319/1896/1319 
f 2044/2114/2044 1325/1337/1325 2407/2678/2407 
f 1610/1636/1610 1608/1634/1608 1607/1633/1607 
f 1607/1633/1607 2573/2876/2572 1610/1636/1610 
f 1507/1530/1507 2555/2715/2554 1934/1995/1934 
f 1508/1531/1508 1507/1530/1507 1934/1995/1934 
f 184/184/184 183/183/183 1303/1315/1303 
f 1331/2633/1331 2485/2632/2484 2345/2466/2345 
f 1390/1407/1390 1344/2200/1344 2673/2853/2672 
f 1801/1848/1801 1390/1407/1390 2673/2853/2672 
f 2030/2100/2030 1335/2524/1335 2397/2525/2397 
f 2397/2525/2397 1741/2470/1741 2348/2469/2348 
f 2467/2608/2466 516/516/516 515/515/515 
f 2786/2993/2785 516/516/516 2467/2608/2466 
f 1152/1153/1152 2158/2246/2158 426/426/426 
f 428/428/428 1152/1153/1152 426/426/426 
f 2801/3009/2800 2134/2218/2134 1148/1149/1148 
f 1148/1149/1148 1145/1146/1145 1400/1417/1400 
f 2591/2756/2590 1170/3318/1170 2590/3267/2589 
f 1789/1834/1789 1169/1836/1169 1170/3318/1170 
f 1189/1194/1189 1978/2043/1978 3004/3319/3003 
f 1404/1421/1404 1189/1194/1189 3004/3319/3003 
f 390/390/390 391/391/391 903/903/903 
f 3005/3320/3004 391/391/391 2859/3096/2858 
f 216/216/216 1569/1594/1569 1894/1954/1894 
f 215/215/215 2253/2356/2253 216/216/216 
f 494/494/494 69/69/69 1301/1313/1301 
f 494/494/494 67/67/67 69/69/69 
f 1307/1319/1307 101/101/101 204/204/204 
f 590/590/590 101/101/101 1307/1319/1307 
f 2468/2609/2467 3006/3321/3005 2907/3161/2906 
f 793/793/793 797/797/797 796/796/796 
f 1477/1498/1477 861/861/861 1475/1496/1475 
f 2364/2489/2364 1477/1498/1477 2904/3158/2903 
f 1268/1275/1268 1267/1274/1267 451/451/451 
f 1267/1274/1267 328/328/328 451/451/451 
f 1204/1209/1204 1600/1625/1600 1143/1144/1143 
f 1600/1625/1600 1204/1209/1204 1601/1626/1601 
f 2483/2629/2482 966/966/966 967/967/967 
f 2483/2629/2482 2816/3034/2815 966/966/966 
f 870/870/870 1592/1617/1592 71/71/71 
f 1592/1617/1592 870/870/870 60/60/60 
f 111/111/111 276/276/276 275/275/275 
f 111/111/111 275/275/275 152/152/152 
f 1589/1614/1589 1588/1613/1588 2697/2883/2696 
f 2481/2627/2480 2697/2883/2696 2482/2628/2481 
f 1175/1180/1175 764/764/764 2794/3002/2793 
f 1878/1936/1878 1175/1180/1175 2795/3003/2794 
f 976/976/976 2635/2808/2634 1343/3025/1343 
f 1343/3025/1343 977/977/977 976/976/976 
f 2812/3027/2811 2708/2895/2707 2176/3322/2176 
f 2812/3027/2811 2176/3322/2176 1794/1840/1794 
f 1550/2404/1550 2973/3264/2972 2405/3265/2405 
f 1551/1576/1551 1550/1575/1550 2405/2534/2405 
f 2218/2311/2218 2035/2105/2035 2217/2310/2217 
f 1158/1161/1158 3001/3311/3000 2217/2310/2217 
f 2105/2184/2105 2715/2902/2714 2463/2603/2462 
f 2462/2602/2461 2715/2902/2714 2461/2601/2460 
f 2060/2130/2060 2061/2131/2061 2059/2129/2059 
f 2059/2129/2059 2061/2131/2061 208/208/208 
f 2027/2096/2027 1054/1054/1054 2023/2092/2023 
f 2423/2553/2423 1714/2552/1714 2023/2555/2023 
f 225/225/225 224/224/224 1503/1526/1503 
f 225/225/225 1503/1526/1503 2263/2366/2263 
f 2011/2079/2011 2013/2081/2013 1364/1381/1364 
f 2548/2704/2547 2579/2743/2578 1364/1381/1364 
f 644/644/644 1560/1585/1560 1448/1468/1448 
f 1448/1468/1448 1447/1467/1447 644/644/644 
f 2050/2120/2050 1022/1022/1022 1023/1023/1023 
f 2050/2120/2050 2334/2450/2334 2592/2757/2591 
f 1144/1145/1144 2658/2833/2657 1142/1143/1142 
f 1143/1144/1143 1599/1624/1599 1144/1145/1144 
f 147/147/147 146/146/146 358/358/358 
f 358/358/358 146/146/146 2392/2518/2392 
f 1966/2030/1966 250/250/250 2800/3008/2799 
f 250/250/250 1966/2030/1966 1965/2029/1965 
f 2858/3093/2857 2627/2799/2626 1319/1331/1319 
f 2627/2799/2626 1324/1336/1324 670/670/670 
f 927/927/927 2352/2474/2352 693/693/693 
f 927/927/927 1726/1768/1726 2352/2474/2352 
f 2046/2116/2046 461/461/461 1111/1112/1111 
f 2939/3203/2938 461/3323/461 2046/3324/2046 
f 340/340/340 339/339/339 889/889/889 
f 52/52/52 889/889/889 339/339/339 
f 1065/1065/1065 2611/2781/2610 2612/2782/2611 
f 1553/1578/1553 1065/1065/1065 2612/2782/2611 
f 1036/1036/1036 1035/1035/1035 2328/2441/2328 
f 2089/2161/2089 2088/2160/2088 2328/2441/2328 
f 872/872/872 2589/2754/2588 1170/1173/1170 
f 872/872/872 567/567/567 2589/2754/2588 
f 662/662/662 2689/2873/2688 884/884/884 
f 662/662/662 884/884/884 1227/1232/1227 
f 2195/2286/2195 2194/2285/2194 1346/1363/1346 
f 1346/1363/1346 2194/2285/2194 2592/2757/2591 
f 124/124/124 41/41/41 122/122/122 
f 527/527/527 122/122/122 41/41/41 
f 344/344/344 930/930/930 2607/2774/2606 
f 2608/2775/2607 344/344/344 2607/2774/2606 
f 546/546/546 78/78/78 77/77/77 
f 77/77/77 1911/1971/1911 546/546/546 
f 14/14/14 473/473/473 1589/1614/1589 
f 14/14/14 13/13/13 473/473/473 
f 2494/2642/2493 782/782/782 1669/1704/1669 
f 1669/1704/1669 2160/2248/2160 426/426/426 
f 2264/2367/2264 1660/1692/1660 2887/3134/2886 
f 298/298/298 1660/1692/1660 299/299/299 
f 96/96/96 368/368/368 1491/1514/1491 
f 1491/1514/1491 2009/2077/2009 96/96/96 
f 724/724/724 508/508/508 725/725/725 
f 508/508/508 500/500/500 725/725/725 
f 1419/1439/1419 2471/2612/2470 3007/3325/3006 
f 909/909/909 2471/2614/2470 1419/1534/1419 
f 1057/1057/1057 2181/2271/2181 133/133/133 
f 134/134/134 133/133/133 2181/2271/2181 
f 2016/2486/2016 2362/2487/2362 1764/1807/1764 
f 2014/2082/2014 2682/2863/2681 2016/2084/2016 
f 711/711/711 2633/2806/2632 2410/2539/2410 
f 1638/1665/1638 711/711/711 1273/1666/1273 
f 1536/1560/1536 2207/2300/2207 1099/1100/1099 
f 1099/1100/1099 2207/2300/2207 2728/2922/2727 
f 70/70/70 869/869/869 71/71/71 
f 920/920/920 869/869/869 2156/2244/2156 
f 1311/1323/1311 759/759/759 1309/1321/1309 
f 2738/2933/2737 1899/1959/1899 1309/1321/1309 
f 1605/1631/1605 230/230/230 2139/2909/2139 
f 2900/3153/2899 230/230/230 1605/1631/1605 
f 2754/2949/2753 2756/2951/2755 2827/3051/2826 
f 1278/1285/1278 2078/3326/2078 1276/1283/1276 
f 2522/2674/2521 91/91/91 2544/2700/2543 
f 652/652/652 91/91/91 1829/1877/1829 
f 1650/1682/1650 883/883/883 2550/2706/2549 
f 2550/2706/2549 883/883/883 2551/2707/2550 
f 1095/1095/1095 1269/1276/1269 93/93/93 
f 2060/2130/2060 1269/1276/1269 2429/2562/2429 
f 1767/1810/1767 2668/2847/2667 2031/3107/2031 
f 2867/3106/2866 1767/1810/1767 2031/3107/2031 
f 730/730/730 733/733/733 270/270/270 
f 730/730/730 270/270/270 2645/2818/2644 
f 689/689/689 2699/2886/2698 558/558/558 
f 689/689/689 558/558/558 687/687/687 
f 918/918/918 1881/1939/1881 919/919/919 
f 918/918/918 34/34/34 36/36/36 
f 2504/2654/2503 1838/1886/1838 1017/1017/1017 
f 1017/1286/1017 2628/2800/2627 2504/2655/2503 
f 617/617/617 2723/2914/2722 144/144/144 
f 1598/2203/1598 2121/2205/2121 2723/2914/2722 
f 1983/2048/1983 33/33/33 373/373/373 
f 373/373/373 240/240/240 1983/2048/1983 
f 1693/1728/1693 7/7/7 1692/1727/1692 
f 1692/1727/1692 2586/2750/2585 2212/2305/2212 
f 2739/2934/2738 611/611/611 1067/1504/1067 
f 1025/1025/1025 611/611/611 2739/2934/2738 
f 600/600/600 599/599/599 271/271/271 
f 271/271/271 603/603/603 600/600/600 
f 1236/1241/1236 812/2837/812 2660/2835/2659 
f 1237/1242/1237 2660/2835/2659 1093/1093/1093 
f 413/1565/413 578/578/578 1541/1566/1541 
f 2966/3254/2965 578/578/578 413/1565/413 
f 635/635/635 1598/1623/1598 2868/3108/2867 
f 635/635/635 792/792/792 2945/3213/2944 
f 1814/1861/1814 454/454/454 449/449/449 
f 327/327/327 1814/1861/1814 449/449/449 
f 1506/1529/1506 1505/1528/1505 1154/1155/1154 
f 1154/1155/1154 1505/1528/1505 1043/1043/1043 
f 1617/3327/1617 1616/2354/1616 2080/2150/2080 
f 1617/3327/1617 2080/2150/2080 923/2752/923 
f 2259/2362/2259 2262/2365/2262 1736/1778/1736 
f 2262/2842/2262 441/441/441 1736/3064/1736 
f 2991/3294/2990 827/827/827 1413/1433/1413 
f 2066/2136/2066 1413/1433/1413 827/827/827 
f 1387/1404/1387 2363/2488/2363 2847/3078/2846 
f 2363/2488/2363 1387/1404/1387 1389/1406/1389 
f 1936/1997/1936 1937/1998/1937 1935/1996/1935 
f 1936/1997/1936 1999/3328/1999 1937/1998/1937 
f 1876/2484/1876 155/155/155 2361/2485/2361 
f 2361/2485/2361 155/155/155 1000/1000/1000 
f 1754/1796/1754 2488/2636/2487 2304/2415/2304 
f 2488/2636/2487 2487/2635/2486 2304/2415/2304 
f 1609/1635/1609 2165/2253/2165 1610/1636/1610 
f 1609/1635/1609 682/682/682 367/367/367 
f 2225/2320/2225 2224/2319/2224 2004/2318/2004 
f 2225/3216/2225 2004/2072/2004 2947/3217/2946 
f 1753/3068/1753 2486/2634/2485 2487/3069/2486 
f 1752/3329/1752 624/624/624 1753/3068/1753 
f 2701/2888/2700 2952/3225/2951 1871/1929/1871 
f 1243/1248/1243 2701/2888/2700 2284/2390/2284 
f 2139/2226/2139 2141/2228/2141 2137/2224/2137 
f 2139/2909/2139 230/230/230 2525/2679/2524 
f 639/639/639 1759/1801/1759 1282/1291/1282 
f 1282/1291/1282 1281/1290/1281 639/639/639 
f 2499/3330/2498 2498/3331/2497 1893/1953/1893 
f 2499/3330/2498 1893/1953/1893 1894/1954/1894 
f 859/859/859 934/934/934 2223/2780/2223 
f 2223/2317/2223 934/2314/934 2056/2126/2056 
f 2880/3125/2879 999/999/999 1369/1386/1369 
f 2682/2863/2681 2684/2865/2683 999/999/999 
f 2093/2165/2093 161/161/161 2075/2145/2075 
f 2074/2144/2074 2075/2145/2075 161/161/161 
f 996/996/996 343/343/343 2365/2490/2365 
f 996/996/996 2365/2490/2365 265/265/265 
f 58/58/58 2469/2610/2468 2468/2609/2467 
f 794/794/794 2469/2610/2468 58/58/58 
f 1336/1350/1336 800/800/800 1334/1348/1334 
f 2324/2437/2324 1334/1348/1334 2325/2438/2325 
f 1653/1685/1653 629/629/629 1654/1686/1654 
f 629/629/629 1735/1777/1735 1654/1686/1654 
f 1538/1562/1538 1537/1561/1537 743/743/743 
f 743/743/743 2640/2813/2639 2641/2814/2640 
f 1270/1277/1270 1707/3204/1707 303/303/303 
f 1800/1846/1800 303/303/303 1707/3204/1707 
f 782/782/782 2494/2642/2493 197/197/197 
f 197/197/197 2494/2642/2493 1920/1980/1920 
f 1129/1130/1129 283/1429/283 2745/2940/2744 
f 283/283/283 542/542/542 2383/2509/2383 
f 1862/3332/1862 1861/2341/1861 3008/3333/3007 
f 1862/3332/1862 2241/2340/2241 1675/1710/1675 
f 370/370/370 515/515/515 517/517/517 
f 515/515/515 370/370/370 1796/1842/1796 
f 2985/3284/2984 2699/2886/2698 1454/1474/1454 
f 2985/3284/2984 1454/1474/1454 2130/2214/2130 
f 1376/1393/1376 256/256/256 2470/2611/2469 
f 1376/1393/1376 2470/2611/2469 1377/1394/1377 
f 1195/1200/1195 388/388/388 1196/1201/1196 
f 1196/1201/1196 388/388/388 1450/1470/1450 
f 714/714/714 2778/2982/2777 712/712/712 
f 1718/1758/1718 712/712/712 2778/2982/2777 
f 636/636/636 1240/1245/1240 637/637/637 
f 1240/1245/1240 1581/1606/1581 637/637/637 
f 684/684/684 2799/3007/2798 1490/1513/1490 
f 2799/3007/2798 2615/2787/2614 679/679/679 
f 1051/1051/1051 2363/2488/2363 540/540/540 
f 542/542/542 1051/1051/1051 540/540/540 
f 1702/1739/1702 160/160/160 162/162/162 
f 945/945/945 1702/1739/1702 3009/3334/3008 
f 1995/2060/1995 2626/2798/2625 352/352/352 
f 2626/2798/2625 1317/1329/1317 1319/1331/1319 
f 3010/3335/3009 2073/2143/2073 1252/1257/1252 
f 2679/2860/2678 3010/3335/3009 1252/1257/1252 
f 626/626/626 1734/1776/1734 2261/2364/2261 
f 1734/1776/1734 1733/1775/1733 2261/2364/2261 
f 1646/1675/1646 677/677/677 2117/2197/2117 
f 1417/1676/1417 1646/1675/1646 2117/2197/2117 
f 435/435/435 802/802/802 1287/1296/1287 
f 1289/1298/1289 435/435/435 1287/1296/1287 
f 872/872/872 2210/2303/2210 567/567/567 
f 66/66/66 2210/2303/2210 2586/2750/2585 
f 1495/1518/1495 1030/1030/1030 1032/1032/1032 
f 2320/2433/2320 1032/1032/1032 2869/3109/2868 
f 1021/1021/1021 2049/2119/2049 273/273/273 
f 2049/2119/2049 1021/1021/1021 1020/1020/1020 
f 1131/1132/1131 1133/1134/1133 544/544/544 
f 1133/1134/1133 2381/2507/2381 544/544/544 
f 808/808/808 1118/1119/1118 806/806/806 
f 1118/1119/1118 1121/1122/1121 806/806/806 
f 307/307/307 2298/2409/2298 1869/1927/1869 
f 2298/2409/2298 307/307/307 2443/2579/2443 
f 2477/2623/2476 284/1428/284 1411/1430/1411 
f 828/828/828 2446/2582/2446 2477/2623/2476 
f 1608/1634/1608 2379/2505/2379 1606/1632/1606 
f 2379/2505/2379 1608/1634/1608 2166/2254/2166 
f 778/778/778 841/841/841 779/779/779 
f 1301/1313/1301 841/841/841 778/778/778 
f 1948/2010/1948 2067/3336/2067 1231/1303/1231 
f 1292/1302/1292 1948/2010/1948 1231/1303/1231 
f 1375/1392/1375 1860/1914/1860 2576/2739/2575 
f 2687/2871/2686 2576/2870/2575 1373/1390/1373 
f 824/824/824 599/599/599 505/505/505 
f 2148/2236/2148 599/599/599 824/824/824 
f 2784/2991/2783 842/842/842 68/68/68 
f 248/248/248 2784/2991/2783 68/68/68 
f 954/954/954 2677/2858/2676 2678/2859/2677 
f 2215/2308/2215 2677/3214/2676 2515/2666/2514 
f 1627/1653/1627 1626/1652/1626 127/127/127 
f 1626/1652/1626 363/363/363 127/127/127 
f 1585/1610/1585 833/833/833 835/835/835 
f 2648/2822/2647 2193/2284/2193 835/835/835 
f 312/312/312 314/314/314 964/964/964 
f 314/314/314 410/410/410 964/964/964 
f 913/913/913 912/912/912 412/412/412 
f 912/912/912 914/914/914 1126/1127/1126 
f 1892/1952/1892 2604/2771/2603 598/598/598 
f 598/598/598 2583/2747/2582 1892/1952/1892 
f 721/721/721 720/720/720 2108/2187/2108 
f 2666/2845/2665 2108/2980/2108 2667/2846/2666 
f 2382/2508/2382 1133/1134/1133 1816/1863/1816 
f 2382/2508/2382 1130/1131/1130 2745/2940/2744 
f 2362/2487/2362 1001/1001/1001 2702/2889/2701 
f 532/532/532 531/531/531 1001/1001/1001 
f 2837/3062/2836 2438/2572/2438 1635/1661/1635 
f 1635/1661/1635 734/734/734 2837/3062/2836 
f 465/465/465 699/699/699 2974/3266/2973 
f 465/465/465 2974/3266/2973 2869/3109/2868 
f 1249/3337/1249 2357/2480/2357 1247/3338/1247 
f 2357/2480/2357 2110/2189/2110 2777/2981/2776 
f 1761/1804/1761 531/531/531 533/533/533 
f 1761/1804/1761 2577/2741/2576 1372/2740/1372 
f 444/444/444 255/255/255 2804/3014/2803 
f 2082/2154/2082 255/255/255 444/444/444 
f 2542/3201/2541 1082/1082/1082 1826/1874/1826 
f 1826/1874/1826 1828/3339/1828 2542/3201/2541 
f 1914/1974/1914 2676/2857/2675 2675/2856/2674 
f 2058/2128/2058 2057/2127/2057 2675/2856/2674 
f 432/432/432 2376/2502/2376 433/433/433 
f 1554/1579/1554 433/433/433 2376/2502/2376 
f 346/346/346 348/348/348 3/3/3 
f 3/3/3 1340/1356/1340 346/346/346 
f 511/511/511 741/741/741 509/509/509 
f 741/741/741 511/511/511 781/781/781 
f 1558/1583/1558 381/381/381 2230/2326/2230 
f 2230/2326/2230 381/381/381 999/999/999 
f 1419/1439/1419 3007/3325/3006 907/907/907 
f 2321/2434/2321 2807/3017/2806 907/907/907 
f 83/83/83 85/85/85 905/905/905 
f 905/905/905 85/85/85 1999/2066/1999 
f 1965/2029/1965 1534/1558/1534 776/776/776 
f 776/776/776 1534/1558/1534 251/251/251 
f 1439/1459/1439 2396/2523/2396 2395/2522/2395 
f 1441/1461/1441 2396/2523/2396 1439/1459/1439 
f 735/735/735 2086/2158/2086 2085/2157/2085 
f 269/269/269 270/270/270 735/735/735 
f 249/249/249 1429/1449/1429 875/2960/875 
f 249/249/249 1165/1168/1165 1429/1449/1429 
f 297/297/297 296/296/296 1088/1088/1088 
f 1088/1088/1088 296/296/296 1619/1645/1619 
f 2593/2758/2592 604/604/604 2039/2109/2039 
f 2039/3194/2039 604/3193/604 1019/1019/1019 
f 2226/2322/2226 1612/1638/1612 2227/2323/2227 
f 1612/1731/1612 1699/1735/1699 1696/1732/1696 
f 2480/2626/2479 3011/3340/3010 311/311/311 
f 412/412/412 3011/3340/3010 2480/2626/2479 
f 399/399/399 1502/1525/1502 224/224/224 
f 224/224/224 1925/1985/1925 399/399/399 
f 344/344/344 2608/2775/2607 345/345/345 
f 858/858/858 2187/2277/2187 2608/2775/2607 
f 529/529/529 3012/3341/3011 1679/2221/1679 
f 528/528/528 3012/3341/3011 529/529/529 
f 1898/1958/1898 2394/2521/2394 2025/2094/2025 
f 1898/1958/1898 2395/2522/2395 2394/2521/2394 
f 696/696/696 1029/1029/1029 697/697/697 
f 1106/1107/1106 697/697/697 1029/1029/1029 
f 1571/1596/1571 3013/3342/3012 1602/2279/1602 
f 1208/1213/1208 1574/1599/1574 1571/1596/1571 
f 1166/2916/1166 1864/1919/1864 1866/1921/1866 
f 1166/2916/1166 2233/2329/2233 1864/1919/1864 
f 1242/1247/1242 2944/3212/2943 2278/2383/2278 
f 2944/3212/2943 2121/2205/2121 2120/2204/2120 
f 734/734/734 1635/1661/1635 1940/2001/1940 
f 926/926/926 734/734/734 1940/2001/1940 
f 2936/3198/2935 592/592/592 1980/2045/1980 
f 100/100/100 1980/2045/1980 592/592/592 
f 1274/1281/1274 2201/2294/2201 1275/1282/1275 
f 2201/2294/2201 2200/2292/2200 1637/2291/1637 
f 55/55/55 1519/1543/1519 2493/2641/2492 
f 2493/2641/2492 654/654/654 321/321/321 
f 1181/1186/1181 2314/2426/2314 1182/1187/1182 
f 1182/1187/1182 2314/2426/2314 1818/2425/1818 
f 863/863/863 2412/2541/2412 1063/1063/1063 
f 863/863/863 2904/3158/2903 2318/2431/2318 
f 1539/1563/1539 2207/2300/2207 2209/2302/2209 
f 1539/1563/1539 2649/3343/2648 1778/1823/1778 
f 2358/2481/2358 2924/3344/2923 556/1304/556 
f 2358/2481/2358 2357/2480/2357 1249/3337/1249 
f 876/876/876 2594/2759/2593 874/874/874 
f 2430/2564/2430 2668/2847/2667 248/248/248 
f 2821/3040/2820 2820/3039/2819 9/9/9 
f 1997/2062/1997 2821/3040/2820 1996/2061/1996 
f 1663/1696/1663 1606/1698/1606 2124/2208/2124 
f 860/860/860 2124/2208/2124 365/365/365 
f 585/585/585 1330/1344/1330 1031/1031/1031 
f 1031/1031/1031 1030/1030/1030 585/585/585 
f 680/680/680 3014/3345/3013 1808/1855/1808 
f 1809/1856/1809 680/680/680 1808/1855/1808 
f 1499/1522/1499 1691/1726/1691 2807/3017/2806 
f 2321/2434/2321 1499/1522/1499 2807/3017/2806 
f 1416/1436/1416 2323/2436/2323 2322/2435/2322 
f 2472/2613/2471 202/202/202 1416/1677/1416 
f 2901/3154/2900 493/493/493 2490/2638/2489 
f 2901/3154/2900 2720/2907/2719 493/493/493 
f 1340/1356/1340 1048/1048/1048 1341/1357/1341 
f 1340/1356/1340 2184/2274/2184 1048/1048/1048 
f 463/463/463 1031/1031/1031 1330/1344/1330 
f 3015/3346/3014 463/463/463 1330/1344/1330 
f 2549/2705/2548 78/78/78 548/548/548 
f 548/548/548 3016/3347/3015 546/546/546 
f 2111/3348/2111 2114/2193/2114 1794/1840/1794 
f 2111/3348/2111 2113/3349/2113 2530/2685/2529 
f 1957/2021/1957 1886/1944/1886 2554/2713/2553 
f 1886/1944/1886 2432/2712/2432 2554/2713/2553 
f 2086/2158/2086 1835/1883/1835 929/929/929 
f 2086/2158/2086 929/929/929 928/928/928 
f 18/18/18 2521/2673/2520 141/141/141 
f 141/141/141 2521/2673/2520 2822/3041/2821 
f 2696/2882/2695 1520/1544/1520 1640/1669/1640 
f 1640/1669/1640 2695/2881/2694 2696/2882/2695 
f 509/509/509 741/741/741 2639/2812/2638 
f 1777/1822/1777 509/509/509 2639/2812/2638 
f 502/502/502 1054/1054/1054 2026/2095/2026 
f 502/502/502 2026/2095/2026 2351/2473/2351 
f 2492/2640/2491 2491/2639/2490 2903/3350/2902 
f 2492/3211/2491 2903/3156/2902 1533/1557/1533 
f 104/104/104 2035/2105/2035 1159/1162/1159 
f 1159/1162/1159 2035/2105/2035 2218/2311/2218 
f 1055/1055/1055 275/275/275 274/274/274 
f 1055/1055/1055 274/274/274 2835/3060/2834 
f 1323/1335/1323 1315/1327/1315 1314/1326/1314 
f 671/671/671 1323/1335/1323 1314/1326/1314 
f 2181/2271/2181 2180/2270/2180 134/134/134 
f 2831/3056/2830 1436/1456/1436 134/134/134 
f 3015/3346/3014 1330/1344/1330 2977/3270/2976 
f 2808/3018/2807 3015/3346/3014 2977/3270/2976 
f 1471/1491/1471 448/448/448 2350/2472/2350 
f 1470/1490/1470 448/448/448 1471/1491/1471 
f 1807/1854/1807 2158/2246/2158 1152/1153/1152 
f 2898/3148/2897 1807/1854/1807 2418/3149/2418 
f 2544/2700/2543 2051/2121/2051 2523/2675/2522 
f 317/317/317 2523/2675/2522 803/803/803 
f 2172/2261/2172 1778/2825/1778 2650/2824/2649 
f 1777/3351/1777 1778/2825/1778 2172/2261/2172 
f 885/885/885 385/385/385 340/340/340 
f 888/888/888 885/885/885 340/340/340 
f 527/527/527 40/40/40 525/525/525 
f 40/40/40 524/524/524 525/525/525 
f 1075/1075/1075 687/687/687 1757/1799/1757 
f 1757/1799/1757 687/687/687 2246/2348/2246 
f 100/100/100 591/591/591 3017/3352/3016 
f 591/591/591 1917/1977/1917 3017/3352/3016 
f 669/669/669 384/384/384 383/383/383 
f 669/669/669 969/969/969 384/384/384 
f 2312/2423/2312 2311/2422/2311 2310/2421/2310 
f 2310/2421/2310 2928/3186/2927 2312/2423/2312 
f 418/418/418 256/256/256 1548/1573/1548 
f 1548/1573/1548 2150/2238/2150 418/418/418 
f 52/52/52 1748/1790/1748 235/235/235 
f 52/52/52 339/339/339 1748/1790/1748 
f 2335/3353/2335 2334/2450/2334 606/2449/606 
f 2334/2450/2334 2335/3353/2335 1347/1364/1347 
f 1825/1873/1825 1067/1067/1067 2938/3354/2937 
f 1828/3339/1828 1826/1874/1826 1825/1873/1825 
f 116/116/116 1298/1310/1298 675/675/675 
f 116/116/116 118/118/118 1298/1310/1298 
f 1523/1547/1523 1052/1052/1052 513/513/513 
f 1052/1052/1052 830/830/830 513/513/513 
f 282/282/282 1050/1050/1050 1522/1546/1522 
f 1051/1051/1051 1050/1050/1050 282/282/282 
f 625/625/625 2222/2316/2222 2221/2315/2221 
f 624/624/624 1752/3329/1752 625/625/625 
f 2939/3203/2938 2500/2649/2499 1577/1602/1577 
f 2502/2651/2501 2939/3203/2938 1577/1602/1577 
f 229/229/229 3018/3355/3017 1245/1250/1245 
f 1244/1249/1244 2526/2681/2525 1245/1250/1245 
f 1770/1815/1770 2520/2672/2519 2732/2927/2731 
f 2237/2334/2237 1770/1815/1770 2732/2927/2731 
f 612/612/612 2249/2351/2249 1982/2047/1982 
f 2249/2351/2249 612/612/612 611/611/611 
f 1424/1444/1424 1423/1443/1423 1756/1798/1756 
f 1724/1765/1724 1424/3356/1424 1756/2976/1756 
f 99/99/99 1091/1091/1091 100/100/100 
f 100/100/100 1091/1091/1091 1980/2045/1980 
f 2510/2661/2509 1109/1110/1109 2508/2659/2507 
f 2508/2659/2507 2021/2090/2021 2020/2089/2020 
f 2791/2999/2790 1843/1892/1843 2711/2898/2710 
f 1466/1486/1466 1843/1892/1843 2791/2999/2790 
f 2838/3065/2837 1991/2056/1991 1992/2057/1992 
f 774/774/774 2838/3065/2837 1406/1423/1406 
f 2390/2516/2390 160/160/160 1702/1739/1702 
f 2391/2517/2391 1006/1006/1006 160/160/160 
f 588/588/588 2853/3088/2852 2921/3179/2920 
f 588/588/588 1307/1319/1307 2853/3088/2852 
f 2084/2156/2084 1141/1142/1141 487/487/487 
f 2986/3285/2985 1141/1142/1141 2084/2156/2084 
f 2597/2764/2596 1375/1392/1375 1374/1391/1374 
f 2597/2764/2596 1374/1391/1374 590/590/590 
f 2847/3078/2846 281/281/281 2622/2794/2621 
f 281/281/281 2847/3078/2846 2363/2488/2363 
f 2762/2959/2761 717/717/717 2760/2957/2759 
f 2760/2957/2759 717/717/717 716/716/716 
f 690/690/690 267/267/267 179/179/179 
f 179/179/179 267/267/267 2763/2962/2762 
f 1254/1261/1254 971/971/971 2055/2125/2055 
f 2055/2125/2055 971/971/971 970/970/970 
f 2192/3357/2192 1348/1365/1348 1347/1364/1347 
f 2192/3357/2192 2664/3358/2663 2665/2844/2664 
f 238/238/238 237/237/237 1241/1246/1241 
f 788/788/788 145/145/145 1241/1246/1241 
f 892/892/892 1885/1943/1885 890/890/890 
f 892/3170/892 2434/2568/2434 1885/3359/1885 
f 441/441/441 1478/1499/1478 1737/3063/1737 
f 867/867/867 1478/1499/1478 441/441/441 
f 537/537/537 996/996/996 265/265/265 
f 105/105/105 537/537/537 265/265/265 
f 1074/1074/1074 719/719/719 3019/3360/3018 
f 3019/3360/3018 1280/1289/1280 1074/1074/1074 
f 943/943/943 1603/1628/1603 1285/1630/1285 
f 2474/2619/2473 944/944/944 943/943/943 
f 2070/2140/2070 2073/2143/2073 1003/1003/1003 
f 476/476/476 2070/2140/2070 1003/1003/1003 
f 1190/1195/1190 2677/2858/2676 954/954/954 
f 954/954/954 1191/1196/1191 1190/1195/1190 
f 1449/1469/1449 543/543/543 84/84/84 
f 1223/1228/1223 543/543/543 545/545/545 
f 2087/2159/2087 1224/1229/1224 1467/1487/1467 
f 2087/2159/2087 1467/1487/1467 729/729/729 
f 325/325/325 324/324/324 1045/1045/1045 
f 1689/1724/1689 1045/1045/1045 324/324/324 
f 104/104/104 1915/1975/1915 2033/2103/2033 
f 104/104/104 2033/2103/2033 2035/2105/2035 
f 2881/3361/2880 2479/3362/2478 1399/1416/1399 
f 2135/2219/2135 1399/1416/1399 2479/3362/2478 
f 2337/2453/2337 2661/2838/2660 1320/1332/1320 
f 2338/2454/2338 2337/2453/2337 1320/1332/1320 
f 1492/1515/1492 1161/1164/1161 2311/2422/2311 
f 159/159/159 2311/2422/2311 1161/1164/1161 
f 2371/2497/2371 2375/2501/2375 2374/2500/2374 
f 2374/3084/2374 1350/1367/1350 2371/3363/2371 
f 2020/2089/2020 2022/2091/2022 460/460/460 
f 2624/2796/2623 460/460/460 2022/2091/2022 
f 554/554/554 553/553/553 1960/2024/1960 
f 2053/2123/2053 1960/2024/1960 553/553/553 
f 2492/2640/2491 2333/2917/2333 1622/1648/1622 
f 2333/2917/2333 1620/1646/1620 1622/1648/1622 
f 2719/2906/2718 126/126/126 128/128/128 
f 1787/1832/1787 2719/2906/2718 2591/2756/2590 
f 1882/1940/1882 172/172/172 333/333/333 
f 1882/1940/1882 333/333/333 1883/1941/1883 
f 1911/1971/1911 614/614/614 2082/2154/2082 
f 614/614/614 1911/1971/1911 1910/1970/1910 
f 1739/1781/1739 1738/1780/1738 992/992/992 
f 1740/1782/1740 1738/1780/1738 1739/1781/1739 
f 3020/3364/3019 1057/2182/1057 2463/2603/2462 
f 1057/1057/1057 3020/3365/3019 2181/2271/2181 
f 589/589/589 1868/1926/1868 1103/1925/1103 
f 589/589/589 588/588/588 1868/1926/1868 
f 1277/1284/1277 2755/2950/2754 2754/2949/2753 
f 2718/2905/2717 1277/1284/1277 2717/2904/2716 
f 1952/3313/1952 2929/3188/2928 1263/1270/1263 
f 1262/1269/1262 1952/3313/1952 1263/1270/1263 
f 1304/1316/1304 1303/1315/1303 2200/2292/2200 
f 2201/2294/2201 1304/1316/1304 2200/2292/2200 
f 194/194/194 2250/2352/2250 1226/1231/1226 
f 2250/2352/2250 194/194/194 2251/2353/2251 
f 1257/1264/1257 56/56/56 323/323/323 
f 1257/1264/1257 2850/3081/2849 56/56/56 
f 1804/1851/1804 2421/2550/2421 582/582/582 
f 1806/1853/1806 582/2913/582 2421/2912/2421 
f 2260/2363/2260 627/627/627 626/626/626 
f 627/627/627 2260/2363/2260 2897/3147/2896 
f 807/807/807 30/30/30 1393/1410/1393 
f 807/807/807 2270/2373/2270 30/30/30 
f 371/371/371 1413/1433/1413 2066/2136/2066 
f 829/829/829 371/371/371 2066/2136/2066 
f 2699/2886/2698 2985/3284/2984 2068/2138/2068 
f 558/558/558 2699/2886/2698 2068/2138/2068 
f 617/617/617 2557/2718/2556 1819/1866/1819 
f 2723/2914/2722 617/617/617 1819/1866/1819 
f 1837/1885/1837 929/929/929 1834/1882/1834 
f 1836/1884/1836 2255/3227/2255 1834/1882/1834 
f 2750/2945/2749 2349/2802/2349 2629/2801/2628 
f 2750/2945/2749 1742/1784/1742 2324/2437/2324 
f 2855/3090/2854 2211/2304/2211 1077/1077/1077 
f 1076/1076/1076 2855/3090/2854 1695/1730/1695 
f 2243/2345/2243 859/859/859 2223/2780/2223 
f 2243/2345/2243 1720/1760/1720 859/859/859 
f 1295/1307/1295 1294/1306/1294 2116/3366/2116 
f 2116/3366/2116 2671/3367/2670 2670/2850/2669 
f 2564/2725/2563 2987/3286/2986 98/98/98 
f 2564/2725/2563 1917/1977/1917 1102/1103/1102 
f 611/611/611 610/610/610 1482/1503/1482 
f 610/610/610 1827/1875/1827 1482/1503/1482 
f 1542/1567/1542 519/519/519 1543/1568/1543 
f 519/519/519 1542/1567/1542 2356/2479/2356 
f 103/103/103 2575/2738/2574 958/958/958 
f 959/959/959 958/958/958 1858/1912/1858 
f 163/163/163 165/165/165 1312/1324/1312 
f 1312/1324/1312 25/25/25 163/163/163 
f 353/353/353 669/669/669 278/278/278 
f 900/900/900 353/353/353 278/278/278 
f 2251/2353/2251 194/194/194 193/193/193 
f 2809/3020/2808 2251/2353/2251 193/193/193 
f 1011/1011/1011 1786/1831/1786 1788/1833/1788 
f 1625/1651/1625 1786/1831/1786 1011/1011/1011 
f 17/17/17 700/700/700 1842/1891/1842 
f 1842/1891/1842 700/700/700 1479/1500/1479 
f 505/505/505 601/601/601 2229/2325/2229 
f 2228/2324/2228 2229/2325/2229 1501/1524/1501 
f 921/921/921 213/213/213 2220/2313/2220 
f 2220/2313/2220 213/213/213 920/920/920 
f 642/642/642 1773/1818/1773 2113/2192/2113 
f 2529/2684/2528 2530/2685/2529 2113/3349/2113 
f 512/512/512 2602/2769/2601 219/219/219 
f 512/512/512 1157/1158/1157 2602/2769/2601 
f 2593/2758/2592 1446/1466/1446 604/604/604 
f 2593/2758/2592 825/825/825 1446/1466/1446 
f 3021/3368/3020 1484/1506/1484 801/801/801 
f 801/801/801 800/800/800 3021/3368/3020 
f 752/752/752 1937/1998/1937 1999/3328/1999 
f 752/752/752 2776/2978/2775 1219/1224/1219 
f 1817/3369/1817 1818/2425/1818 2315/2427/2315 
f 2315/2427/2315 2559/3036/2558 1817/3369/1817 
f 1476/1497/1476 2845/3076/2844 2319/2432/2319 
f 2319/2432/2319 1477/1498/1477 1476/1497/1476 
f 2659/2834/2658 298/298/298 300/300/300 
f 298/298/298 1662/1694/1662 1659/1691/1659 
f 934/2314/934 933/3370/933 2057/2127/2057 
f 2057/2127/2057 2757/2953/2756 2675/2856/2674 
f 2161/2249/2161 2864/3102/2863 1328/1341/1328 
f 1328/1341/1328 3022/3371/3021 994/1342/994 
f 409/409/409 2965/3247/2964 2388/2514/2388 
f 409/409/409 408/408/408 2965/3247/2964 
f 2431/2565/2431 248/248/248 1767/1810/1767 
f 248/248/248 2431/2565/2431 2784/2991/2783 
f 2617/2789/2616 2424/2554/2424 2423/2553/2423 
f 2617/2789/2616 2423/2553/2423 503/503/503 
f 1029/1029/1029 696/696/696 1027/1027/1027 
f 696/696/696 195/195/195 1027/1027/1027 
f 985/985/985 2353/3372/2353 1810/1857/1810 
f 2354/3234/2354 1810/1857/1810 2353/3372/2353 
f 1986/2051/1986 1951/2015/1951 1984/2049/1984 
f 573/573/573 1951/2015/1951 1986/2051/1986 
f 1730/2179/1730 2392/2518/2392 1186/2379/1186 
f 1730/1772/1730 1186/1191/1186 1731/1773/1731 
f 1760/1803/1760 1763/1806/1763 1762/1805/1762 
f 1760/1803/1760 1762/1805/1762 2702/2889/2701 
f 773/773/773 2599/2766/2598 2839/3066/2838 
f 773/773/773 775/775/775 1620/1646/1620 
f 1587/1612/1587 605/605/605 2891/3140/2890 
f 1587/1612/1587 606/606/606 605/605/605 
f 1409/3373/1409 1874/2170/1874 2549/2705/2548 
f 1874/2170/1874 2096/2169/2096 2549/2705/2548 
f 2134/2218/2134 2133/2217/2133 110/110/110 
f 1148/1149/1148 2134/2218/2134 110/110/110 
f 1383/1400/1383 1381/1398/1381 1380/1397/1380 
f 1380/1397/1380 132/132/132 1383/1400/1383 
f 1053/1053/1053 826/826/826 1437/1457/1437 
f 826/826/826 1053/1053/1053 115/115/115 
f 1273/1666/1273 710/710/710 2828/3053/2827 
f 2827/3052/2826 1273/1666/1273 2828/3053/2827 
f 2275/2380/2275 2437/2571/2437 2883/3235/2882 
f 2437/2571/2437 2275/2380/2275 1136/1137/1136 
f 1484/1506/1484 3021/3368/3020 2029/3135/2029 
f 1197/1202/1197 1484/2098/1484 2029/2099/2029 
f 2902/3157/2901 1409/3373/1409 2170/2258/2170 
f 2549/2705/2548 2170/2258/2170 1409/3373/1409 
f 1846/1895/1846 1325/1337/1325 355/355/355 
f 1846/1895/1846 355/355/355 357/357/357 
f 1605/1631/1605 667/667/667 2900/3153/2899 
f 2900/3153/2899 667/667/667 1194/1199/1194 
f 2442/2578/2442 1174/1179/1174 2445/2581/2445 
f 1878/3033/1878 2442/2578/2442 2445/2581/2445 
f 2119/2199/2119 2930/3189/2929 1641/1670/1641 
f 1641/1670/1641 2930/3189/2929 416/416/416 
f 378/378/378 1694/1729/1694 247/247/247 
f 1076/1076/1076 1694/1729/1694 378/378/378 
f 545/545/545 2001/2068/2001 1222/1227/1222 
f 2001/2068/2001 545/545/545 2644/2817/2643 
f 2206/2299/2206 2173/2262/2173 2650/2824/2649 
f 2649/2823/2648 2206/2299/2206 2650/2824/2649 
f 287/287/287 2527/2682/2526 2972/3263/2971 
f 2972/3263/2971 2527/2682/2526 1094/1948/1094 
f 7/7/7 9/9/9 65/65/65 
f 2820/3039/2819 65/65/65 9/9/9 
f 587/587/587 2716/2903/2715 1665/1700/1665 
f 1667/1702/1667 587/587/587 1665/1700/1665 
f 1068/1068/1068 1964/2028/1964 1552/1577/1552 
f 1068/1068/1068 1327/1339/1327 1964/2028/1964 
f 1345/3374/1345 1344/2200/1344 2119/2199/2119 
f 1907/2201/1907 1345/3374/1345 2119/2199/2119 
f 1483/1505/1483 187/187/187 2511/2662/2510 
f 186/186/186 390/390/390 187/187/187 
f 315/315/315 1394/1411/1394 86/86/86 
f 86/86/86 1394/1411/1394 1645/1674/1645 
f 968/968/968 766/766/766 382/382/382 
f 382/382/382 766/766/766 1559/1584/1559 
f 891/3171/891 2882/3209/2881 2436/2570/2436 
f 1138/1139/1138 2882/3128/2881 891/891/891 
f 581/581/581 313/2342/313 1854/1906/1854 
f 313/2342/313 1200/1908/1200 1854/1906/1854 
f 953/953/953 1199/1204/1199 1588/1613/1588 
f 1588/1613/1588 473/473/473 472/472/472 
f 1783/1828/1783 263/263/263 23/23/23 
f 1783/1828/1783 1782/1827/1782 263/263/263 
f 1772/2336/1772 898/3197/898 2237/2334/2237 
f 898/898/898 1772/1817/1772 642/642/642 
f 180/180/180 1121/1122/1121 181/181/181 
f 1121/1122/1121 180/180/180 1122/1123/1122 
f 2441/2576/2441 1132/1133/1132 42/42/42 
f 40/40/40 42/42/42 1132/1133/1132 
f 457/457/457 11/11/11 10/10/10 
f 457/457/457 10/10/10 951/951/951 
f 1120/1121/1120 1122/1123/1122 1970/2035/1970 
f 1970/2035/1970 1122/1123/1122 182/182/182 
f 1382/1399/1382 1381/1398/1381 1383/1400/1383 
f 1381/3375/1381 1382/1681/1382 2106/2185/2106 
f 139/139/139 878/878/878 140/140/140 
f 140/140/140 878/878/878 2299/2410/2299 
f 2692/2878/2691 2085/2157/2085 928/928/928 
f 2692/2878/2691 928/928/928 927/927/927 
f 142/142/142 579/579/579 1673/1708/1673 
f 1673/1708/1673 579/579/579 1674/1709/1674 
f 2752/2947/2751 820/820/820 2019/2088/2019 
f 2752/2947/2751 1923/1983/1923 820/820/820 
f 1220/1900/1220 2776/2979/2775 2000/2067/2000 
f 1220/1900/1220 2000/2067/2000 1850/1901/1850 
f 900/900/900 1457/1477/1457 2416/2545/2416 
f 279/279/279 1457/1477/1457 277/277/277 
f 1856/1910/1856 1199/1909/1199 2213/2306/2213 
f 1856/1910/1856 2213/2306/2213 1855/1907/1855 
f 2284/2390/2284 942/942/942 2286/3043/2286 
f 2701/2888/2700 2700/2887/2699 2284/2390/2284 
f 443/443/443 2768/2968/2767 1594/1619/1594 
f 2768/2968/2767 1775/1820/1775 1774/1819/1774 
f 1271/1278/1271 302/302/302 2428/2561/2428 
f 303/303/303 302/302/302 1271/1278/1271 
f 839/839/839 2123/2207/2123 1451/1471/1451 
f 839/839/839 25/25/25 2123/2207/2123 
f 534/534/534 996/996/996 1781/1826/1781 
f 534/534/534 1781/1826/1781 535/535/535 
f 1326/1338/1326 901/901/901 2041/2111/2041 
f 901/901/901 2746/2941/2745 2041/2111/2041 
f 1853/1905/1853 1850/1901/1850 2644/2817/2643 
f 1853/1905/1853 2644/2817/2643 2381/2507/2381 
f 1360/1377/1360 2447/2584/2447 2962/3244/2961 
f 2447/2584/2447 177/177/177 2962/3244/2961 
f 565/565/565 675/675/675 564/564/564 
f 674/674/674 564/564/564 675/675/675 
f 1867/1923/1867 1432/1452/1432 1433/1453/1433 
f 1867/1923/1867 491/491/491 1432/1452/1432 
f 2454/2592/2453 677/677/677 1646/1675/1646 
f 777/777/777 677/677/677 2454/2592/2453 
f 633/633/633 95/95/95 45/45/45 
f 95/95/95 97/97/97 45/45/45 
f 2862/3099/2861 1565/2457/1565 2340/2459/2340 
f 2863/3100/2862 1565/1590/1565 2862/3101/2861 
f 2197/2288/2197 726/726/726 1061/1061/1061 
f 1061/1750/1061 727/727/727 2197/2868/2197 
f 2028/2097/2028 1484/2098/1484 1197/1202/1197 
f 2028/2097/2028 1197/1202/1197 1196/1201/1196 
f 1466/1486/1466 2797/3005/2796 1843/1892/1843 
f 1466/1486/1466 1744/1786/1744 2797/3005/2796 
f 2510/3113/2509 1107/1108/1107 2495/2643/2494 
f 1110/1111/1110 2510/2661/2509 2495/2644/2494 
f 1326/1338/1326 2041/2111/2041 2043/2113/2043 
f 2043/2113/2043 354/354/354 1326/1338/1326 
f 1400/1417/1400 1145/1146/1145 1398/1415/1398 
f 1145/1146/1145 2600/2767/2599 1398/1415/1398 
f 574/574/574 2344/2465/2344 2168/2256/2168 
f 574/574/574 789/789/789 2344/2465/2344 
f 2449/2586/2449 2947/3217/2946 2004/2072/2004 
f 2449/2586/2449 2451/2588/2451 2783/2988/2782 
f 875/2960/875 1429/1449/1429 1433/2961/1433 
f 876/876/876 875/875/875 1433/1453/1433 
f 559/559/559 2369/2495/2369 1838/1886/1838 
f 1839/1887/1839 1838/1886/1838 2369/2495/2369 
f 1703/1740/1703 1156/1157/1156 2753/2948/2752 
f 2753/2948/2752 1156/1157/1156 514/514/514 
f 1467/1487/1467 1224/1229/1224 6/6/6 
f 2008/2076/2008 6/6/6 1224/1229/1224 
f 2234/2330/2234 2233/2329/2233 1511/2975/1511 
f 1166/2916/1166 1168/3376/1168 2233/2329/2233 
f 2530/2685/2529 1264/1271/1264 1266/1273/1266 
f 1264/1271/1264 2982/3281/2981 1266/1273/1266 
f 844/844/844 2800/3008/2799 845/845/845 
f 844/844/844 1966/2030/1966 2800/3008/2799 
f 1205/1210/1205 2538/2693/2537 1798/1844/1798 
f 2538/2693/2537 1205/1210/1205 2893/3143/2892 
f 1967/2032/1967 2355/2478/2355 1474/1495/1474 
f 2355/2478/2355 2888/3136/2887 1474/1495/1474 
f 475/475/475 2458/2596/2457 76/76/76 
f 1405/1422/1405 2458/2596/2457 475/475/475 
f 1578/1603/1578 2628/2800/2627 1279/1288/1279 
f 1578/1603/1578 1279/1288/1279 1579/1604/1579 
f 2196/2287/2196 2372/3220/2372 2371/3363/2371 
f 2196/2287/2196 2948/3219/2947 2372/3220/2372 
f 2736/2931/2735 1567/1592/1567 852/852/852 
f 2177/2267/2177 1567/1592/1567 2736/2931/2735 
f 1300/1312/1300 205/205/205 777/777/777 
f 205/205/205 1300/1312/1300 780/780/780 
f 73/73/73 819/819/819 1923/1983/1923 
f 2081/2153/2081 1923/1983/1923 627/627/627 
f 2896/3146/2895 2175/2264/2175 1561/1586/1561 
f 2177/2267/2177 1561/1586/1561 2175/2264/2175 
f 1989/2054/1989 285/285/285 2288/2395/2288 
f 285/285/285 1989/2054/1989 1049/1049/1049 
f 2258/2361/2258 266/266/266 268/268/268 
f 2255/2358/2255 2258/2361/2258 268/268/268 
f 177/177/177 1670/1705/1670 1671/1706/1671 
f 1671/1706/1671 2962/3244/2961 177/177/177 
f 1759/1801/1759 236/236/236 1075/1075/1075 
f 688/688/688 1075/1075/1075 236/236/236 
f 2069/2139/2069 107/107/107 109/109/109 
f 109/109/109 1756/2976/1756 1420/1440/1420 
f 39/39/39 176/176/176 37/37/37 
f 176/176/176 1291/1300/1291 37/37/37 
f 1104/2407/1104 1101/1924/1101 2298/2409/2298 
f 1101/1102/1101 1104/1105/1104 1105/1106/1105 
f 891/891/891 890/890/890 1139/1140/1139 
f 890/890/890 1465/1485/1465 1139/1140/1139 
f 1314/1326/1314 1847/2063/1847 2662/2839/2661 
f 2956/3237/2955 1998/2064/1998 2662/2839/2661 
f 2301/2412/2301 2300/2411/2300 382/382/382 
f 2300/2411/2300 2301/2412/2301 1557/1582/1557 
f 66/66/66 280/280/280 567/567/567 
f 2210/2303/2210 66/66/66 567/567/567 
f 2560/2721/2559 2941/3206/2940 616/616/616 
f 2941/3206/2940 2560/2721/2559 1688/1723/1688 
f 924/924/924 923/923/923 2960/3242/2959 
f 923/2752/923 469/469/469 2959/3241/2958 
f 2674/2855/2673 2927/3185/2926 2537/2854/2536 
f 2538/2693/2537 2537/2692/2536 1798/1844/1798 
f 1563/1588/1563 2456/2594/2455 760/760/760 
f 421/421/421 2456/2594/2455 1563/1588/1563 
f 987/987/987 1682/2430/1682 988/988/988 
f 422/422/422 988/988/988 1682/2430/1682 
f 652/652/652 2090/2162/2090 650/650/650 
f 652/652/652 2968/3258/2967 2090/2162/2090 
f 399/399/399 398/398/398 1468/1488/1468 
f 398/398/398 2198/2289/2198 1468/1488/1468 
f 132/132/132 134/134/134 1435/1455/1435 
f 1435/1455/1435 880/880/880 132/132/132 
f 2566/2727/2565 2942/3208/2941 1239/1244/1239 
f 2566/2727/2565 167/167/167 1664/1699/1664 
f 2857/3092/2856 2858/3093/2857 1319/1331/1319 
f 2789/2997/2788 2857/3095/2856 1319/1896/1319 
f 2605/2772/2604 1127/1128/1127 914/914/914 
f 1126/1127/1126 914/914/914 1127/1128/1127 
f 940/940/940 217/217/217 1044/1044/1044 
f 940/940/940 2810/3021/2809 217/217/217 
f 1976/3377/1976 1975/3277/1975 2385/2511/2385 
f 1979/3236/1979 1976/3377/1976 2385/2511/2385 
f 1926/1986/1926 1924/1984/1924 2205/2298/2205 
f 1926/1986/1926 2460/2600/2459 1924/1984/1924 
f 447/447/447 445/445/445 2506/2657/2505 
f 445/445/445 2191/2282/2191 2506/2657/2505 
f 1515/1539/1515 2906/3160/2905 2367/3378/2367 
f 2366/2491/2366 1515/1539/1515 2367/3378/2367 
f 2683/2864/2682 1367/1384/1367 1369/1386/1369 
f 2014/2082/2014 1367/1384/1367 2683/2864/2682 
f 2399/2528/2399 1292/1302/1292 1233/1301/1233 
f 2399/2527/2399 1233/1238/1233 1232/1237/1232 
f 1852/3255/1852 1389/1406/1389 749/749/749 
f 749/749/749 751/751/751 1852/3255/1852 
f 198/198/198 1575/1600/1575 597/597/597 
f 1577/1602/1577 597/597/597 1575/1600/1575 
f 124/124/124 1128/1129/1128 2440/2575/2440 
f 2441/2576/2441 2440/2575/2440 1128/1129/1128 
f 412/412/412 411/411/411 913/913/913 
f 411/411/411 2553/2710/2552 913/913/913 
f 2584/2748/2583 1894/2786/1894 3002/3312/3001 
f 1569/1594/1569 1568/1593/1568 1894/1954/1894 
f 790/790/790 2663/2840/2662 241/241/241 
f 369/369/369 2663/2840/2662 790/790/790 
f 1125/1126/1125 2546/2702/2545 1488/1511/1488 
f 1127/1128/1127 2546/2702/2545 1125/1126/1125 
f 2923/3181/2922 2365/2490/2365 2849/3080/2848 
f 2923/3181/2922 342/342/342 2058/2128/2058 
f 993/993/993 2144/2232/2144 2143/3298/2143 
f 995/995/995 2144/2232/2144 993/993/993 
f 982/982/982 981/981/981 481/481/481 
f 481/481/481 983/983/983 482/482/482 
f 2729/2923/2728 1538/1562/1538 742/742/742 
f 742/742/742 1100/1101/1100 2729/2923/2728 
f 1884/2714/1884 2554/2713/2553 2432/2712/2432 
f 2432/2566/2432 1227/1232/1227 1884/1942/1884 
f 2045/2115/2045 2044/2114/2044 2814/3029/2813 
f 2044/2114/2044 2409/2677/2409 2814/3029/2813 
f 2750/2945/2749 2324/2437/2324 1333/1347/1333 
f 1333/1347/1333 2324/2437/2324 2943/3210/2942 
f 1943/2004/1943 1945/2006/1945 2818/3037/2817 
f 1944/2005/1944 1683/1718/1683 1945/2006/1945 
f 1632/1658/1632 2099/2173/2099 1633/1659/1633 
f 1632/1658/1632 2100/2175/2100 2099/2173/2099 
f 1770/1815/1770 1656/1814/1656 1655/2671/1655 
f 1656/1688/1656 1653/1685/1653 1655/1687/1655 
f 1018/1018/1018 239/239/239 2781/2986/2780 
f 239/239/239 1018/1018/1018 1839/1887/1839 
f 1631/1657/1631 476/476/476 2737/2932/2736 
f 476/476/476 1631/1657/1631 2070/2140/2070 
f 422/422/422 1563/1588/1563 2735/2930/2734 
f 988/988/988 422/422/422 989/989/989 
f 2888/3136/2887 1473/1493/1473 1474/1495/1474 
f 2888/3136/2887 1472/1492/1472 1473/1493/1473 
f 2186/2276/2186 2184/2274/2184 1047/1047/1047 
f 2184/2274/2184 2/2/2 1047/1047/1047 
f 470/470/470 2976/3269/2975 469/469/469 
f 2959/3241/2958 469/469/469 2976/3269/2975 
f 726/726/726 2953/3229/2952 1061/1061/1061 
f 2953/3229/2952 726/726/726 2832/3057/2831 
f 2746/3379/2745 2416/3279/2416 1830/1878/1830 
f 2746/3379/2745 1830/1878/1830 2747/3030/2746 
f 1281/1290/1281 2504/2655/2503 2628/2800/2627 
f 723/723/723 1281/1290/1281 2628/2800/2627 
f 2731/3380/2730 2920/3178/2919 2730/2925/2729 
f 2731/3380/2730 1745/1787/1745 2920/3178/2919 
f 1040/1040/1040 2874/3117/2873 119/119/119 
f 1040/1040/1040 1042/1042/1042 2874/3117/2873 
f 2595/2760/2594 876/876/876 492/492/492 
f 876/876/876 2595/2760/2594 2594/2759/2593 
f 1544/1569/1544 1543/1568/1543 2140/2227/2140 
f 1543/1568/1543 2137/2224/2137 2140/2227/2140 
f 2547/2703/2546 2154/2242/2154 1487/1510/1487 
f 2885/3132/2884 1487/1510/1487 2886/3133/2885 
f 909/909/909 2854/3089/2853 2472/2613/2471 
f 911/911/911 3023/3381/3022 909/909/909 
f 769/769/769 1981/2046/1981 770/770/770 
f 2925/3183/2924 1981/2046/1981 769/769/769 
f 2355/2478/2355 843/843/843 2913/3168/2912 
f 2913/3168/2912 843/843/843 845/845/845 
f 1650/1682/1650 2378/2504/2378 883/883/883 
f 2125/2209/2125 2378/3082/2378 1650/1695/1650 
f 227/227/227 500/500/500 228/228/228 
f 2832/3057/2831 500/500/500 227/227/227 
f 1359/1376/1359 1358/1375/1358 2448/2585/2448 
f 1359/3314/1359 2448/3315/2448 1726/1768/1726 
f 2992/3382/2991 1965/2029/1965 1624/2031/1624 
f 2992/3382/2991 2333/2448/2333 1965/2029/1965 
f 212/212/212 523/523/523 213/213/213 
f 523/523/523 212/212/212 2604/2771/2603 
f 503/503/503 2025/2556/2025 504/504/504 
f 2025/2556/2025 2309/2420/2309 504/504/504 
f 2816/3034/2815 2483/2629/2482 2482/2628/2481 
f 1200/1205/1200 2816/3034/2815 2482/2628/2481 
f 2997/3302/2996 2725/2918/2724 1933/1994/1933 
f 2997/3302/2996 1933/1994/1933 1504/1527/1504 
f 78/78/78 2096/2169/2096 1096/1097/1096 
f 1096/1097/1096 2096/2169/2096 2841/3072/2840 
f 2360/2483/2360 722/722/722 1579/1604/1579 
f 1582/1607/1582 722/722/722 2360/2483/2360 
f 89/2631/89 651/1159/651 2217/2310/2217 
f 91/91/91 651/651/651 89/89/89 
f 154/154/154 1172/1177/1172 459/459/459 
f 459/459/459 155/155/155 154/154/154 
f 2653/2828/2652 2457/2595/2456 136/136/136 
f 2457/2595/2456 1564/1589/1564 136/136/136 
f 1356/1373/1356 297/297/297 2722/2910/2721 
f 1087/1087/1087 2722/2910/2721 297/297/297 
f 1547/1572/1547 2971/3261/2970 2426/2559/2426 
f 1547/1572/1547 2426/2559/2426 1785/1830/1785 
f 1916/1976/1916 104/104/104 106/106/106 
f 2792/3000/2791 1916/1976/1916 106/106/106 
f 2056/2126/2056 341/341/341 2221/2315/2221 
f 341/341/341 2056/2126/2056 342/342/342 
f 1427/1447/1427 674/674/674 1212/1217/1212 
f 1212/1217/1212 1211/1216/1211 1427/1447/1427 
f 2766/2965/2765 1221/1226/1221 2764/2963/2763 
f 2764/2963/2763 1221/1226/1221 1851/3175/1851 
f 818/818/818 2700/2887/2699 1871/1929/1871 
f 1871/1929/1871 816/816/816 818/818/818 
f 2461/2601/2460 3024/3383/3023 1712/1752/1712 
f 1712/1752/1712 1060/1751/1060 2461/2601/2460 
f 1486/1509/1486 414/414/414 2375/2501/2375 
f 2373/2499/2373 2375/2501/2375 414/414/414 
f 1594/1619/1594 867/867/867 443/443/443 
f 443/443/443 867/867/867 441/441/441 
f 2129/2213/2129 1228/1233/1228 2131/2215/2131 
f 2400/2529/2400 2131/3110/2131 1228/2151/1228 
f 2063/2133/2063 2136/3384/2136 2064/2134/2064 
f 1681/1716/1681 159/159/159 2064/2134/2064 
f 1216/1221/1216 1215/1220/1215 2655/2830/2654 
f 1216/1221/1216 2655/2830/2654 234/234/234 
f 1666/1701/1666 1150/2717/1150 2417/2546/2417 
f 1150/2717/1150 1149/3385/1149 2417/2546/2417 
f 1897/1957/1897 2037/3230/2037 2632/2805/2631 
f 2632/2805/2631 1895/1955/1895 1897/1957/1897 
f 2513/2664/2512 2677/3214/2676 2618/3280/2617 
f 2618/3280/2617 2619/2791/2618 2513/2664/2512 
f 1805/1852/1805 2533/2688/2532 1804/1851/1804 
f 2533/2688/2532 1805/1852/1805 785/785/785 
f 1581/1606/1581 2917/3174/2916 1582/1607/1582 
f 1217/1222/1217 2917/3174/2916 1581/1606/1581 
f 350/350/350 1706/1743/1706 1069/1069/1069 
f 350/350/350 1069/1069/1069 346/346/346 
f 1321/1333/1321 1320/1332/1320 1171/1176/1171 
f 1902/1962/1902 1321/1333/1321 1171/1176/1171 
f 310/310/310 2280/2385/2280 311/311/311 
f 254/254/254 2280/2385/2280 310/310/310 
f 2320/2433/2320 2869/3109/2868 1498/1521/1498 
f 1498/1521/1498 2869/3109/2868 1110/1111/1110 
f 2487/3069/2486 2775/2977/2774 1755/3262/1755 
f 1755/1797/1755 2304/2415/2304 2487/2635/2486 
f 2815/3031/2814 1425/1445/1425 273/273/273 
f 2049/2119/2049 2815/3031/2814 273/273/273 
f 521/521/521 1194/1199/1194 665/665/665 
f 521/521/521 520/520/520 1194/1199/1194 
f 252/252/252 546/546/546 2427/2560/2427 
f 252/252/252 2427/2560/2427 2800/3008/2799 
f 2836/3061/2835 650/1160/650 2596/2763/2595 
f 2091/2163/2091 2596/2762/2595 650/650/650 
f 2682/2863/2681 380/380/380 2016/2084/2016 
f 380/380/380 2682/2863/2681 999/999/999 
f 933/933/933 858/858/858 1751/1793/1751 
f 2608/2775/2607 1751/1793/1751 858/858/858 
f 2245/2347/2245 329/329/329 64/64/64 
f 329/329/329 2245/2347/2245 855/855/855 
f 1533/1557/1533 1535/1559/1535 2492/3211/2491 
f 1533/1557/1533 1532/1556/1532 1535/1559/1535 
f 2138/2225/2138 1285/1294/1285 1604/3386/1604 
f 1604/3386/1604 2139/2226/2139 2138/2225/2138 
f 518/518/518 2356/2479/2356 1974/2039/1974 
f 519/519/519 2356/2479/2356 518/518/518 
f 961/961/961 963/963/963 2115/2195/2115 
f 2116/2196/2116 2115/2195/2115 963/963/963 
f 2707/2894/2706 1793/1839/1793 1562/1587/1562 
f 2707/2894/2706 2708/2895/2707 1793/1839/1793 
f 2742/2937/2741 155/155/155 1876/2484/1876 
f 1876/1934/1876 379/379/379 2743/2938/2742 
f 744/744/744 745/745/745 2535/2690/2534 
f 2535/2690/2534 745/745/745 1709/1847/1709 
f 897/897/897 293/293/293 2733/2928/2732 
f 293/293/293 897/897/897 868/868/868 
f 987/987/987 1310/1322/1310 2354/3234/2354 
f 987/2477/987 3014/3345/3013 680/680/680 
f 2603/2770/2602 2292/2399/2292 1155/1156/1155 
f 2892/3142/2891 2292/2399/2292 2603/2770/2602 
f 280/280/280 1904/1964/1904 566/566/566 
f 1904/1964/1904 1901/1961/1901 566/566/566 
f 1947/2009/1947 1950/2012/1950 2805/3015/2804 
f 2637/2810/2636 1950/2012/1950 1947/2009/1947 
f 2293/2400/2293 1848/1898/1848 2789/2997/2788 
f 1846/1895/1846 2293/2400/2293 2789/2997/2788 
f 326/326/326 2054/2124/2054 147/147/147 
f 2054/2124/2054 148/148/148 147/147/147 
f 1992/2057/1992 1097/1098/1097 3025/3387/3024 
f 1097/1098/1097 703/703/703 3025/3387/3024 
f 1321/1333/1321 1902/1962/1902 1906/1966/1906 
f 1902/1962/1902 1904/1964/1904 1906/1966/1906 
f 2024/2093/2024 1053/1053/1053 1437/1457/1437 
f 1437/1457/1437 1898/1958/1898 2024/2093/2024 
f 1804/1851/1804 2419/2548/2419 2422/2551/2422 
f 2418/2547/2418 2422/2551/2422 2419/2548/2419 
f 2168/2256/2168 1260/1267/1260 2772/2972/2771 
f 2168/2256/2168 2772/2972/2771 2771/2971/2770 
f 2970/3260/2969 815/815/815 1643/1672/1643 
f 2970/3260/2969 1643/1672/1643 1645/1674/1645 
f 2918/3176/2917 846/846/846 1397/1414/1397 
f 2918/3176/2917 1397/1414/1397 1473/2617/1473 
f 1417/1437/1417 1294/1306/1294 1297/1309/1297 
f 1418/1438/1418 1417/1437/1417 1297/1309/1297 
f 2410/2539/2410 2095/2167/2095 2411/2540/2411 
f 2411/2540/2411 2095/2167/2095 1290/1299/1290 
f 1485/1508/1485 2890/3139/2889 1484/1506/1484 
f 2512/2663/2511 2890/3139/2889 1485/1508/1485 
f 437/437/437 798/798/798 435/435/435 
f 1302/1314/1302 798/798/798 437/437/437 
f 2505/2656/2504 2351/2473/2351 2350/2472/2350 
f 2026/2095/2026 2350/2472/2350 2351/2473/2351 
f 1020/1020/1020 606/2449/606 2049/2119/2049 
f 1020/1020/1020 604/3193/604 606/2449/606 
f 1674/1709/1674 1863/3253/1863 1675/1710/1675 
f 1863/3253/1863 1862/3332/1862 1675/1710/1675 
f 1015/1015/1015 719/3388/719 2666/2845/2665 
f 1928/1989/1928 719/3388/719 1015/1015/1015 
f 197/197/197 1920/1980/1920 195/195/195 
f 1920/1980/1920 1027/1027/1027 195/195/195 
f 2653/2828/2652 497/497/497 2457/2595/2456 
f 2653/2828/2652 1047/1047/1047 497/497/497 
f 290/290/290 348/348/348 291/291/291 
f 290/290/290 2053/2123/2053 348/348/348 
f 1177/1182/1177 2303/2414/2303 2304/2415/2304 
f 1177/1182/1177 2244/2346/2244 2303/2414/2303 
f 1877/1935/1877 2570/2733/2569 2782/2987/2781 
f 1175/1180/1175 1877/1935/1877 1176/1181/1176 
f 1540/1564/1540 837/837/837 1349/1366/1349 
f 1540/1564/1540 1349/1366/1349 2373/3083/2373 
f 2232/2328/2232 1865/1920/1865 1864/1919/1864 
f 2232/2328/2232 245/245/245 1865/1920/1865 
f 396/396/396 1293/1305/1293 2805/3015/2804 
f 397/397/397 396/396/396 2805/3015/2804 
f 485/485/485 2073/2143/2073 2164/2252/2164 
f 485/485/485 1004/1004/1004 2073/2143/2073 
f 2045/2115/2045 1831/1879/1831 356/356/356 
f 1831/1879/1831 2045/2115/2045 2814/3029/2813 
f 2266/2369/2266 1221/1226/1221 2766/2965/2765 
f 2266/2369/2266 2766/2965/2765 2931/3190/2930 
f 1192/1197/1192 2978/3272/2977 2384/2510/2384 
f 1192/1197/1192 2386/2512/2386 2978/3272/2977 
f 1007/1007/1007 672/672/672 1008/1008/1008 
f 1007/1007/1007 2294/2401/2294 672/672/672 
f 494/494/494 3026/3389/3025 495/495/495 
f 1912/1972/1912 495/495/495 3026/3389/3025 
f 1851/1902/1851 1850/1901/1850 2767/2966/2766 
f 2767/2966/2766 1850/1901/1850 1853/1905/1853 
f 1072/1072/1072 2366/2492/2366 1959/2023/1959 
f 1518/1542/1518 2366/2491/2366 1072/1096/1072 
f 23/23/23 263/263/263 262/262/262 
f 23/23/23 262/262/262 24/24/24 
f 2842/3073/2841 2216/2309/2216 706/706/706 
f 707/707/707 706/706/706 2216/2309/2216 
f 1987/2052/1987 593/593/593 2936/3198/2935 
f 593/593/593 592/592/592 2936/3198/2935 
f 1527/2597/1527 1529/2867/1529 398/398/398 
f 1530/1554/1530 1529/1553/1529 1527/1551/1527 
f 2648/3218/2647 2665/2844/2664 2664/3358/2663 
f 2648/2822/2647 2664/2843/2663 2193/2284/2193 
f 728/728/728 2704/2891/2703 729/729/729 
f 1712/1752/1712 3024/3383/3023 728/728/728 
f 2500/2649/2499 2614/2785/2613 2583/2747/2582 
f 2584/2748/2583 2583/2747/2582 2614/2785/2613 
f 2799/3007/2798 683/683/683 2615/2787/2614 
f 683/683/683 1684/1719/1684 2615/2787/2614 
f 151/151/151 2458/2596/2457 1405/1422/1405 
f 149/149/149 151/151/151 1405/1422/1405 
f 2866/3104/2865 1353/1370/1353 1618/1644/1618 
f 1353/1370/1353 2866/3104/2865 2865/3103/2864 
f 1722/1762/1722 2934/3195/2933 1721/1761/1721 
f 1071/1071/1071 2581/2745/2580 1722/1762/1722 
f 967/967/967 613/613/613 15/15/15 
f 14/14/14 967/967/967 15/15/15 
f 2767/2966/2766 751/1904/751 2765/2967/2764 
f 2765/2964/2764 751/751/751 2766/2965/2765 
f 1982/2047/1982 82/82/82 2248/2350/2248 
f 1024/1024/1024 82/82/82 1982/2047/1982 
f 1452/1472/1452 1160/1163/1160 1453/1473/1453 
f 1160/1163/1160 1159/1162/1159 1453/1473/1453 
f 737/737/737 1288/1297/1288 186/186/186 
f 736/736/736 1288/1297/1288 737/737/737 
f 1034/1034/1034 2405/2534/2405 2672/3086/2671 
f 2672/3086/2671 2851/3085/2850 1034/1034/1034 
f 2747/3030/2746 1832/1880/1832 2813/3028/2812 
f 2747/3030/2746 2813/3028/2812 2524/3390/2523 
f 938/938/938 1044/1044/1044 1507/1530/1507 
f 1507/1530/1507 1044/1044/1044 2555/2715/2554 
f 2317/2429/2317 1818/2425/1818 2103/2924/2103 
f 2317/2429/2317 2103/2924/2103 2316/2428/2316 
f 2867/3106/2866 568/568/568 1767/1810/1767 
f 569/569/569 568/568/568 2867/3106/2866 
f 2610/3141/2609 2167/2921/2167 2773/2973/2772 
f 2167/2921/2167 935/935/935 2773/2973/2772 
f 2438/2572/2438 1218/1223/1218 2935/3196/2934 
f 1218/1223/1218 2438/2572/2438 2837/3062/2836 
f 2638/2811/2637 1292/1302/1292 2401/2530/2401 
f 1292/1302/1292 2399/2528/2399 2401/2530/2401 
f 328/328/328 2982/3281/2981 292/292/292 
f 2982/3281/2981 328/328/328 1266/1273/1266 
f 1177/1182/1177 1423/1443/1423 1180/1185/1180 
f 1180/1185/1180 1423/1443/1423 1178/1183/1178 
f 1954/2018/1954 552/552/552 1955/2019/1955 
f 552/552/552 1954/2018/1954 1517/1541/1517 
f 2094/2166/2094 945/945/945 2093/2165/2093 
f 3009/3334/3008 2093/2165/2093 945/945/945 
f 2863/3100/2862 1570/1595/1570 2252/2355/2252 
f 1570/1595/1570 2253/2356/2253 2252/2355/2252 
f 2876/3119/2875 2879/3124/2878 1824/1872/1824 
f 1822/1870/1822 1824/1872/1824 2879/3124/2878 
f 2685/2866/2684 924/924/924 467/467/467 
f 2685/2866/2684 1085/1085/1085 924/924/924 
f 1351/3391/1351 2464/2605/2463 583/583/583 
f 1351/3391/1351 583/583/583 582/582/582 
f 641/641/641 2688/2872/2687 1658/1690/1658 
f 1657/1689/1657 641/641/641 1658/1690/1658 
f 1036/1036/1036 417/417/417 973/973/973 
f 2329/2442/2329 417/417/417 1036/1036/1036 
f 2282/2388/2282 2724/3392/2723 2283/3393/2283 
f 1431/1922/1431 2724/3392/2723 2282/2388/2282 
f 963/963/963 962/962/962 2289/2396/2289 
f 2993/3296/2992 2289/2396/2289 962/962/962 
f 2880/3125/2879 1368/1385/1368 1371/1388/1371 
f 1371/1388/1371 1368/1385/1368 2759/2955/2758 
f 1285/1294/1285 1284/1293/1284 1973/2038/1973 
f 2964/3246/2963 1973/2038/1973 1284/1293/1284 
f 2574/2737/2573 1064/1064/1064 2572/2735/2571 
f 2572/2735/2571 1064/1064/1064 2412/2541/2412 
f 2208/3249/2208 1536/3394/1536 1927/1987/1927 
f 1098/1988/1098 1927/1987/1927 1536/3394/1536 
f 488/488/488 2536/2691/2535 489/489/489 
f 2536/2691/2535 488/488/488 206/206/206 
f 2004/2072/2004 2002/3395/2002 984/984/984 
f 985/985/985 984/984/984 2002/3395/2002 
f 758/758/758 757/757/757 2007/2075/2007 
f 758/758/758 2007/2075/2007 97/97/97 
f 2740/2935/2739 2739/2934/2738 2342/2461/2342 
f 2739/2934/2738 1067/1504/1067 2342/2461/2342 
f 2871/3112/2870 915/915/915 917/917/917 
f 2871/3112/2870 917/917/917 2241/2340/2241 
f 1471/1491/1471 1717/1757/1717 1472/1492/1472 
f 1471/1491/1471 2350/2472/2350 1717/1757/1717 
f 2424/2554/2424 2835/3060/2834 1715/3307/1715 
f 2424/2554/2424 1715/3307/1715 1714/2552/1714 
f 1991/2056/1991 2838/3065/2837 1147/1148/1147 
f 1147/1148/1147 1146/1147/1146 1991/2056/1991 
f 1389/1406/1389 2380/3256/2380 541/541/541 
f 541/541/541 540/540/540 1389/1406/1389 
f 3008/3333/3007 1861/2341/1861 2870/3111/2869 
f 1861/2341/1861 581/581/581 2870/3111/2869 
f 2561/2722/2560 1558/1583/1558 2301/2412/2301 
f 1558/1583/1558 2561/2722/2560 381/381/381 
f 2790/2998/2789 1137/1138/1137 1465/1485/1465 
f 1137/1138/1137 2790/2998/2789 2711/2898/2710 
f 51/51/51 2689/2873/2688 49/49/49 
f 662/662/662 49/49/49 2689/2873/2688 
f 1977/2042/1977 1873/1931/1873 705/705/705 
f 1873/3309/1873 1977/3071/1977 2841/3072/2840 
f 2405/2534/2405 2404/2533/2404 1551/1576/1551 
f 1551/1576/1551 2404/2533/2404 2150/2238/2150 
f 2213/2306/2213 2946/3215/2945 1855/1907/1855 
f 580/580/580 1855/1907/1855 2946/3215/2945 
f 1214/1219/1214 1041/1041/1041 1040/1040/1040 
f 2291/2398/2291 1041/1041/1041 1214/1219/1214 
f 673/673/673 1298/1310/1298 1296/1308/1296 
f 1296/1308/1296 2204/2297/2204 673/673/673 
f 2393/2519/2393 2825/3047/2824 81/81/81 
f 2825/3047/2824 2248/2350/2248 81/81/81 
f 2895/3145/2894 2240/2339/2240 2239/2338/2239 
f 1431/1451/1431 2895/3145/2894 2239/2338/2239 
f 2030/2100/2030 389/389/389 1195/1200/1195 
f 1195/1200/1195 1197/1202/1197 2030/2100/2030 
f 1412/1432/1412 832/1431/832 2991/3294/2990 
f 1413/1433/1413 1412/1432/1412 2991/3294/2990 
f 4/4/4 658/658/658 2265/2368/2265 
f 1503/1526/1503 4/4/4 2265/2368/2265 
f 2514/2665/2513 2619/2791/2618 2516/2667/2515 
f 2513/2664/2512 2619/2791/2618 2514/2665/2513 
f 1036/1036/1036 2922/3180/2921 1037/1037/1037 
f 2922/3180/2921 2296/2405/2296 1037/1037/1037 
f 2009/2077/2009 168/168/168 758/758/758 
f 2009/2077/2009 1491/1514/1491 168/168/168 
f 2531/2686/2530 2532/2687/2531 338/338/338 
f 2532/2687/2531 2406/2535/2406 338/338/338 
f 439/439/439 2688/2872/2687 643/643/643 
f 439/439/439 438/438/438 2688/2872/2687 
f 47/47/47 1048/1048/1048 2185/2275/2185 
f 47/47/47 2185/2275/2185 500/500/500 
f 2856/3091/2855 129/129/129 2534/2689/2533 
f 2534/2689/2533 129/129/129 131/131/131 
f 1821/1869/1821 1823/1871/1823 1822/1870/1822 
f 1822/1870/1822 2495/2643/2494 1821/1869/1821 
f 1243/1248/1243 2285/2391/2285 1244/1249/1244 
f 1244/2229/1244 2285/2392/2285 2287/2394/2287 
f 2296/2405/2296 2922/3180/2921 1391/1408/1391 
f 1391/1408/1391 1801/1848/1801 2296/2405/2296 
f 2562/2723/2561 2571/2734/2570 2570/2733/2569 
f 379/379/379 2562/2723/2561 2570/2733/2569 
f 207/207/207 755/755/755 2830/3055/2829 
f 657/657/657 755/755/755 207/207/207 
f 888/888/888 1957/2021/1957 2554/2713/2553 
f 1957/2021/1957 888/888/888 1958/2022/1958 
f 1528/2599/1528 2460/2600/2459 1098/1988/1098 
f 1098/1099/1098 1100/1101/1100 1528/1552/1528 
f 1520/1544/1520 2963/3245/2962 2493/2641/2492 
f 1520/1544/1520 2696/2882/2695 2963/3245/2962 
f 1123/1124/1123 1362/1379/1362 114/114/114 
f 1124/1125/1124 1362/1379/1362 1123/1124/1123 
f 2990/3293/2989 786/786/786 2145/2233/2145 
f 995/995/995 2990/3293/2989 2145/2233/2145 
f 2670/2850/2669 2671/3367/2670 2669/2849/2668 
f 2290/2397/2290 2669/2849/2668 2671/3367/2670 
f 2324/2437/2324 802/802/802 2943/3210/2942 
f 802/802/802 799/799/799 2943/3210/2942 
f 1840/1888/1840 830/830/830 1412/1889/1412 
f 1840/1888/1840 513/513/513 830/830/830 
f 2003/2071/2003 2002/2070/2002 2224/2319/2224 
f 2844/3075/2843 2003/2071/2003 2224/2319/2224 
f 1941/2002/1941 2257/3228/2257 1836/1884/1836 
f 2257/2360/2257 1941/2590/1941 2452/2589/2181 
f 2299/2410/2299 254/254/254 310/310/310 
f 2804/3014/2803 254/254/254 2299/2410/2299 
f 2585/2749/2584 377/377/377 563/563/563 
f 375/375/375 2585/2749/2584 563/563/563 
f 1016/1016/1016 1018/1018/1018 2781/2986/2780 
f 2781/2986/2780 2359/2984/2359 1016/1016/1016 
f 1246/1251/1246 395/395/395 1401/1418/1401 
f 561/561/561 1246/1251/1246 1401/1418/1401 
f 2727/3138/2726 2726/2919/2725 2889/3137/2888 
f 2984/3283/2983 2727/2920/2726 2889/3396/2888 
f 694/694/694 108/108/108 692/692/692 
f 694/694/694 1725/1766/1725 108/108/108 
f 918/918/918 1525/1549/1525 34/34/34 
f 34/34/34 1525/1549/1525 1523/1547/1523 
f 1596/1621/1596 797/797/797 1597/1622/1597 
f 797/797/797 2868/3108/2867 1597/1622/1597 
f 691/691/691 690/690/690 1357/1374/1357 
f 691/691/691 1357/1374/1357 268/268/268 
f 1385/1402/1385 2931/3190/2930 1388/1405/1388 
f 749/749/749 1388/1405/1388 750/750/750 
f 2246/2348/2246 2924/3182/2923 1249/1254/1249 
f 1249/3337/1249 2924/3344/2923 2358/2481/2358 
f 358/358/358 2102/2178/2102 2957/3239/2956 
f 2102/2178/2102 2731/2926/2730 2957/3239/2956 
f 1522/1546/1522 1524/1548/1524 738/738/738 
f 188/188/188 1522/1546/1522 738/738/738 
f 271/271/271 2047/2117/2047 603/603/603 
f 603/603/603 2047/2117/2047 1425/1445/1425 
f 1652/1684/1652 2106/2185/2106 2550/2706/2549 
f 2105/2184/2105 2106/2185/2106 1652/1684/1652 
f 2516/2667/2515 2620/2792/2619 1975/2040/1975 
f 2516/2667/2515 1975/2040/1975 1188/1193/1188 
f 2178/2268/2178 1823/1871/1823 1106/1107/1106 
f 1823/1871/1823 2178/2268/2178 1824/1872/1824 
f 131/131/131 952/952/952 357/357/357 
f 130/130/130 952/952/952 131/131/131 
f 2990/3293/2989 995/995/995 2302/2413/2302 
f 995/995/995 990/990/990 2302/2413/2302 
f 2927/3185/2926 2674/2855/2673 1207/1212/1207 
f 2674/2855/2673 2268/2371/2268 1207/1212/1207 
f 1291/1300/1291 432/432/432 710/710/710 
f 176/176/176 432/432/432 1291/1300/1291 
f 2186/2276/2186 499/499/499 500/500/500 
f 1047/1047/1047 499/499/499 2186/2276/2186 
f 1173/1178/1173 156/156/156 2742/2937/2741 
f 156/156/156 1173/1178/1173 1172/1177/1172 
f 1672/1707/1672 76/76/76 701/701/701 
f 74/74/74 76/76/76 1672/1707/1672 
f 2110/2189/2110 2667/2846/2666 2777/2981/2776 
f 2905/3159/2904 2667/2846/2666 2110/2189/2110 
f 972/972/972 1256/1263/1256 323/323/323 
f 972/972/972 1254/1261/1254 1256/1263/1256 
f 2613/2784/2612 1570/2456/1570 980/980/980 
f 3002/3312/3001 2613/2784/2612 980/980/980 
f 2568/2729/2567 587/587/587 586/586/586 
f 586/586/586 1922/2730/1922 2568/2729/2567 
f 2866/3104/2865 1356/1373/1356 2865/3103/2864 
f 2865/3103/2864 1356/1373/1356 1355/1372/1355 
f 2192/2283/2192 1347/3150/1347 1583/1608/1583 
f 2387/2513/2387 1583/1608/1583 1347/3150/1347 
f 622/622/622 1179/1184/1179 1671/1706/1671 
f 1180/1185/1180 1179/1184/1179 622/622/622 
f 881/881/881 633/633/633 882/882/882 
f 882/882/882 633/633/633 632/632/632 
f 2524/3390/2523 2813/3028/2812 2409/2677/2409 
f 2524/2676/2523 2409/2538/2409 2408/2537/2408 
f 2690/2874/2689 2413/2542/2413 1611/1637/1611 
f 2690/2874/2689 1611/1637/1611 1610/1636/1610 
f 903/903/903 391/391/391 3005/3320/3004 
f 2860/3097/2859 801/801/801 903/903/903 
f 74/74/74 915/915/915 2912/3167/2911 
f 2871/3112/2870 2912/3167/2911 915/915/915 
f 1302/1314/1302 1636/1663/1636 1331/1345/1331 
f 1302/1314/1302 1331/1345/1331 799/799/799 
f 1079/1079/1079 2306/2417/2306 526/526/526 
f 2306/2417/2306 1079/1079/1079 243/243/243 
f 980/980/980 2339/2455/2339 978/978/978 
f 1815/1862/1815 978/978/978 2339/2455/2339 
f 2107/3024/2107 814/814/814 1784/1829/1784 
f 814/814/814 2107/3024/2107 2635/2808/2634 
f 1010/1010/1010 2758/2954/2757 1009/1009/1009 
f 1009/1009/1009 2758/2954/2757 1849/1899/1849 
f 774/774/774 1408/1425/1408 1410/1427/1410 
f 774/774/774 1410/1427/1410 1621/1647/1621 
f 1403/1420/1403 57/57/57 394/394/394 
f 1403/1420/1403 394/394/394 393/393/393 
f 1332/3397/1332 2347/2468/2347 2349/2471/2349 
f 2347/2468/2347 1332/3397/1332 1331/2633/1331 
f 2622/2794/2621 1938/1999/1938 1386/1403/1386 
f 2622/2794/2621 2621/2793/2620 1938/1999/1938 
f 1248/1253/1248 2247/2349/2247 1757/1799/1757 
f 1248/1253/1248 2109/2188/2109 2247/2349/2247 
f 2171/2259/2171 1776/2260/1776 1777/3351/1777 
f 1777/3351/1777 2172/2261/2172 2171/2259/2171 
f 222/222/222 1705/2994/1705 2467/2608/2466 
f 1705/2994/1705 222/222/222 1506/3013/1506 
f 430/430/430 2281/2387/2281 1089/1089/1089 
f 2281/2387/2281 430/430/430 1354/2386/1354 
f 291/291/291 2581/2745/2580 1070/1070/1070 
f 289/289/289 291/291/291 1070/1070/1070 
f 210/210/210 487/487/487 211/211/211 
f 781/781/781 487/487/487 210/210/210 
f 408/408/408 834/834/834 2965/3247/2964 
f 408/408/408 2371/2497/2371 834/834/834 
f 2382/2508/2382 1816/1863/1816 1130/1131/1130 
f 1816/1863/1816 2441/2576/2441 1130/1131/1130 
f 2874/3117/2873 2875/3118/2874 119/119/119 
f 119/119/119 2875/3118/2874 120/120/120 
f 1383/1400/1383 2539/2694/2538 1384/1401/1384 
f 1384/1401/1384 2539/2694/2538 2126/2210/2126 
f 2203/2296/2203 2830/3055/2829 757/757/757 
f 2830/3055/2829 2007/2075/2007 757/757/757 
f 2509/3114/2508 2020/3398/2020 2769/2969/2768 
f 2769/2969/2768 1107/1108/1107 2509/3114/2508 
f 2505/2656/2504 447/447/447 2506/2657/2505 
f 2505/2656/2504 448/448/448 447/447/447 
f 960/960/960 103/103/103 958/958/958 
f 960/960/960 2331/2444/2331 103/103/103 
f 2263/2366/2263 300/300/300 299/299/299 
f 2263/2366/2263 1142/1143/1142 300/300/300 
f 2663/2840/2662 829/829/829 2017/2085/2017 
f 829/829/829 2018/2086/2018 2017/2085/2017 
f 882/882/882 632/632/632 2551/2707/2550 
f 2550/2706/2549 2551/2707/2550 632/632/632 
f 427/427/427 2155/2243/2155 2157/2245/2157 
f 196/196/196 2157/2245/2157 2155/2243/2155 
f 861/861/861 1477/1498/1477 2364/2489/2364 
f 861/861/861 2364/2489/2364 1062/1062/1062 
f 1593/1618/1593 868/868/868 867/867/867 
f 1593/1618/1593 293/293/293 868/868/868 
f 965/965/965 410/410/410 2280/2385/2280 
f 410/410/410 965/965/965 964/964/964 
f 873/873/873 2032/2102/2032 871/871/871 
f 1077/1077/1077 871/871/871 2032/2102/2032 
f 330/330/330 1025/1025/1025 331/331/331 
f 331/331/331 1025/1025/1025 2739/2934/2738 
f 1968/2033/1968 1973/2038/1973 2964/3246/2963 
f 1968/2033/1968 2964/3246/2963 2271/2374/2271 
f 2397/2525/2397 1335/2524/1335 1741/2470/1741 
f 1334/1348/1334 1741/1783/1741 1335/1349/1335 
f 2150/2238/2150 1548/1573/1548 1378/1395/1378 
f 2150/2238/2150 1378/1395/1378 2295/3050/2295 
f 401/401/401 44/44/44 1710/1748/1710 
f 1710/1748/1710 44/44/44 2087/2159/2087 
f 2611/2781/2610 1081/1081/1081 1555/1580/1555 
f 1081/1081/1081 2611/2781/2610 1825/1873/1825 
f 2792/3000/2791 106/106/106 1337/1351/1337 
f 2792/3000/2791 1337/1351/1337 2955/3233/2954 
f 169/169/169 2845/3076/2844 170/170/170 
f 2319/2432/2319 2845/3076/2844 169/169/169 
f 1955/2019/1955 167/167/167 2565/2726/2564 
f 2565/2726/2564 1953/2017/1953 1955/2019/1955 
f 1165/1168/1165 68/68/68 67/67/67 
f 1165/1168/1165 67/67/67 1430/1450/1430 
f 1659/1691/1659 1776/2260/1776 1660/1692/1660 
f 510/510/510 1776/1821/1776 1659/2577/1659 
f 1405/1422/1405 1404/1421/1404 149/149/149 
f 149/149/149 1404/1421/1404 3004/3319/3003 
f 1000/1000/1000 459/459/459 848/848/848 
f 848/848/848 532/532/532 1000/1000/1000 
f 2829/3054/2828 403/403/403 2105/2184/2105 
f 403/403/403 2829/3054/2828 401/401/401 
f 362/362/362 364/364/364 949/949/949 
f 364/364/364 950/950/950 949/949/949 
f 1789/1834/1789 569/569/569 1790/1835/1790 
f 569/569/569 2867/3106/2866 1790/1835/1790 
f 2848/3079/2847 1546/1571/1546 1545/1570/1545 
f 2848/3079/2847 1545/1570/1545 2356/2479/2356 
f 645/645/645 644/644/644 1447/1467/1447 
f 1447/1467/1447 2113/2192/2113 2112/2191/2112 
f 2253/2356/2253 215/215/215 2153/2241/2153 
f 215/215/215 2151/2239/2151 2153/2241/2153 
f 2182/2272/2182 2181/2271/2181 1590/1615/1590 
f 2182/2272/2182 1590/1615/1590 226/226/226 
f 912/912/912 1126/1127/1126 412/412/412 
f 1126/1127/1126 1489/1512/1489 412/412/412 
f 615/615/615 1910/1970/1910 15/15/15 
f 1910/1970/1910 615/615/615 614/614/614 
f 2098/2172/2098 1531/1555/1531 2549/2705/2548 
f 1532/1556/1532 1531/1555/1531 2098/2172/2098 
f 1518/1542/1518 1513/1537/1513 1515/1539/1515 
f 1518/1542/1518 1517/1541/1517 1513/1537/1513 
f 936/936/936 2984/3283/2983 1930/1991/1930 
f 936/936/936 1930/1991/1930 937/937/937 
f 2656/2831/2655 1215/1220/1215 636/636/636 
f 2656/2831/2655 2655/2830/2654 1215/1220/1215 
f 676/676/676 103/103/103 2331/2444/2331 
f 961/961/961 676/676/676 2331/2444/2331 
f 2528/2683/2527 554/554/554 1889/1949/1889 
f 2528/2683/2527 1889/1949/1889 1094/1948/1094 
f 2774/2974/2773 427/427/427 2157/2245/2157 
f 427/427/427 2774/2974/2773 2156/2244/2156 
f 815/815/815 2635/2808/2634 2634/2807/2633 
f 815/815/815 814/814/814 2635/2808/2634 
f 2407/2536/2407 1318/1330/1318 1317/1329/1317 
f 1325/1337/1325 1318/3317/1318 2407/2678/2407 
f 276/276/276 847/847/847 274/274/274 
f 276/276/276 111/111/111 847/847/847 
f 1743/1785/1743 1181/1186/1181 1746/1788/1746 
f 1743/1785/1743 1746/1788/1746 2796/3004/2795 
f 2732/2927/2731 2733/2928/2732 2237/2334/2237 
f 1772/2336/1772 2237/2334/2237 2733/2928/2732 
f 1573/1598/1573 1572/1597/1572 2714/2901/2713 
f 211/211/211 1573/1598/1573 2714/2901/2713 
f 1557/1582/1557 1556/1581/1556 1462/1482/1462 
f 2300/2411/2300 1557/1582/1557 1462/1482/1462 
f 1327/1339/1327 2142/2230/2142 2788/2996/2787 
f 1328/1341/1328 2142/2230/2142 1327/1339/1327 
f 2827/3052/2826 434/434/434 2078/2148/2078 
f 1278/1285/1278 2827/3051/2826 2078/3326/2078 
f 920/920/920 2861/3098/2860 2220/2313/2220 
f 920/920/920 2157/2245/2157 2861/3098/2860 
f 2616/2788/2615 1684/3399/1684 864/864/864 
f 1682/2430/1682 1684/3399/1684 2616/2788/2615 
f 2710/3400/2709 2711/2898/2710 1184/1189/1184 
f 2710/3400/2709 2883/3130/2882 2711/2898/2710 
f 1124/1125/1124 2884/3131/2883 1363/1380/1363 
f 1124/1125/1124 1363/1380/1363 1362/1379/1362 
f 2525/2679/2524 2526/2681/2525 2141/2680/2141 
f 2139/2909/2139 2525/2679/2524 2141/2680/2141 
f 1494/1517/1494 2567/2728/2566 1495/1518/1495 
f 2567/2728/2566 1494/1517/1494 2878/3121/2877 
f 2763/2962/2762 1670/1705/1670 179/179/179 
f 981/981/981 1670/1705/1670 2763/2962/2762 
f 2389/2515/2389 1701/1738/1701 1005/1005/1005 
f 1701/1738/1701 2389/2515/2389 1702/1739/1702 
f 1818/1865/1818 1690/1725/1690 2103/2180/2103 
f 1818/1865/1818 1688/1723/1688 1690/1725/1690 
f 2386/2512/2386 1648/1679/1648 1979/3236/1979 
f 1648/1679/1648 2386/2512/2386 1192/1197/1192 
f 902/902/902 2890/3139/2889 2512/2663/2511 
f 2511/2662/2510 902/902/902 2512/2663/2511 
f 2645/2818/2644 160/160/160 1006/1006/1006 
f 730/730/730 2645/2818/2644 1006/1006/1006 
f 1615/1641/1615 925/925/925 1085/1085/1085 
f 925/925/925 1615/1641/1615 1617/1643/1617 
f 1262/1269/1262 991/991/991 1984/3291/1984 
f 2540/2695/2539 1984/3291/1984 991/991/991 
f 2428/2561/2428 1272/1279/1272 1271/1278/1271 
f 1721/1761/1721 1272/1763/1272 2428/3049/2428 
f 170/170/170 1475/1496/1475 171/171/171 
f 1475/1496/1475 170/170/170 1476/1497/1476 
f 1952/2016/1952 572/572/572 2642/2815/2641 
f 571/571/571 2642/2815/2641 572/572/572 
f 2012/2080/2012 2011/2079/2011 2891/3140/2890 
f 1366/1383/1366 2012/2080/2012 2891/3140/2890 
f 1809/1856/1809 425/425/425 166/166/166 
f 1809/1856/1809 423/423/423 425/425/425 
f 2548/2704/2547 2885/3132/2884 2886/3133/2885 
f 2548/2704/2547 2886/3133/2885 607/607/607 
f 2298/2409/2298 2443/2579/2443 2297/2408/2297 
f 2443/2579/2443 2006/2406/2006 2297/2408/2297 
f 2452/2589/2181 2101/2176/2101 2100/2175/2100 
f 2452/2589/2181 2100/2175/2100 2453/2591/2452 
f 2579/2743/2578 2011/2079/2011 1364/1381/1364 
f 2011/2079/2011 2579/2743/2578 3000/3305/2999 
f 1163/1166/1163 1370/1387/1370 1372/1389/1372 
f 2937/3200/2936 1163/1166/1163 1372/1389/1372 
f 659/659/659 1135/1136/1135 1134/1135/1134 
f 659/659/659 148/148/148 1135/1136/1135 
f 2018/2086/2018 122/122/122 2017/2085/2017 
f 122/122/122 2018/2086/2018 2478/2624/2477 
f 2929/3187/2928 2999/3304/2998 1261/2014/1261 
f 1260/1267/1260 2929/3188/2928 1261/1268/1261 
f 1947/2009/1947 1946/2008/1946 2638/2811/2637 
f 2638/2811/2637 1946/2008/1946 1292/1302/1292 
f 863/863/863 1063/1063/1063 2904/3158/2903 
f 1063/1063/1063 2364/2489/2364 2904/3158/2903 
f 2226/3401/2226 1698/1734/1698 1699/1735/1699 
f 1612/1731/1612 2226/3401/2226 1699/1735/1699 
f 135/135/135 137/137/137 365/365/365 
f 137/137/137 1475/1496/1475 365/365/365 
f 1237/1242/1237 1236/1241/1236 2660/2835/2659 
f 1237/1242/1237 1234/1239/1234 1236/1241/1236 
f 2301/2412/2301 763/763/763 2967/3257/2966 
f 2967/3257/2966 763/763/763 762/762/762 
f 1222/1227/1222 2819/3038/2818 1223/1228/1223 
f 1222/1227/1222 2776/2979/2775 2819/3038/2818 
f 815/815/815 1974/2039/1974 1090/1090/1090 
f 2356/2479/2356 1090/1090/1090 1974/2039/1974 
f 1022/1022/1022 2592/2757/2591 2194/2285/2194 
f 2050/2120/2050 2592/2757/2591 1022/1022/1022 
f 2788/2996/2787 1962/2026/1962 1964/2028/1964 
f 2788/3207/2787 2802/3011/2801 1962/2463/1962 
f 2627/2799/2626 1315/1327/1315 1324/1336/1324 
f 1323/1335/1323 1324/1336/1324 1315/1327/1315 
f 2859/3096/2858 1857/1911/1857 3005/3320/3004 
f 1287/1296/1287 1857/1911/1857 2859/3096/2858 
f 1117/1118/1117 1119/1120/1119 482/482/482 
f 2307/2418/2307 1117/1118/1117 482/482/482 
f 1235/1240/1235 1234/1239/1234 2225/2320/2225 
f 1235/1240/1235 2225/2320/2225 812/2837/812 
f 503/503/503 2806/3016/2805 2617/2789/2616 
f 503/503/503 505/505/505 2806/3016/2805 
f 1716/3306/1716 2835/3060/2834 2473/2616/2472 
f 2473/2616/2472 2835/3060/2834 274/274/274 
f 70/70/70 2156/2244/2156 869/869/869 
f 2156/2244/2156 70/70/70 427/427/427 
f 1930/1991/1930 1932/1993/1932 937/937/937 
f 220/220/220 937/937/937 1932/1993/1932 
f 1782/1827/1782 537/537/537 539/539/539 
f 539/539/539 263/263/263 1782/1827/1782 
f 836/836/836 838/838/838 406/406/406 
f 406/406/406 1023/1023/1023 836/836/836 
f 2633/2806/2632 1638/1665/1638 1637/1664/1637 
f 2633/2806/2632 711/711/711 1638/1665/1638 
f 852/852/852 2254/2357/2254 2152/2240/2152 
f 2153/2241/2153 2152/2240/2152 2254/2357/2254 
f 2911/3166/2910 2925/3183/2924 1909/1969/1909 
f 1345/1362/1345 1909/1969/1909 2925/3183/2924 
f 2600/2767/2599 1147/1148/1147 2839/3066/2838 
f 2839/3066/2838 2599/2766/2598 2600/2767/2599 
f 3009/3334/3008 1702/1739/1702 162/162/162 
f 162/162/162 2093/2165/2093 3009/3334/3008 
f 2610/2777/2609 1259/2013/1259 2609/2776/2608 
f 1259/1266/1259 2610/3141/2609 2772/2972/2771 
f 1208/1213/1208 1572/1597/1572 1574/1599/1574 
f 1572/1597/1572 1208/1213/1208 746/746/746 
f 2279/2384/2279 507/507/507 506/506/506 
f 2279/2384/2279 1100/1101/1100 507/507/507 
f 2868/3108/2867 792/792/792 635/635/635 
f 2868/3108/2867 797/797/797 792/792/792 
f 159/159/159 2914/3169/2913 2310/2421/2310 
f 2914/3169/2913 159/159/159 1681/1716/1681 
f 2148/2236/2148 2147/2235/2147 2149/2237/2149 
f 272/272/272 2148/2236/2148 2149/2237/2149 
f 118/118/118 1416/1436/1416 1418/1438/1418 
f 1297/1309/1297 118/118/118 1418/1438/1418 
f 1929/1990/1929 1280/1289/1280 2894/3144/2893 
f 2894/3226/2893 1014/1014/1014 1929/2652/1929 
f 2399/2527/2399 1232/1237/1232 2132/2216/2132 
f 1232/1237/1232 2919/3177/2918 2132/2216/2132 
f 209/209/209 46/46/46 210/210/210 
f 1341/1357/1341 46/46/46 209/209/209 
f 306/306/306 305/305/305 98/98/98 
f 306/306/306 98/98/98 2987/3286/2986 
f 919/919/919 2826/3048/2825 39/39/39 
f 919/919/919 1880/1938/1880 2826/3048/2825 
f 1601/1626/1601 2236/3022/2236 2811/3023/2810 
f 2235/2332/2235 2811/3308/2810 2236/2333/2236 
f 2383/3402/2383 2380/2506/2380 2745/2940/2744 
f 283/1429/283 2383/3402/2383 2745/2940/2744 
f 2634/2807/2633 975/975/975 1644/1673/1644 
f 2634/2807/2633 976/976/976 975/975/975 
f 1959/2023/1959 289/289/289 1070/1070/1070 
f 289/289/289 1959/2023/1959 1960/2024/1960 
f 266/266/266 2453/2591/2452 2100/2175/2100 
f 266/266/266 2258/2361/2258 2453/2591/2452 
f 1116/1117/1116 869/869/869 522/522/522 
f 523/523/523 1116/1117/1116 522/522/522 
f 2949/3221/2948 726/726/726 1530/1554/1530 
f 506/506/506 2949/3221/2948 1530/1554/1530 
f 528/528/528 530/530/530 1556/1581/1556 
f 3012/3341/3011 528/528/528 1556/1581/1556 
f 1714/1754/1714 1713/1753/1713 2027/2096/2027 
f 1714/1754/1714 2027/2096/2027 2023/2092/2023 
f 2515/2666/2514 707/707/707 2216/2309/2216 
f 1187/1192/1187 707/707/707 2515/2666/2514 
f 1689/1724/1689 1685/1720/1685 1690/1725/1690 
f 1689/1724/1689 324/324/324 1685/1720/1685 
f 1997/2062/1997 1322/1334/1322 2820/3039/2819 
f 2820/3039/2819 2821/3040/2820 1997/2062/1997 
f 2776/2979/2775 1999/2066/1999 2819/3038/2818 
f 1999/3328/1999 2776/2978/2775 752/752/752 
f 718/718/718 2092/2164/2092 2076/2146/2076 
f 2076/2146/2076 716/716/716 718/718/718 
f 2273/2376/2273 352/352/352 2626/2798/2625 
f 352/352/352 2273/2376/2273 353/353/353 
f 3027/3403/3026 2917/3174/2916 1217/1222/1217 
f 3027/3403/3026 1217/1222/1217 1216/1221/1216 
f 2481/2627/2480 14/14/14 1589/1614/1589 
f 2697/2883/2696 2481/2627/2480 1589/1614/1589 
f 1890/1950/1890 33/33/33 32/32/32 
f 1891/1951/1891 1890/1950/1890 32/32/32 
f 233/233/233 232/232/232 2174/2263/2174 
f 2694/2880/2693 2932/3191/2931 232/232/232 
f 2902/3155/2901 2903/3350/2902 2491/2639/2490 
f 2491/2639/2490 2169/2257/2169 2902/3155/2901 
f 3028/3404/3027 795/795/795 1596/1621/1596 
f 795/795/795 3028/3404/3027 2559/3036/2558 
f 1293/1305/1293 556/1304/556 2067/3336/2067 
f 1293/1305/1293 2067/3336/2067 1948/2010/1948 
f 2468/2609/2467 54/54/54 53/53/53 
f 58/58/58 2468/2609/2467 53/53/53 
f 2915/3405/2914 1896/1956/1896 2308/2419/2308 
f 2915/3172/2914 2308/2520/2308 2916/3173/2915 
f 2395/2522/2395 2916/3173/2915 2308/2520/2308 
f 2916/3173/2915 2395/2522/2395 2396/2523/2396 
f 436/436/436 1289/1298/1289 2410/2539/2410 
f 2410/2539/2410 1289/1298/1289 2095/2167/2095 
f 1071/2563/1071 2429/2562/2429 1095/1095/1095 
f 2429/2562/2429 1269/1276/1269 1095/1095/1095 
f 1146/1147/1146 2219/2312/2219 1990/2055/1990 
f 1146/1147/1146 1148/1149/1148 2219/2312/2219 
f 2934/3195/2933 2823/3042/2822 1721/1761/1721 
f 2823/3042/2822 1723/1764/1723 1721/1761/1721 
f 1914/1974/1914 932/1353/932 1339/1355/1339 
f 1914/1974/1914 1339/1355/1339 1915/1975/1915 
f 2133/2217/2133 846/846/846 111/111/111 
f 846/846/846 2133/2217/2133 1395/1412/1395 
f 1445/1465/1445 1442/1462/1442 1342/1358/1342 
f 1443/1463/1443 1445/1465/1445 1342/1358/1342 
f 1704/3406/1704 1703/2819/1703 2466/2607/2465 
f 2785/3407/2784 1704/3406/1704 2466/2607/2465 
f 998/998/998 625/625/625 2221/2315/2221 
f 998/998/998 2221/2315/2221 343/343/343 
f 3016/3347/3015 548/548/548 78/78/78 
f 546/546/546 3016/3347/3015 78/78/78 
f 2107/3024/2107 1784/1829/1784 817/3408/817 
f 1784/1829/1784 2971/3261/2970 817/3408/817 
f 1924/1984/1924 2460/2600/2459 1925/1985/1925 
f 1528/2599/1528 1925/1985/1925 2460/2600/2459 
f 1802/1849/1802 1870/1928/1870 2853/3088/2852 
f 2853/3088/2852 1870/1928/1870 1869/1927/1869 
f 2901/3154/2900 2490/2638/2489 1512/1536/1512 
f 1510/1533/1510 1512/1536/1512 2490/2638/2489 
f 2518/2669/2517 2520/2672/2519 2824/3044/2823 
f 2520/2672/2519 2518/2669/2517 866/866/866 
f 2362/2487/2362 2361/2485/2361 1002/1002/1002 
f 2361/2485/2361 1000/1000/1000 1002/1002/1002 
f 2694/2880/2693 715/715/715 2693/2879/2692 
f 715/715/715 1284/1293/1284 2693/2879/2692 
f 2534/2689/2533 1833/1881/1833 2856/3091/2855 
f 2856/3091/2855 1833/1881/1833 2062/2132/2062 
f 2006/2074/2006 2793/3001/2792 304/304/304 
f 304/304/304 2793/3001/2792 2083/2155/2083 
f 1055/1055/1055 2617/2789/2616 1056/1056/1056 
f 2617/2789/2616 2229/2325/2229 1056/1056/1056 
f 2773/2973/2772 935/935/935 2771/2971/2770 
f 2771/2971/2770 935/935/935 575/575/575 
f 2541/2696/2540 1481/1502/1481 1276/1283/1276 
f 2393/2519/2393 1481/1502/1481 2541/2696/2540 
f 2338/2454/2338 1322/1334/1322 1997/2062/1997 
f 1320/1332/1320 1322/1334/1322 2338/2454/2338 
f 926/926/926 1940/2001/1940 1939/2000/1939 
f 1939/2000/1939 735/735/735 926/926/926 
f 1880/1938/1880 1882/1940/1882 1883/1941/1883 
f 1880/1938/1880 1883/1941/1883 608/608/608 
f 1566/1591/1566 852/852/852 1567/1592/1567 
f 1566/1591/1566 2254/2357/2254 852/852/852 
f 2966/3254/2965 1676/3252/1676 1674/1709/1674 
f 413/1565/413 1676/3252/1676 2966/3254/2965 
f 377/377/377 1692/1727/1692 2212/2305/2212 
f 377/377/377 2212/2305/2212 2211/2304/2211 
f 1305/1317/1305 2779/2983/2778 714/714/714 
f 184/184/184 1305/1317/1305 714/714/714 
f 238/238/238 1242/1247/1242 2780/2985/2779 
f 1242/1247/1242 2277/2382/2277 2780/2985/2779 
f 709/709/709 1290/1299/1290 710/710/710 
f 2411/2540/2411 1290/1299/1290 709/709/709 
f 88/88/88 87/87/87 2840/3067/2839 
f 2840/3067/2839 87/87/87 1644/1673/1644 
f 2310/2421/2310 1680/1715/1680 2928/3186/2927 
f 2914/3169/2913 1680/1715/1680 2310/2421/2310 
f 977/1359/977 771/771/771 1908/1968/1908 
f 1908/1968/1908 771/771/771 164/164/164 
f 762/762/762 2782/2987/2781 2571/2734/2570 
f 762/762/762 2571/2734/2570 2967/3257/2966 
f 1953/2017/1953 2398/2526/2398 1514/1538/1514 
f 1514/1538/1514 2398/2526/2398 1092/1092/1092 
f 1958/2022/1958 888/888/888 54/54/54 
f 54/54/54 1463/1483/1463 1958/2022/1958 
f 1917/1977/1917 1039/1039/1039 1102/1103/1102 
f 1917/1977/1917 593/593/593 1039/1039/1039 
f 2680/2861/2679 1253/1260/1253 181/181/181 
f 181/181/181 1253/1260/1253 1283/1292/1283 
f 2022/2091/2022 2625/2797/2624 2623/2795/2622 
f 698/698/698 2623/2795/2622 2625/2797/2624 
f 1616/2354/1616 1613/3019/1613 2809/3020/2808 
f 193/193/193 1616/2354/1616 2809/3020/2808 
f 2609/2776/2608 1509/1532/1509 2610/2777/2609 
f 2609/2776/2608 938/938/938 1509/1532/1509 
f 223/223/223 2206/2299/2206 2205/2298/2205 
f 1924/1984/1924 223/223/223 2205/2298/2205 
f 536/536/536 692/692/692 107/107/107 
f 107/107/107 692/692/692 108/108/108 
f 986/986/986 2449/2586/2449 2005/2073/2005 
f 984/984/984 986/986/986 2005/2073/2005 
f 2077/2147/2077 1083/1083/1083 1082/1082/1082 
f 1083/1083/1083 1554/1579/1554 1082/1082/1082 
f 1457/1477/1457 2063/2223/2063 2416/2545/2416 
f 2063/2133/2063 2062/2132/2062 2416/3279/2416 
f 1621/1647/1621 775/775/775 774/774/774 
f 775/775/775 1621/1647/1621 1620/1646/1620 
f 1922/1982/1922 1918/1978/1918 1027/1027/1027 
f 1918/3122/1918 1922/2730/1922 2567/2728/2566 
f 2127/2211/2127 658/658/658 657/657/657 
f 2128/2212/2128 2127/2211/2127 657/657/657 
f 2923/3181/2922 2849/3080/2848 342/342/342 
f 342/342/342 2849/3080/2848 343/343/343 
f 2211/2304/2211 2855/3090/2854 1076/1076/1076 
f 377/377/377 2211/2304/2211 1076/1076/1076 
f 2715/2902/2714 403/403/403 402/402/402 
f 1711/1749/1711 2715/2902/2714 402/402/402 
f 2218/2311/2218 2217/2310/2217 3001/3311/3000 
f 3001/3311/3000 648/648/648 2218/2311/2218 
f 2434/2568/2434 2433/2567/2433 1885/3359/1885 
f 2433/2711/2433 1886/1944/1886 1885/1943/1885 
f 2118/2198/2118 1390/1407/1390 974/974/974 
f 2118/2198/2118 974/974/974 416/416/416 
f 2749/2944/2748 90/90/90 2484/2630/2483 
f 90/90/90 2749/2944/2748 2545/2701/2544 
f 1191/1196/1191 954/954/954 471/471/471 
f 1192/1197/1192 1191/1196/1191 471/471/471 
f 894/894/894 2052/2122/2052 2545/2701/2544 
f 2749/2944/2748 894/894/894 2545/2701/2544 
f 520/520/520 1245/1250/1245 3018/3355/3017 
f 229/229/229 520/520/520 3018/3355/3017 
f 1837/1885/1837 1834/1882/1834 2255/3227/2255 
f 1359/3314/1359 1837/1885/1837 2255/3227/2255 
f 2810/3021/2809 172/172/172 218/218/218 
f 217/217/217 2810/3021/2809 218/218/218 
f 2288/2395/2288 284/284/284 2446/2583/2446 
f 2446/2582/2446 284/1428/284 2477/2623/2476 
f 1859/1913/1859 1042/2446/1042 2332/2445/2332 
f 2576/2739/2575 1042/2446/1042 1859/1913/1859 
f 286/286/286 288/288/288 1900/1960/1900 
f 1900/1960/1900 288/288/288 2451/2588/2451 
f 786/786/786 1962/2463/1962 2802/3011/2801 
f 2144/2232/2144 786/786/786 2802/3011/2801 
f 2517/2778/2516 1735/1777/1735 1737/1779/1737 
f 2517/2668/2516 1737/3063/1737 1478/1499/1478 
f 455/455/455 851/851/851 456/456/456 
f 455/455/455 849/849/849 851/851/851 
f 2880/3125/2879 1370/1387/1370 999/999/999 
f 2880/3125/2879 1371/1388/1371 1370/1387/1370 
f 735/735/735 2085/2157/2085 269/269/269 
f 269/269/269 2085/2157/2085 2692/2878/2691 
f 595/595/595 1993/2058/1993 1994/2059/1994 
f 1993/2058/1993 595/595/595 2046/2116/2046 
f 2384/2510/2384 1728/1770/1728 1190/1195/1190 
f 1728/1770/1728 2384/2510/2384 1727/1769/1727 
f 2569/3224/2568 1879/3032/1879 1173/1178/1173 
f 1877/1935/1877 1879/1937/1879 2569/2732/2568 
f 1094/1094/1094 1093/1093/1093 1888/2836/1888 
f 811/811/811 1094/1948/1094 1888/1946/1888 
f 2037/3230/2037 2146/2234/2146 2632/2805/2631 
f 2037/3230/2037 2039/3194/2039 2146/2234/2146 
f 1596/1868/1596 1820/1867/1820 2559/2720/2558 
f 1596/1621/1596 2559/3036/2558 3028/3404/3027 
f 2652/2827/2651 654/654/654 50/50/50 
f 387/387/387 2652/2827/2651 50/50/50 
f 399/399/399 2459/2598/2458 400/400/400 
f 398/398/398 400/400/400 2459/2598/2458 
f 2911/3166/2910 164/164/164 27/27/27 
f 1909/1969/1909 164/164/164 2911/3166/2910 
f 1251/1736/1251 1701/1738/1701 2910/3164/2909 
f 1251/1256/1251 2910/3165/2909 1252/1257/1252 
f 2465/2606/2464 429/429/429 2019/2088/2019 
f 429/429/429 2465/2606/2464 2464/2605/2463 
f 619/619/619 1046/1046/1046 2327/2440/2327 
f 2327/2440/2327 1046/1046/1046 795/795/795 
f 2587/2751/2586 596/596/596 1994/2059/1994 
f 1994/2059/1994 596/596/596 595/595/595 
f 850/850/850 2646/2820/2645 848/848/848 
f 2646/2820/2645 850/850/850 2312/2423/2312 
f 2598/2765/2597 2597/2764/2596 589/589/589 
f 1038/1915/1038 2597/2764/2596 2598/2765/2597 
f 2801/3009/2800 1400/1417/1400 1399/1416/1399 
f 2801/3009/2800 1148/1149/1148 1400/1417/1400 
f 2590/3267/2589 1012/1012/1012 1788/1833/1788 
f 1011/1011/1011 1788/1833/1788 1012/1012/1012 
f 2893/3143/2892 1204/1209/1204 489/489/489 
f 2893/3143/2892 489/489/489 2535/2690/2534 
f 666/666/666 668/668/668 2762/2959/2761 
f 668/668/668 2961/3243/2960 2762/2959/2761 
f 2065/2135/2065 371/371/371 1415/1435/1415 
f 2065/2135/2065 1415/1435/1415 1413/1433/1413 
f 2507/2658/2506 877/877/877 113/113/113 
f 877/877/877 2507/2658/2506 2191/2282/2191 
f 1696/1732/1696 2250/2352/2250 1697/1733/1697 
f 2250/2352/2250 1696/1732/1696 1226/1231/1226 
f 405/405/405 404/404/404 1425/1445/1425 
f 405/405/405 1425/1445/1425 2815/3031/2814 
f 538/538/538 1451/1471/1451 2123/2207/2123 
f 1451/1471/1451 538/538/538 105/105/105 
f 1138/1139/1138 1137/1138/1137 1844/1893/1844 
f 1138/1139/1138 1844/1893/1844 2712/3129/2711 
f 1013/1013/1013 2905/3159/2904 560/560/560 
f 560/560/560 2905/3159/2904 2110/2189/2110 
f 281/281/281 2363/2488/2363 2846/3077/2845 
f 2363/2488/2363 282/282/282 2846/3077/2845 
f 1921/2731/1921 2716/2903/2715 2568/2729/2567 
f 2494/2642/2493 2716/3250/2715 1921/1981/1921 
f 1131/1132/1131 543/543/543 1449/1469/1449 
f 1131/1132/1131 1449/1469/1449 1132/1133/1132 
f 208/208/208 94/94/94 2059/2129/2059 
f 94/94/94 208/208/208 92/92/92 
f 2844/3075/2843 424/424/424 2843/3074/2842 
f 2003/2071/2003 2844/3075/2843 2843/3074/2842 
f 1881/1939/1881 918/918/918 36/36/36 
f 218/218/218 1881/1939/1881 36/36/36 
f 1827/1875/1827 2542/2698/2541 1828/1876/1828 
f 2542/2698/2541 1827/1875/1827 2541/2696/2540 
f 1539/1563/1539 2209/2302/2209 2649/3343/2648 
f 2649/2823/2648 2209/3248/2209 2651/2826/2650 
f 336/336/336 689/689/689 688/688/688 
f 688/688/688 236/236/236 336/336/336 
f 2709/2896/2708 660/660/660 1134/1135/1134 
f 1134/1135/1134 2275/2380/2275 2709/2896/2708 
f 2082/2154/2082 444/444/444 845/845/845 
f 1911/1971/1911 2082/2154/2082 845/845/845 
f 1603/1628/1603 2961/3243/2960 1605/1631/1605 
f 717/717/717 2961/3243/2960 1603/1628/1603 
f 2808/3018/2807 821/821/821 3015/3346/3014 
f 584/584/584 821/821/821 2808/3018/2807 
f 883/883/883 2377/2503/2377 881/881/881 
f 881/881/881 2377/2503/2377 634/634/634 
f 1238/1243/1238 1237/1242/1237 1093/1093/1093 
f 2398/2526/2398 1238/1243/1238 1093/1093/1093 
f 796/796/796 3006/3321/3005 793/793/793 
f 3006/3321/3005 2468/2609/2467 793/793/793 
f 948/948/948 361/361/361 779/779/779 
f 779/779/779 361/361/361 780/780/780 
f 2347/2468/2347 2630/2803/2629 2349/2471/2349 
f 2630/2803/2629 2348/2469/2348 2349/2471/2349 
f 1051/1051/1051 542/542/542 1049/1049/1049 
f 542/542/542 283/283/283 1049/1049/1049 
f 1521/1545/1521 2493/2641/2492 1519/1543/1519 
f 1519/1543/1519 653/653/653 1521/1545/1521 
f 1838/1886/1838 2503/2653/2502 2368/2494/2368 
f 2503/2653/2502 1014/1014/1014 2368/2494/2368 
f 2929/3187/2928 2643/2816/2642 2999/3304/2998 
f 2999/3304/2998 2643/2816/2642 2402/2531/2402 
f 1820/1867/1820 2557/2718/2556 2559/2720/2558 
f 1820/1867/1820 1819/1866/1819 2557/2718/2556 
f 406/406/406 838/838/838 404/404/404 
f 404/404/404 838/838/838 2521/2673/2520 
f 181/181/181 1283/1292/1283 182/182/182 
f 1971/2036/1971 182/182/182 1283/1292/1283 
f 621/621/621 1720/1760/1720 856/856/856 
f 1720/1760/1720 2243/2345/2243 856/856/856 
f 2869/3109/2868 2974/3266/2973 1108/1109/1108 
f 1108/1109/1108 2974/3266/2973 1109/1110/1109 
f 1585/1610/1585 1584/1609/1584 833/833/833 
f 2965/3247/2964 833/833/833 1584/1609/1584 
f 1163/1166/1163 1162/1165/1162 2231/2327/2231 
f 999/999/999 2231/2327/2231 1162/1165/1162 
f 626/626/626 628/628/628 1089/1089/1089 
f 626/626/626 1089/1089/1089 2281/2387/2281 
f 2162/2250/2162 1985/2050/1985 2864/3102/2863 
f 1985/2050/1985 2162/2250/2162 1986/2051/1986 
f 415/415/415 414/414/414 2647/2821/2646 
f 1677/1712/1677 415/415/415 2647/2821/2646 
f 908/908/908 246/246/246 2234/2330/2234 
f 2234/2330/2234 1419/1439/1419 908/908/908 
f 178/178/178 690/690/690 179/179/179 
f 690/690/690 178/178/178 1358/1375/1358 
f 1352/1369/1352 1806/1853/1806 1153/1154/1153 
f 1153/1154/1153 1806/1853/1806 1152/1153/1152 
f 2240/2339/2240 2720/2907/2719 2901/3154/2900 
f 2720/2907/2719 2240/2339/2240 1430/1450/1430 
f 1452/1472/1452 647/647/647 1160/1163/1160 
f 647/647/647 1452/1472/1452 648/648/648 
f 1966/2030/1966 2833/3058/2832 2881/3127/2880 
f 1966/2030/1966 844/844/844 2833/3058/2832 
f 1913/1973/1913 2676/2857/2675 2955/3233/2954 
f 1337/1351/1337 1913/1973/1913 2955/3233/2954 
f 1502/1525/1502 399/399/399 5/5/5 
f 1502/1525/1502 5/5/5 4/4/4 
f 225/225/225 2887/3134/2886 739/739/739 
f 2887/3134/2886 1660/1692/1660 739/739/739 
f 979/979/979 1813/1860/1813 2604/2771/2603 
f 523/523/523 2604/2771/2603 1813/1860/1813 
f 705/705/705 3004/3319/3003 1978/2043/1978 
f 1977/2042/1977 705/705/705 1978/2043/1978 
f 1008/1008/1008 363/363/363 1626/1652/1626 
f 672/672/672 363/363/363 1008/1008/1008 
f 1941/2002/1941 1942/2003/1942 2101/3409/2101 
f 1942/2003/1942 2983/3410/2982 2101/3409/2101 
f 2939/3203/2938 2046/3324/2046 2498/2647/2497 
f 2498/3331/2497 2046/2116/2046 1893/1953/1893 
f 2636/2809/2635 1442/1462/1442 1444/1464/1444 
f 1444/1464/1444 1871/1929/1871 2636/2809/2635 
f 1436/1456/1436 2831/3056/2830 228/228/228 
f 1436/1456/1436 228/228/228 499/499/499 
f 904/904/904 2272/2375/2272 1198/1203/1198 
f 904/904/904 2028/2097/2028 2272/2375/2272 
f 1624/2031/1624 1966/2030/1966 2881/3127/2880 
f 1624/1650/1624 2881/3361/2880 1399/1416/1399 
f 2980/3275/2979 209/209/209 748/748/748 
f 748/748/748 2834/3059/2833 2980/3275/2979 
f 2659/2834/2658 1662/1694/1662 298/298/298 
f 2659/2834/2658 2658/2833/2657 1662/1694/1662 
f 1109/1110/1109 699/699/699 2021/2090/2021 
f 2508/2659/2507 1109/1110/1109 2021/2090/2021 
f 1019/1019/1019 2147/2235/2147 2039/3194/2039 
f 1019/1019/1019 2149/2237/2149 2147/2235/2147 
f 1625/1651/1625 1627/1653/1627 1786/1831/1786 
f 1787/1832/1787 1786/1831/1786 1627/1653/1627 
f 1599/1624/1599 1661/1693/1661 2658/2833/2657 
f 1144/1145/1144 1599/1624/1599 2658/2833/2657 
f 2686/2869/2685 2198/2289/2198 398/398/398 
f 2197/2868/2197 2198/2289/2198 2686/2869/2685 
f 2253/2356/2253 1570/1595/1570 1569/1594/1569 
f 1569/1594/1569 216/216/216 2253/2356/2253 
f 1396/1494/1396 2135/3274/2135 1967/2032/1967 
f 2135/2219/2135 1396/1413/1396 2988/3287/2987 
f 2463/2603/2462 2715/2902/2714 2462/2602/2461 
f 2462/2602/2461 2183/3046/2183 2463/2603/2462 
f 2016/2486/2016 1764/1807/1764 2014/3411/2014 
f 1764/1807/1764 1763/1806/1763 2014/3411/2014 
f 842/842/842 1766/1809/1766 840/840/840 
f 1766/1809/1766 362/362/362 840/840/840 
f 2798/3006/2797 1210/1215/1210 1212/1217/1212 
f 2204/2297/2204 1210/1215/1210 2798/3006/2797 
f 1553/1578/1553 2612/2782/2611 335/335/335 
f 1553/1578/1553 335/335/335 1552/1577/1552 
f 1035/1035/1035 1037/1037/1037 2089/2161/2089 
f 2089/2161/2089 2328/2441/2328 1035/1035/1035 
f 2924/3182/2923 2246/2348/2246 557/557/557 
f 2246/2348/2246 687/687/687 557/557/557 
f 2018/2086/2018 828/828/828 2476/2622/2475 
f 828/828/828 2477/2623/2476 2476/2622/2475 
f 1458/1478/1458 1457/1477/1457 279/279/279 
f 279/279/279 1461/1481/1461 1458/1478/1458 
f 1303/1315/1303 183/183/183 2485/2632/2484 
f 2200/2292/2200 1303/1315/1303 2485/2632/2484 
f 1996/2061/1996 767/767/767 968/968/968 
f 1996/2061/1996 968/968/968 969/969/969 
f 1538/1562/1538 2729/2923/2728 2728/2922/2727 
f 1539/1563/1539 1538/1562/1538 2728/2922/2727 
f 2339/2455/2339 454/454/454 1815/1862/1815 
f 1813/1860/1813 1815/1862/1815 454/454/454 
f 2741/2936/2740 791/791/791 372/372/372 
f 372/372/372 791/791/791 790/790/790 
f 2594/2759/2593 1695/1730/1695 2668/2848/2667 
f 2668/2848/2667 874/874/874 2594/2759/2593 
f 2435/2569/2435 1136/1137/1136 663/663/663 
f 1136/1137/1136 1135/1136/1135 663/663/663 
f 2878/3412/2877 2876/3119/2875 1919/1979/1919 
f 1919/1979/1919 1918/1978/1918 2878/3412/2877 
f 2325/2438/2325 1334/1348/1334 800/800/800 
f 800/800/800 802/802/802 2325/2438/2325 
f 781/781/781 48/48/48 1887/1945/1887 
f 48/48/48 47/47/47 1887/1945/1887 
f 201/201/201 203/203/203 2455/2593/2454 
f 777/777/777 2455/2593/2454 203/203/203 
f 1847/1897/1847 1316/3094/1316 1848/1898/1848 
f 2789/2997/2788 1848/1898/1848 1316/3094/1316 
f 1546/1571/1546 1544/1569/1544 1244/2229/1244 
f 2848/3079/2847 1544/1569/1544 1546/1571/1546 
f 11/11/11 1803/1850/1803 1306/1318/1306 
f 1803/1850/1803 11/11/11 457/457/457 
f 2158/2246/2158 2898/3148/2897 2159/2247/2159 
f 1807/1854/1807 2898/3148/2897 2158/2246/2158 
f 1638/1665/1638 1275/1667/1275 1637/1664/1637 
f 2201/2294/2201 1637/2291/1637 1275/1282/1275 
f 1373/1390/1373 120/120/120 2687/2871/2686 
f 120/120/120 1042/1042/1042 2687/2871/2686 
f 2842/3073/2841 1203/1208/1203 1199/1909/1199 
f 474/474/474 1203/1208/1203 2842/3073/2841 
f 1485/1508/1485 906/1507/906 1936/1997/1936 
f 906/906/906 905/905/905 1936/2065/1936 
f 2927/3185/2926 1209/1214/1209 2189/2280/2189 
f 1571/1596/1571 2189/2280/2189 1209/1214/1209 
f 2897/3147/2896 1735/1777/1735 631/631/631 
f 629/629/629 631/631/631 1735/1777/1735 
f 1541/1566/1541 2822/3041/2821 2940/3205/2939 
f 2822/3041/2821 1541/1566/1541 577/577/577 
f 759/759/759 2738/2933/2737 1309/1321/1309 
f 286/286/286 2738/2933/2737 759/759/759 
f 2519/2779/2518 2824/3045/2823 1654/1686/1654 
f 2518/2669/2517 2824/3044/2823 2519/2670/2518 
f 862/862/862 1663/1696/1663 860/860/860 
f 860/860/860 1663/1696/1663 2124/2208/2124 
f 2305/2416/2305 240/240/240 242/242/242 
f 240/240/240 2305/2416/2305 1983/2048/1983 
f 2179/2269/2179 2876/3413/2875 2878/3121/2877 
f 2876/3413/2875 2179/2269/2179 2705/2892/2704 
f 1508/1531/1508 1933/1994/1933 2726/2919/2725 
f 2727/3138/2726 1508/1531/1508 2726/2919/2725 
f 1211/1216/1211 1210/1215/1210 2291/2398/2291 
f 1211/1216/1211 2291/2398/2291 1214/1219/1214 
f 2155/2243/2155 2160/2248/2160 782/782/782 
f 1669/1704/1669 782/782/782 2160/2248/2160 
f 1155/1156/1155 1043/1043/1043 219/219/219 
f 219/219/219 2603/2770/2602 1155/1156/1155 
f 2675/2856/2674 2676/2857/2675 2058/2128/2058 
f 1338/1352/1338 2058/2128/2058 2676/2857/2675 
f 464/464/464 1779/1824/1779 2994/3297/2993 
f 1779/1824/1779 464/464/464 1114/1115/1114 
f 2850/3081/2849 392/392/392 394/394/394 
f 2850/3081/2849 237/237/237 392/392/392 
f 2841/3072/2840 1977/3071/1977 955/955/955 
f 2841/3072/2840 955/955/955 1096/1097/1096 
f 2983/3282/2982 1634/2174/1634 2099/2173/2099 
f 2983/3410/2982 1942/2003/1942 1634/1660/1634 
f 1441/1461/1441 2998/3303/2997 2037/2107/2037 
f 1440/1460/1440 2998/3303/2997 1441/1461/1441 
f 3012/3341/3011 2937/3200/2936 1679/2221/1679 
f 1680/1715/1680 1679/1714/1679 2937/3199/2936 
f 234/234/234 638/638/638 1216/1221/1216 
f 638/638/638 640/640/640 1216/1221/1216 
f 2277/3414/2277 1580/1605/1580 1582/1607/1582 
f 2277/3414/2277 2601/2768/2600 1580/1605/1580 
f 1666/1701/1666 2872/3115/2871 1667/1702/1667 
f 585/585/585 1667/1702/1667 2872/3115/2871 
f 1151/1152/1151 2159/2247/2159 1149/1150/1149 
f 1151/1152/1151 426/426/426 2159/2247/2159 
f 1059/1059/1059 2953/3229/2952 1591/1616/1591 
f 1591/1616/1591 1590/1615/1590 1059/1059/1059 
f 2954/3232/2953 1375/1392/1375 1858/1912/1858 
f 2954/3232/2953 102/102/102 1375/1392/1375 
f 2768/2968/2767 442/442/442 2933/3192/2932 
f 442/442/442 1733/2841/1733 2933/3192/2932 
f 2/2/2 498/498/498 497/497/497 
f 498/498/498 2/2/2 1/1/1 
f 2684/2865/2683 2683/2864/2682 1369/1386/1369 
f 999/999/999 2684/2865/2683 1369/1386/1369 
f 2695/2881/2694 192/192/192 2689/2873/2688 
f 470/470/470 192/192/192 2695/2881/2694 
f 1350/1367/1350 2194/2285/2194 2196/2287/2196 
f 1350/1367/1350 2196/2287/2196 2371/3363/2371 
f 2969/3259/2968 1613/1639/1613 2531/2686/2530 
f 1614/1640/1614 1613/1639/1613 2969/3259/2968 
f 2591/2756/2590 2719/2906/2718 1789/1834/1789 
f 2591/2756/2590 1789/1834/1789 1170/3318/1170 
f 2120/2204/2120 2276/2381/2276 2278/2383/2278 
f 2120/2204/2120 2278/2383/2278 2944/3212/2943 
f 1327/1339/1327 334/334/334 2161/2249/2161 
f 334/334/334 2162/2250/2162 2161/2249/2161 
f 2320/2433/2320 1496/1519/1496 1495/1518/1495 
f 1032/1032/1032 2320/2433/2320 1495/1518/1495 
f 716/716/716 2074/2144/2074 666/666/666 
f 2076/2146/2076 2074/2144/2074 716/716/716 
f 2190/2281/2190 2981/3415/2980 2926/3184/2925 
f 2552/2708/2551 2981/3276/2980 2190/3416/2190 
f 1486/1509/1486 2681/2862/2680 407/407/407 
f 2681/2862/2680 408/408/408 407/407/407 
f 628/628/628 2751/2946/2750 431/431/431 
f 431/431/431 2751/2946/2750 429/429/429 
f 2680/2861/2679 2910/3165/2909 947/1258/947 
f 947/1258/947 1253/1260/1253 2680/2861/2679 
f 451/451/451 1795/1841/1795 1268/1275/1268 
f 2114/2193/2114 1268/1275/1268 1795/1841/1795 
f 2408/2537/2408 2043/2113/2043 2042/2112/2042 
f 2043/2113/2043 2408/2537/2408 2407/2536/2407 
f 1990/2055/1990 551/551/551 150/150/150 
f 551/551/551 1990/2055/1990 2219/2312/2219 
f 389/389/389 2346/2467/2346 185/185/185 
f 2345/2466/2345 185/185/185 2346/2467/2346 
f 2919/3177/2918 2130/2214/2130 2132/2216/2132 
f 2919/3177/2918 1456/1476/1456 2130/2214/2130 
f 262/262/262 664/664/664 1193/1198/1193 
f 664/664/664 1194/1199/1194 1193/1198/1193 
f 332/332/332 331/331/331 2740/2935/2739 
f 332/332/332 2740/2935/2739 1963/2462/1963 
f 864/864/864 1944/3417/1944 865/865/865 
f 864/864/864 1684/3399/1684 1944/3417/1944 
f 1174/1179/1174 2442/2578/2442 458/458/458 
f 1172/1177/1172 1174/1179/1174 458/458/458 
f 2501/2650/2500 2770/2970/2769 2020/3398/2020 
f 2770/2970/2769 2769/2969/2768 2020/3398/2020 
f 83/83/83 905/905/905 1198/1203/1198 
f 1450/1470/1450 83/83/83 1198/1203/1198 
f 879/879/879 2804/3014/2803 2299/2410/2299 
f 2804/3014/2803 879/879/879 444/444/444 
f 1977/3071/1977 1979/3236/1979 956/956/956 
f 1979/3236/1979 1648/1679/1648 956/956/956 
f 2993/3296/2992 962/962/962 2290/2990/2290 
f 2671/2851/2670 2993/3296/2992 2290/2990/2290 
f 578/578/578 2966/3254/2965 2403/2532/2403 
f 2403/2532/2403 579/579/579 578/578/578 
f 1295/1307/1295 2116/3366/2116 2670/2850/2669 
f 2670/2850/2669 2204/2297/2204 1295/1307/1295 
f 2274/2377/2274 2392/2518/2392 660/660/660 
f 2709/2896/2708 2274/2377/2274 660/660/660 
f 1379/1396/1379 650/1160/650 2836/3061/2835 
f 649/649/649 1379/1396/1379 2836/3061/2835 
f 2215/3418/2215 2678/2859/2677 2677/2858/2676 
f 2215/3418/2215 2214/2884/2214 2678/2859/2677 
f 1352/1369/1352 428/428/428 2744/2939/2743 
f 72/72/72 2744/2939/2743 428/428/428 
f 1386/1403/1386 1385/1402/1385 1387/1404/1387 
f 2847/3078/2846 1386/1403/1386 1387/1404/1387 
f 1373/3419/1373 2576/2739/2575 1860/1914/1860 
f 1038/1915/1038 1373/3419/1373 1860/1914/1860 
f 810/810/810 2972/3263/2971 811/811/811 
f 2972/3263/2971 1094/1948/1094 811/811/811 
f 1395/1412/1395 2133/2217/2133 2988/3287/2987 
f 1395/1412/1395 2988/3287/2987 1396/1413/1396 
f 1693/1728/1693 374/374/374 8/8/8 
f 7/7/7 1693/1728/1693 8/8/8 
f 2629/2801/2628 1741/1783/1741 1742/1784/1742 
f 2750/2945/2749 2629/2801/2628 1742/1784/1742 
f 1169/1172/1169 873/873/873 872/872/872 
f 1169/1836/1169 2867/3106/2866 873/3105/873 
f 2741/2936/2740 1797/1843/1797 791/791/791 
f 2741/2936/2740 1891/1951/1891 1797/1843/1797 
f 2202/2295/2202 1499/1522/1499 117/117/117 
f 117/117/117 675/675/675 2202/2295/2202 
f 1769/1812/1769 292/292/292 1265/1272/1265 
f 1769/1812/1769 1265/1272/1265 2733/2928/2732 
f 2814/3029/2813 1832/1880/1832 1831/1879/1831 
f 1832/1880/1832 2814/3029/2813 2813/3028/2812 
f 710/710/710 434/434/434 2828/3053/2827 
f 710/710/710 432/432/432 434/434/434 
f 1564/1589/1564 171/171/171 1475/1496/1475 
f 2457/2595/2456 171/171/171 1564/1589/1564 
f 1112/1113/1112 1780/1825/1780 1113/1114/1113 
f 1112/1113/1112 2623/2795/2622 1780/1825/1780 
f 1392/1409/1392 973/973/973 1390/1407/1390 
f 1036/1036/1036 973/973/973 1392/1409/1392 
f 2108/2187/2108 720/720/720 2109/2188/2109 
f 1073/1073/1073 2109/2188/2109 720/720/720 
f 2013/2081/2013 1366/1383/1366 1362/1379/1362 
f 2012/2080/2012 1366/1383/1366 2013/2081/2013 
f 865/2007/865 2413/2542/2413 2691/2875/2690 
f 1945/2006/1945 2413/2542/2413 865/2007/865 
f 857/857/857 345/345/345 2187/2277/2187 
f 2608/2775/2607 2187/2277/2187 345/345/345 
f 1705/2994/1705 2785/3407/2784 2786/2993/2785 
f 2785/3407/2784 2466/2607/2465 2786/2993/2785 
f 1206/1211/1206 2552/2708/2551 2190/3416/2190 
f 1206/1211/1206 1205/1210/1205 2552/2708/2551 
f 2370/2496/2370 393/393/393 239/239/239 
f 1839/1887/1839 2370/2496/2370 239/239/239 
f 39/39/39 2826/3048/2825 608/608/608 
f 175/175/175 39/39/39 608/608/608 
f 3013/3342/3012 1574/1599/1574 1602/2279/1602 
f 1571/1596/1571 1574/1599/1574 3013/3342/3012 
f 625/625/625 1752/3329/1752 2222/2316/2222 
f 1752/1794/1752 2244/2346/2244 2222/2343/2222 
f 1949/2011/1949 190/190/190 561/561/561 
f 190/190/190 1949/2011/1949 191/191/191 
f 1230/2152/1230 2960/3420/2959 2959/3241/2958 
f 2960/3420/2959 923/2752/923 2959/3241/2958 
f 3004/3319/3003 704/704/704 149/149/149 
f 704/704/704 3004/3319/3003 705/705/705 
f 835/835/835 2193/2284/2193 1585/1610/1585 
f 1585/1610/1585 2193/2284/2193 1583/1608/1583 
f 1554/1579/1554 1081/1081/1081 1080/1080/1080 
f 1554/1579/1554 1080/1080/1080 1082/1082/1082 
f 2090/2162/2090 2968/3258/2967 260/260/260 
f 893/893/893 260/260/260 2968/3258/2967 
f 2282/2388/2282 2283/3393/2283 1166/2916/1166 
f 1166/1169/1166 2283/2389/2283 2238/2337/2238 
f 1870/1928/1870 1802/1849/1802 308/308/308 
f 308/308/308 1802/1849/1802 1803/1850/1803 
f 2069/2139/2069 1420/1440/1420 1422/1442/1422 
f 1420/1440/1420 2069/2139/2069 109/109/109 
f 2295/2403/2295 2088/2160/2088 1037/1037/1037 
f 2088/3271/2088 2295/3050/2295 1378/1395/1378 
f 2639/2812/2638 741/741/741 2641/2814/2640 
f 2641/2814/2640 2640/2813/2639 2639/2812/2638 
f 555/555/555 1/1/1 2053/2123/2053 
f 2053/2123/2053 1/1/1 3/3/3 
f 2711/2898/2710 2883/3130/2882 1845/1894/1845 
f 1845/1894/1845 2883/3130/2882 1844/1893/1844 
f 686/686/686 2401/2530/2401 2400/2529/2400 
f 2400/2529/2400 1228/2151/1228 686/686/686 
f 2996/3301/2995 200/200/200 199/199/199 
f 2769/2969/2768 200/200/200 2996/3301/2995 
f 349/349/349 351/351/351 2834/3059/2833 
f 351/351/351 2980/3275/2979 2834/3059/2833 
f 1841/3421/1841 1412/1432/1412 1414/1434/1414 
f 1703/2819/1703 1841/3421/1841 1414/1434/1414 
f 144/144/144 2121/2205/2121 145/145/145 
f 2121/2205/2121 144/144/144 2723/2914/2722 
f 703/703/703 1873/1931/1873 2852/3087/2851 
f 1407/1424/1407 703/703/703 2852/3087/2851 
f 2759/2956/2758 2989/3422/2988 1763/1806/1763 
f 1367/1384/1367 2989/3288/2988 2759/2955/2758 
f 1167/1170/1167 1166/1169/1166 2238/2337/2238 
f 2901/3154/2900 1167/1170/1167 2238/2337/2238 
f 2897/3147/2896 2260/2363/2260 2259/2362/2259 
f 2897/3147/2896 2259/2362/2259 1736/1778/1736 
f 3017/3352/3016 2563/2724/2562 100/100/100 
f 2563/2724/2562 3017/3352/3016 1917/1977/1917 
f 1650/1682/1650 2550/2706/2549 1651/1683/1651 
f 1651/1683/1651 2550/2706/2549 2106/2185/2106 
f 1143/1144/1143 1142/1143/1142 490/490/490 
f 490/490/490 1204/1209/1204 1143/1144/1143 
f 2705/2892/2704 2879/3423/2878 2876/3413/2875 
f 2705/2892/2704 2496/2645/2495 2879/3423/2878 
f 695/695/695 2157/2245/2157 196/196/196 
f 196/196/196 696/696/696 695/695/695 
f 453/453/453 452/452/452 1562/1587/1562 
f 453/453/453 1562/1587/1562 449/449/449 
f 981/981/981 983/983/983 481/481/481 
f 983/983/983 981/981/981 2763/2962/2762 
f 1307/1319/1307 204/204/204 1306/1318/1306 
f 204/204/204 12/12/12 1306/1318/1306 
f 2419/2548/2419 1804/1851/1804 784/784/784 
f 1804/1851/1804 2533/2688/2532 784/784/784 
f 2115/2195/2115 2908/3162/2907 1647/1678/1647 
f 2908/3162/2907 2117/2197/2117 1647/1678/1647 
f 732/732/732 2935/3196/2934 733/733/733 
f 2071/2574/2071 2935/3196/2934 732/732/732 
f 2530/2685/2529 2114/2193/2114 2111/3348/2111 
f 2530/2685/2529 1266/1273/1266 2114/2193/2114 
f 1731/1773/1731 1745/1787/1745 1729/1771/1729 
f 2731/3380/2730 1729/1771/1729 1745/1787/1745 
f 51/51/51 2696/2882/2695 2689/2873/2688 
f 2963/3245/2962 2696/2882/2695 51/51/51 
f 463/463/463 3015/3346/3014 1329/1343/1329 
f 1329/1343/1329 3015/3346/3014 821/821/821 
f 1849/1899/1849 2294/2401/2294 1007/1007/1007 
f 1848/1898/1848 2294/2401/2294 1849/1899/1849 
f 1078/1078/1078 184/184/184 2475/2621/2474 
f 1078/1078/1078 2475/2621/2474 1079/1079/1079 
f 234/3424/3028 1216/3425/3028 3029/3426/3029 
f 1216/3427/3030 234/3428/3030 3029/3429/3029 
f 2103/2180/2103 2104/2181/2104 2730/3430/2729 
f 2104/2181/2104 2731/2926/2730 2730/3430/2729 
f 242/242/242 527/527/527 526/526/526 
f 2305/2416/2305 242/242/242 526/526/526 
f 684/684/684 1491/1514/1491 368/368/368 
f 684/684/684 368/368/368 682/682/682 
f 2621/2793/2620 1483/1505/1483 1935/1996/1935 
f 1935/1996/1935 1937/1998/1937 2621/2793/2620 
f 575/575/575 220/220/220 576/576/576 
f 1796/1842/1796 576/576/576 220/220/220 
f 685/685/685 1639/1668/1639 189/189/189 
f 1639/1668/1639 1520/1544/1520 189/189/189 
f 714/714/714 2779/2983/2778 2778/2982/2777 
f 2779/2983/2778 1304/1316/1304 2778/2982/2777 
f 2823/3042/2822 1706/1743/1706 1723/1764/1723 
f 1706/1743/1706 1270/1744/1270 1723/1764/1723 
f 2754/2949/2753 1278/1285/1278 1277/1284/1277 
f 2827/3051/2826 1278/1285/1278 2754/2949/2753 
f 1086/1086/1086 385/385/385 2227/2323/2227 
f 887/887/887 2227/2323/2227 385/385/385 
f 1858/1912/1858 958/958/958 2575/2738/2574 
f 102/102/102 1858/1912/1858 2575/2738/2574 
f 2497/2646/2496 2705/2892/2704 1497/1520/1497 
f 1497/1520/1497 1110/1111/1110 2497/2646/2496 
f 2775/2977/2774 1421/1441/1421 1420/1440/1420 
f 1421/1441/1421 2775/2977/2774 2487/3069/2486 
f 1787/1832/1787 1627/1653/1627 126/126/126 
f 2719/2906/2718 1787/1832/1787 126/126/126 
f 235/235/235 337/337/337 236/236/236 
f 1748/1790/1748 337/337/337 235/235/235 
f 1725/1766/1725 1360/3431/1360 1361/1767/1361 
f 1360/3431/1360 1725/1766/1725 2448/3315/2448 
f 3027/3403/3026 1216/1221/1216 640/640/640 
f 3027/3403/3026 640/640/640 2917/3174/2916 
f 874/3432/874 2668/2847/2667 2430/2564/2430 
f 2430/2564/2430 875/2960/875 874/3432/874 
f 1142/1143/1142 2658/2833/2657 2657/2832/2656 
f 2657/2832/2656 300/300/300 1142/1143/1142 
f 1598/1623/1598 2601/2768/2600 2276/3433/2276 
f 2277/3414/2277 2276/3433/2276 2601/2768/2600 
f 576/576/576 1891/1951/1891 789/789/789 
f 125/125/125 789/789/789 1891/1951/1891 
f 1678/1713/1678 2577/2741/2576 533/533/533 
f 533/533/533 2577/2741/2576 1761/1804/1761 
f 1719/1759/1719 244/244/244 2717/2904/2716 
f 1277/1284/1277 1719/1759/1719 2717/2904/2716 
f 2631/2804/2630 824/824/824 823/823/823 
f 1895/1955/1895 2631/2804/2630 823/823/823 
f 2858/3093/2857 1316/1328/1316 1315/1327/1315 
f 2627/2799/2626 2858/3093/2857 1315/1327/1315 
f 2969/3259/2968 1086/1086/1086 1614/1640/1614 
f 1086/1086/1086 1612/1638/1612 1614/1640/1614 
f 244/244/244 713/713/713 2717/2904/2716 
f 244/244/244 243/243/243 713/713/713 
f 2025/2556/2025 2394/3434/2394 2309/2420/2309 
f 2394/3434/2394 2308/2419/2308 2309/2420/2309 
f 1537/1561/1537 1778/1823/1778 2640/2813/2639 
f 2640/2813/2639 743/743/743 1537/1561/1537 
f 686/686/686 191/191/191 2637/2810/2636 
f 2637/2810/2636 191/191/191 1950/2012/1950 
f 2472/3435/2471 1416/1436/1416 2322/2435/2322 
f 2472/3435/2471 2322/2435/2322 2471/2612/2470 
f 1129/1130/1129 123/123/123 1411/1430/1411 
f 1411/1430/1411 123/123/123 2477/2623/2476 
f 1560/1585/1560 2606/2773/2605 1561/1586/1561 
f 1560/1585/1560 644/644/644 2606/2773/2605 
f 2051/2121/2051 803/803/803 2523/2675/2522 
f 803/803/803 2051/2121/2051 804/804/804 
f 2521/2673/2520 837/837/837 2940/3205/2939 
f 837/837/837 1540/1564/1540 2940/3205/2939 
f 309/309/309 2444/2580/2444 2443/2579/2443 
f 456/456/456 2444/2580/2444 309/309/309 
f 1455/1475/1455 1231/1236/1231 2068/2138/2068 
f 1455/1475/1455 1232/1237/1232 1231/1236/1231 
f 2026/2095/2026 2027/2096/2027 1713/1753/1713 
f 2026/2095/2026 1713/1753/1713 2350/2472/2350 
f 1633/1662/1633 2438/2572/2438 2899/3151/2898 
f 2899/3152/2898 1631/1657/1631 1633/1659/1633 
f 2713/2900/2712 2436/2570/2436 2882/3209/2881 
f 2437/2571/2437 2436/2570/2436 2713/2900/2712 
f 2737/2932/2736 476/476/476 478/478/478 
f 2737/2932/2736 478/478/478 266/266/266 
f 800/800/800 1336/1350/1336 3021/3368/3020 
f 1336/1350/1336 2029/3135/2029 3021/3368/3020 
f 2921/3179/2920 2853/3088/2852 1869/1927/1869 
f 1868/1926/1868 2921/3179/2920 1869/1927/1869 
f 2624/2796/2623 1111/1112/1111 460/460/460 
f 1111/1112/1111 2624/2796/2623 1112/1113/1112 
f 417/417/417 2329/2442/2329 316/316/316 
f 893/893/893 316/316/316 2329/2442/2329 
f 1286/1295/1286 2694/2880/2693 1284/1293/1284 
f 1286/1295/1286 2138/2225/2138 2694/2880/2693 
f 326/326/326 325/325/325 1255/1262/1255 
f 1258/1265/1258 1255/1262/1255 325/325/325 
f 339/339/339 2406/2535/2406 1749/1791/1749 
f 466/466/466 1749/1791/1749 2406/2535/2406 
f 1967/2032/1967 2979/3273/2978 1396/1494/1396 
f 1967/2032/1967 1474/1495/1474 2979/3273/2978 
f 2214/2884/2214 1199/1204/1199 953/953/953 
f 2216/2309/2216 1199/1909/1199 2214/2307/2214 
f 794/794/794 636/636/636 2945/3213/2944 
f 636/636/636 635/635/635 2945/3213/2944 
f 2995/3300/2994 1613/3019/1613 1697/1733/1697 
f 1697/1733/1697 2251/2353/2251 2995/3300/2994 
f 2661/2838/2660 1314/1326/1314 2662/2839/2661 
f 1314/1326/1314 2661/2838/2660 2337/2453/2337 
f 365/365/365 2126/2210/2126 366/366/366 
f 366/366/366 2126/2210/2126 2539/2694/2538 
f 1912/1972/1912 1419/1534/1419 1510/1533/1510 
f 1912/1972/1912 1510/1533/1510 495/495/495 
f 932/932/932 1750/1792/1750 930/930/930 
f 932/932/932 2757/2952/2756 1750/1792/1750 
f 1579/1604/1579 2359/2482/2359 2360/2483/2360 
f 2359/2482/2359 1579/1604/1579 1016/1287/1016 
f 1468/1488/1468 2199/2290/2199 1469/1489/1469 
f 1469/1489/1469 2199/2290/2199 1467/1487/1467 
f 628/628/628 1923/1983/1923 2752/2947/2751 
f 2752/2947/2751 2751/2946/2750 628/628/628 
f 75/75/75 1202/1207/1202 474/474/474 
f 75/75/75 2946/3215/2945 1202/1207/1202 
f 2327/2440/2327 2326/2439/2326 619/619/619 
f 619/619/619 2326/2439/2326 360/360/360 
f 653/653/653 1402/1419/1402 190/190/190 
f 1519/1543/1519 1402/1419/1402 653/653/653 
f 84/84/84 1223/1228/1223 2819/3038/2818 
f 1223/1228/1223 84/84/84 543/543/543 
f 1255/1262/1255 1254/1261/1254 326/326/326 
f 326/326/326 1254/1261/1254 2054/2124/2054 
f 1792/1838/1792 1795/1841/1795 450/450/450 
f 1792/1838/1792 450/450/450 1562/1587/1562 
f 63/63/63 214/214/214 2587/2751/2586 
f 2587/2751/2586 1114/1115/1114 63/63/63 
f 2527/2682/2526 286/286/286 555/555/555 
f 555/555/555 286/286/286 761/761/761 
f 291/291/291 2934/3195/2933 2581/2745/2580 
f 1722/1762/1722 2581/2745/2580 2934/3195/2933 
f 1899/1959/1899 1310/1322/1310 1309/1321/1309 
f 1899/1959/1899 1811/1858/1811 1310/1322/1310 
f 304/304/304 2083/2155/2083 305/305/305 
f 305/305/305 2083/2155/2083 99/99/99 
f 2971/3261/2970 941/2558/941 817/3408/817 
f 941/2558/941 2971/3261/2970 1547/1572/1547 
f 899/899/899 2856/3091/2855 158/158/158 
f 899/899/899 158/158/158 157/157/157 
f 73/73/73 2081/2153/2081 64/64/64 
f 73/73/73 1923/1983/1923 2081/2153/2081 
f 2011/2079/2011 3000/3305/2999 2578/2742/2577 
f 3000/3305/2999 607/607/607 2578/2742/2577 
f 2341/3436/2341 1067/1067/1067 1066/1066/1066 
f 2341/3436/2341 1066/1066/1066 1963/2027/1963 
f 2987/3286/2986 1102/1103/1102 1105/1106/1105 
f 2564/2725/2563 1102/1103/1102 2987/3286/2986 
f 2435/2569/2435 1225/1230/1225 2434/2568/2434 
f 1227/1232/1227 2434/2568/2434 1225/1230/1225 
f 2474/2618/2473 1285/1294/1285 1973/2038/1973 
f 2474/2619/2473 943/943/943 1285/1630/1285 
f 910/910/910 3026/3389/3025 494/494/494 
f 910/910/910 1912/1972/1912 3026/3389/3025 
f 1630/1656/1630 990/990/990 992/992/992 
f 1630/1656/1630 992/992/992 1629/1655/1629 
f 2439/2573/2439 1700/1737/1700 1250/3289/1250 
f 1251/1736/1251 1250/3289/1250 1700/1737/1700 
f 909/909/909 3023/3381/3022 2854/3089/2853 
f 3023/3381/3022 911/911/911 2854/3089/2853 
f 172/172/172 2402/2531/2402 173/173/173 
f 173/173/173 2402/2531/2402 2643/2816/2642 
f 183/183/183 2345/2466/2345 2485/2632/2484 
f 183/183/183 185/185/185 2345/2466/2345 
f 2418/2547/2418 2417/2546/2417 1149/3385/1149 
f 2418/3149/2418 1149/1150/1149 2898/3148/2897 
f 1344/1361/1344 768/768/768 2851/3085/2850 
f 770/770/770 2851/3085/2850 768/768/768 
f 1490/1513/1490 679/679/679 681/681/681 
f 679/679/679 1490/1513/1490 2799/3007/2798 
f 367/367/367 2165/2253/2165 1609/1635/1609 
f 2165/2253/2165 367/367/367 634/634/634 
f 2180/2270/2180 2831/3056/2830 134/134/134 
f 226/226/226 2831/3056/2830 2180/2270/2180 
f 1273/1280/1273 2756/2951/2755 1274/1281/1274 
f 2756/2951/2755 2755/2950/2754 1274/1281/1274 
f 468/468/468 337/337/337 1747/1789/1747 
f 466/466/466 468/468/468 1747/1789/1747 
f 2599/2766/2598 773/773/773 1620/1646/1620 
f 1620/1646/1620 2333/2917/2333 2599/2766/2598 
f 1704/1741/1704 2892/3142/2891 1157/1158/1157 
f 1157/1158/1157 2892/3142/2891 2603/2770/2602 
f 2673/2853/2672 2973/3264/2972 1801/1848/1801 
f 1550/2404/1550 1801/1848/1801 2973/3264/2972 
f 1681/2220/1681 2136/2222/2136 529/529/529 
f 1681/1716/1681 2064/2134/2064 2136/3384/2136 
f 1506/3013/1506 221/221/221 1931/1992/1931 
f 1932/1993/1932 1931/1992/1931 221/221/221 
f 1178/1183/1178 1424/1444/1424 1361/1378/1361 
f 1361/1767/1361 1424/3356/1424 1724/1765/1724 
f 1812/1859/1812 1115/1116/1115 523/523/523 
f 1115/1116/1115 1812/1859/1812 59/59/59 
f 1771/1816/1771 2896/3146/2895 646/646/646 
f 2606/2773/2605 646/646/646 2896/3146/2895 
f 806/806/806 1120/1121/1120 1969/2034/1969 
f 1120/1121/1120 1970/2035/1970 1969/2034/1969 
f 1459/1479/1459 1458/1478/1458 1460/1480/1460 
f 1459/1479/1459 1460/1480/1460 2136/2222/2136 
f 945/945/945 2094/2166/2094 946/946/946 
f 1972/2620/1972 946/946/946 2094/2166/2094 
f 2870/3111/2869 2241/2340/2241 3008/3333/3007 
f 2241/2340/2241 1862/3332/1862 3008/3333/3007 
f 942/942/942 2700/2887/2699 818/818/818 
f 2700/2887/2699 942/942/942 2284/2390/2284 
f 1516/1540/1516 92/92/92 2203/2296/2203 
f 2203/2296/2203 92/92/92 208/208/208 
f 1464/1484/1464 1466/1486/1466 2791/2999/2790 
f 1464/1484/1464 2791/2999/2790 2790/2998/2789 
f 1243/1248/1243 2952/3225/2951 2701/2888/2700 
f 1245/1250/1245 2952/3225/2951 1243/1248/1243 
f 1100/1101/1100 2279/2384/2279 2975/3268/2974 
f 1100/1101/1100 2975/3268/2974 1528/1552/1528 
f 2244/2346/2244 856/856/856 2242/2344/2242 
f 2244/2346/2244 2242/2344/2242 2222/2343/2222 
f 1058/2183/1058 1381/3375/1381 2106/2185/2106 
f 1381/1398/1381 1058/1058/1058 133/133/133 
f 1320/1332/1320 1998/2064/1998 1171/1176/1171 
f 1320/1332/1320 2662/2839/2661 1998/2064/1998 
f 21/21/21 320/320/320 319/319/319 
f 21/21/21 319/319/319 2188/2278/2188 
f 206/206/206 488/488/488 2128/2212/2128 
f 2128/2212/2128 207/207/207 206/206/206 
f 2894/3226/2893 2414/3437/2414 1928/1989/1928 
f 2414/3437/2414 719/3388/719 1928/1989/1928 
f 66/66/66 2586/2750/2585 7/7/7 
f 2586/2750/2585 1692/1727/1692 7/7/7 
f 1847/1897/1847 2758/2954/2757 2956/3238/2955 
f 1847/2063/1847 2956/3237/2955 2662/2839/2661 
f 547/547/547 252/252/252 251/251/251 
f 547/547/547 251/251/251 2097/2171/2097 
f 1201/1206/1201 2482/2628/2481 2697/2883/2696 
f 2697/2883/2696 1199/1204/1199 1201/1206/1201 
f 762/762/762 1176/1181/1176 2782/2987/2781 
f 1877/1935/1877 2782/2987/2781 1176/1181/1176 
f 2554/2713/2553 886/886/886 888/888/888 
f 887/887/887 886/886/886 2554/2713/2553 
f 470/470/470 2543/2699/2542 2976/3269/2975 
f 2695/2881/2694 2543/2699/2542 470/470/470 
f 1763/1806/1763 2989/3422/2988 2015/3438/2015 
f 2014/3411/2014 1763/1806/1763 2015/3438/2015 
f 229/229/229 1245/1250/1245 2526/2681/2525 
f 229/229/229 2526/2681/2525 2525/2679/2524 
f 1768/1811/1768 568/568/568 570/570/570 
f 1768/1811/1768 570/570/570 1765/1808/1765 
f 464/464/464 2994/3297/2993 698/698/698 
f 2994/3297/2993 2623/2795/2622 698/698/698 
f 2264/2367/2264 2263/2366/2263 299/299/299 
f 1660/1692/1660 2264/2367/2264 299/299/299 
f 1466/1486/1466 2343/2464/2343 1744/1786/1744 
f 1744/1786/1744 2343/2464/2343 54/54/54 
f 1586/1611/1586 2388/2514/2388 2387/2513/2387 
f 2965/3247/2964 2387/2513/2387 2388/2514/2388 
f 2927/3185/2926 2926/3184/2925 1799/3439/1799 
f 2981/3415/2980 1799/3439/1799 2926/3184/2925 
f 1487/1510/1487 2885/3132/2884 2547/2703/2546 
f 2885/3132/2884 2884/3131/2883 2547/2703/2546 
f 1905/1965/1905 1904/1964/1904 280/280/280 
f 1322/1334/1322 1905/1965/1905 280/280/280 
f 812/812/812 2947/3217/2946 2783/2988/2782 
f 2449/2586/2449 2783/2988/2782 2947/3217/2946 
f 1207/1212/1207 2268/2371/2268 747/747/747 
f 747/747/747 2268/2371/2268 2269/2372/2269 
f 2188/2278/2188 621/621/621 21/21/21 
f 1720/1760/1720 621/621/621 2188/2278/2188 
f 1543/1568/1543 2817/3035/2816 2137/2224/2137 
f 2137/2224/2137 2817/3035/2816 2174/2263/2174 
f 3007/3325/3006 2471/2612/2470 2321/2434/2321 
f 907/907/907 3007/3325/3006 2321/2434/2321 
f 349/349/349 2703/2890/2702 1270/1744/1270 
f 349/349/349 3003/3316/3002 2703/2890/2702 
f 3011/3340/3010 412/412/412 1489/1512/1489 
f 138/138/138 3011/3340/3010 1489/1512/1489 
f 2291/2989/2291 1428/1448/1428 2330/2443/2330 
f 1428/1448/1428 2331/2444/2331 2330/2443/2330 
f 1908/1968/1908 1907/1967/1907 977/1359/977 
f 975/975/975 977/977/977 1907/2201/1907 
f 1791/1837/1791 1793/1839/1793 2812/3027/2811 
f 2812/3027/2811 1794/1840/1794 1791/1837/1791 
f 1280/1289/1280 3019/3360/3018 2415/2544/2415 
f 2415/2544/2415 3019/3360/3018 719/719/719 
f 2313/2424/2313 1492/1515/1492 2311/2422/2311 
f 2313/2424/2313 849/849/849 1492/1515/1492 
f 645/645/645 2112/2191/2112 1771/1816/1771 
f 645/645/645 1447/1467/1447 2112/2191/2112 
f 1348/1365/1348 2192/3357/2192 2665/2844/2664 
f 1348/1365/1348 2665/2844/2664 1346/1363/1346 
f 624/624/624 1422/1442/1422 2486/2634/2485 
f 624/624/624 2486/2634/2485 1753/3068/1753 
f 731/731/731 2439/2573/2439 732/732/732 
f 2439/2573/2439 731/731/731 1700/1737/1700 
f 975/975/975 1642/1671/1642 1644/1673/1644 
f 2840/3067/2839 1644/1673/1644 1642/1671/1642 
f 472/472/472 953/953/953 1588/1613/1588 
f 953/953/953 472/472/472 471/471/471 
f 2020/3398/2020 462/3440/462 2501/2650/2500 
f 462/3440/462 461/3323/461 2501/2650/2500 
f 1659/2577/1659 2986/3285/2985 510/510/510 
f 510/510/510 2986/3285/2985 2084/2156/2084 
f 2907/3161/2906 3006/3321/3005 796/796/796 
f 796/796/796 795/795/795 2907/3161/2906 
f 2656/2831/2655 636/636/636 794/794/794 
f 2656/2831/2655 794/794/794 58/58/58 
f 2389/2515/2389 2391/2517/2391 2390/2516/2390 
f 2390/2516/2390 2391/2517/2391 160/160/160 
f 1992/2057/1992 1406/1423/1406 2838/3065/2837 
f 1406/1423/1406 1992/2057/1992 3025/3387/3024 
f 2367/2493/2367 1961/2025/1961 1960/2024/1960 
f 2367/2493/2367 1889/1949/1889 1961/2025/1961 
f 997/997/997 623/623/623 998/998/998 
f 1422/1442/1422 623/623/623 997/997/997 
f 405/405/405 2048/2118/2048 1023/1023/1023 
f 1023/1023/1023 2048/2118/2048 2050/2120/2050 
f 1062/1062/1062 2574/2737/2573 862/862/862 
f 1064/1064/1064 2574/2737/2573 1062/1062/1062 
f 2547/2703/2546 2884/3131/2883 1488/1511/1488 
f 2884/3131/2883 1124/1125/1124 1488/1511/1488 
f 1229/1234/1229 924/924/924 1230/1235/1230 
f 924/924/924 1229/1234/1229 467/467/467 
f 2112/2191/2112 2111/2190/2111 1771/1816/1771 
f 2896/3146/2895 1771/1816/1771 2111/2190/2111 
f 933/933/933 1751/1793/1751 2757/2952/2756 
f 933/3370/933 2757/2953/2756 2057/2127/2057 
f 750/750/750 2931/3190/2930 2766/2965/2765 
f 1388/1405/1388 2931/3190/2930 750/750/750 
f 806/806/806 2271/2374/2271 2270/2373/2270 
f 2271/2374/2271 28/28/28 2270/2373/2270 
f 2179/2269/2179 1496/1519/1496 2706/2893/2705 
f 2706/2893/2705 1496/1519/1496 1498/1521/1498 
f 1265/1272/1265 2529/2684/2528 1773/2335/1773 
f 2529/2684/2528 2113/3349/2113 1773/2335/1773 
f 1676/1711/1676 1677/1712/1677 2605/2772/2604 
f 2605/2772/2604 1677/1712/1677 1127/1128/1127 
f 595/595/595 594/594/594 1893/1953/1893 
f 1893/1953/1893 594/594/594 216/216/216 
f 1394/1411/1394 29/29/29 2877/3120/2876 
f 1394/1411/1394 2877/3120/2876 1645/1674/1645 
f 2679/2860/2678 2307/2418/2307 483/483/483 
f 2307/2418/2307 482/482/482 483/483/483 
f 320/320/320 804/804/804 2051/2121/2051 
f 320/320/320 20/20/20 804/804/804 
f 2948/3219/2947 2195/2286/2195 2648/3218/2647 
f 2948/3219/2947 2196/2287/2196 2195/2286/2195 
f 2873/3116/2872 1188/1193/1188 1976/2041/1976 
f 1189/1194/1189 1188/1193/1188 2873/3116/2872 
f 275/275/275 2228/2324/2228 152/152/152 
f 2228/2324/2228 153/153/153 152/152/152 
f 2818/3037/2817 1945/2006/1945 1683/1718/1683 
f 1683/1718/1683 683/683/683 2818/3037/2817 
f 1799/1845/1799 1798/1844/1798 2927/3441/2926 
f 2927/3441/2926 1798/1844/1798 2537/2692/2536 
f 2319/2432/2319 169/169/169 420/420/420 
f 169/169/169 421/421/421 420/420/420 
f 2247/2349/2247 1073/1073/1073 1758/1800/1758 
f 1282/1291/1282 1758/1800/1758 1073/1073/1073 
f 1506/3013/1506 2803/3012/2802 2997/3442/2996 
f 2997/3442/2996 2803/3012/2802 2725/3443/2724 
f 1012/1175/1012 2590/2755/2589 1903/1963/1903 
f 1903/1963/1903 2590/2755/2589 1901/1961/1901 
f 1808/1855/1808 3014/3345/3013 2354/2476/2354 
f 3014/3345/3013 987/2477/987 2354/2476/2354 
f 2122/2206/2122 264/264/264 263/263/263 
f 1313/1325/1313 264/264/264 2122/2206/2122 
f 321/321/321 323/323/323 55/55/55 
f 321/321/321 55/55/55 2493/2641/2492 
f 1668/3251/1668 2556/2716/2555 1665/1700/1665 
f 1668/3251/1668 1150/2717/1150 2556/2716/2555 
f 2909/3163/2908 2465/2606/2464 822/822/822 
f 584/584/584 2909/3163/2908 822/822/822 
f 982/982/982 481/481/481 480/480/480 
f 982/982/982 480/480/480 1119/1120/1119 
f 2942/3208/2941 1664/1699/1664 809/809/809 
f 2566/2727/2565 1664/1699/1664 2942/3208/2941 
f 1915/1975/1915 2036/2106/2036 2033/2103/2033 
f 2036/2106/2036 1915/1975/1915 1339/1355/1339 
f 1493/1516/1493 849/849/849 130/130/130 
f 130/130/130 157/157/157 1493/1516/1493 
f 2254/2357/2254 2863/3100/2862 2252/2355/2252 
f 2254/2357/2254 1566/1591/1566 2863/3100/2862 
f 2449/2586/2449 2450/2587/2450 2451/2588/2451 
f 1811/1858/1811 2451/2588/2451 2450/2587/2450 
f 656/656/656 2588/2753/2587 2008/2076/2008 
f 658/658/658 2588/2753/2587 656/656/656 
f 2079/2149/2079 2078/2148/2078 1084/1084/1084 
f 1084/1084/1084 1083/1083/1083 2079/2149/2079 
f 2666/2845/2665 721/3444/721 2108/2980/2108 
f 721/3444/721 2666/2845/2665 719/3388/719 
f 2103/2180/2103 1690/1725/1690 1687/1722/1687 
f 1687/1722/1687 1686/1721/1686 2103/2180/2103 
f 1504/1527/1504 1933/1994/1933 2555/2715/2554 
f 1044/1044/1044 1504/1527/1504 2555/2715/2554 
f 716/716/716 666/666/666 2761/2958/2760 
f 2762/2959/2761 2761/2958/2760 666/666/666 
f 2166/2254/2166 2165/2253/2165 634/634/634 
f 2379/2505/2379 2166/2254/2166 634/634/634 
f 76/76/76 1480/1501/1480 701/701/701 
f 1480/1501/1480 700/700/700 701/701/701 
f 911/911/911 1299/1311/1299 203/203/203 
f 910/910/910 1299/1311/1299 911/911/911 
f 2183/2273/2183 2181/2271/2181 3020/3365/3019 
f 2183/3046/2183 3020/3364/3019 2463/2603/2462 
f 1407/1424/1407 3025/3387/3024 703/703/703 
f 1406/1423/1406 3025/3387/3024 1407/1424/1407 
f 739/739/739 2173/2262/2173 740/740/740 
f 740/740/740 2173/2262/2173 223/223/223 
f 1154/3445/3031 2292/3446/3031 3030/3447/3032 
f 2292/3448/3033 1154/3449/3033 3030/3450/3032 
f 788/788/788 1241/1246/1241 237/237/237 
f 788/788/788 237/237/237 2850/3081/2849 
f 1514/1538/1514 1092/1092/1092 2906/3160/2905 
f 1092/1092/1092 2367/3378/2367 2906/3160/2905 
f 685/685/685 2958/3240/2957 2976/3269/2975 
f 2976/3269/2975 2958/3240/2957 2959/3241/2958 
f 1183/1188/1183 1182/1187/1182 2316/2428/2316 
f 1183/1188/1183 2316/2428/2316 2920/3178/2919 
f 2038/3231/2038 1896/1956/1896 2915/3405/2914 
f 1896/1956/1896 2038/3231/2038 1897/1957/1897 
f 787/787/787 618/618/618 143/143/143 
f 618/618/618 617/617/617 143/143/143 
f 2090/2162/2090 259/259/259 2091/2163/2091 
f 259/259/259 261/261/261 2091/2163/2091 
f 2108/2980/2108 1247/3338/1247 2777/2981/2776 
f 2357/2480/2357 2777/2981/2776 1247/3338/1247 
f 1995/2060/1995 2407/2536/2407 1317/1329/1317 
f 1317/1329/1317 2626/2798/2625 1995/2060/1995 
f 2934/3195/2933 2580/2744/2579 347/347/347 
f 348/348/348 347/347/347 2580/2744/2579 
f 2505/2656/2504 501/501/501 2351/2473/2351 
f 2507/2658/2506 501/501/501 2505/2656/2504 
f 2042/2112/2042 2041/2111/2041 2748/2943/2747 
f 2746/2941/2745 2748/2943/2747 2041/2111/2041 
f 531/531/531 1760/1803/1760 2702/2889/2701 
f 1001/1001/1001 531/531/531 2702/2889/2701 
f 2557/2718/2556 2941/3206/2940 2558/2719/2557 
f 2941/3206/2940 1688/1723/1688 2558/2719/2557 
f 1972/2620/1972 718/718/718 944/944/944 
f 718/718/718 717/717/717 944/944/944 
f 2951/3223/2950 1479/1500/1479 550/550/550 
f 550/550/550 549/549/549 2951/3223/2950 
f 508/508/508 724/724/724 506/506/506 
f 724/724/724 2949/3221/2948 506/506/506 
f 2484/3310/2483 89/2631/89 2034/2104/2034 
f 2036/2106/2036 2484/3310/2483 2034/2104/2034 
f 903/903/903 3005/3320/3004 2860/3097/2859 
f 1857/1911/1857 2860/3097/2859 3005/3320/3004 
f 2734/2929/2733 1563/1588/1563 1311/1323/1311 
f 1308/1320/1308 2734/2929/2733 1311/1323/1311 
f 2286/2393/2286 2425/2557/2425 2287/2394/2287 
f 2287/2394/2287 2425/2557/2425 1547/1572/1547 
f 3003/3316/3002 1708/1746/1708 2703/2890/2702 
f 3003/3316/3002 2268/2371/2268 1708/1746/1708 
f 2938/3354/2937 1828/3339/1828 1825/1873/1825 
f 2938/3202/2937 1482/1503/1482 1828/1876/1828 
f 2735/2930/2734 989/989/989 422/422/422 
f 2734/2929/2733 989/989/989 2735/2930/2734 
f 1594/1619/1594 1774/1819/1774 1592/1617/1592 
f 1774/1819/1774 1594/1619/1594 2768/2968/2767 
f 3002/3312/3001 1568/2783/1568 2613/2784/2612 
f 1894/2786/1894 1568/2783/1568 3002/3312/3001 
f 2951/3223/2950 549/549/549 2950/3222/2949 
f 2950/3222/2949 549/549/549 2219/2312/2219 
f 902/902/902 2511/2662/2510 390/390/390 
f 390/390/390 2511/2662/2510 187/187/187 
f 2707/2894/2706 452/452/452 2340/2459/2340 
f 452/452/452 2339/2455/2339 2340/2459/2340 
f 3022/3371/3021 2864/3102/2863 994/1342/994 
f 1328/1341/1328 2864/3102/2863 3022/3371/3021 
f 311/311/311 138/138/138 140/140/140 
f 3011/3340/3010 138/138/138 311/311/311 
f 2928/3186/2927 1680/1715/1680 1678/1713/1678 
f 2928/3186/2927 1678/1713/1678 2646/2820/2645 
f 1829/1877/1829 91/91/91 2522/2674/2521 
f 1829/1877/1829 2522/2674/2521 893/893/893 
f 1500/1523/1500 2323/2436/2323 117/117/117 
f 1500/1523/1500 2321/2434/2321 2323/2436/2323 
f 2174/2263/2174 2932/3191/2931 2138/2225/2138 
f 2174/2263/2174 232/232/232 2932/3191/2931 
f 2721/2908/2720 1605/1631/1605 2139/2909/2139 
f 1603/1628/1603 1605/1631/1605 2721/2908/2720 
f 1164/1167/1164 2937/3200/2936 3012/3341/3011 
f 1164/1167/1164 3012/3341/3011 1556/1581/1556 
f 201/201/201 1646/1675/1646 1416/1677/1416 
f 1646/1675/1646 201/201/201 2454/2592/2453 
f 1276/1283/1276 2078/3326/2078 2077/2697/2077 
f 2541/2696/2540 1276/1283/1276 2077/2697/2077 
f 2461/2601/2460 2704/2891/2703 3024/3383/3023 
f 2704/2891/2703 728/728/728 3024/3383/3023 
f 1438/1458/1438 1437/1457/1437 1440/1460/1440 
f 1439/1459/1439 1438/1458/1438 1440/1460/1440 
f 1277/1284/1277 2718/2905/2717 2755/2950/2754 
f 2755/2950/2754 2718/2905/2717 713/713/713 
f 1512/1536/1512 1511/1535/1511 1168/1171/1168 
f 2233/2329/2233 1168/3376/1168 1511/2975/1511 
f 333/333/333 174/174/174 2163/2251/2163 
f 573/573/573 2163/2251/2163 174/174/174 
f 2743/3451/2742 2569/3224/2568 2742/2937/2741 
f 1876/2484/1876 2743/3451/2742 2742/2937/2741 
f 1501/1524/1501 601/601/601 600/600/600 
f 601/601/601 1501/1524/1501 2229/2325/2229 
f 1732/1774/1732 2281/2387/2281 1354/2386/1354 
f 1732/2911/1732 1354/1371/1354 2722/2910/2721 
f 2256/2359/2256 1357/1374/1357 1359/1376/1359 
f 1357/1374/1357 2256/2359/2256 268/268/268 
f 2803/3012/2802 2984/3283/2983 2725/3443/2724 
f 2889/3396/2888 2725/3443/2724 2984/3283/2983 
f 2502/2651/2501 2501/2650/2500 461/3323/461 
f 461/3323/461 2939/3203/2938 2502/2651/2501 
f 2891/3140/2890 605/605/605 1365/1382/1365 
f 605/605/605 1446/1466/1446 1365/1382/1365 
f 1743/1785/1743 360/360/360 1181/1186/1181 
f 1181/1186/1181 360/360/360 2314/2426/2314 
f 1175/1180/1175 2794/3002/2793 2795/3003/2794 
f 2794/3002/2793 2793/3001/2792 2795/3003/2794 
f 662/662/662 661/661/661 386/386/386 
f 386/386/386 661/661/661 970/970/970 
f 1943/2004/1943 682/682/682 1609/1635/1609 
f 2818/3037/2817 682/682/682 1943/2004/1943 
f 278/278/278 277/277/277 900/900/900 
f 1457/1477/1457 900/900/900 277/277/277 
f 2073/2143/2073 3010/3335/3009 2164/2252/2164 
f 2164/2252/2164 3010/3335/3009 2679/2860/2678 
# 0 polygons - 6032 triangles

